produk_situs,brand_key,nomor_tercetak,op_prd,status
JAGOQUAT 288 SL*,jagoquat-288-sl-pt-centa-brasindo-abadi-chemical-industry,01030120227542,op:prd:00006190,brosur-siap-tinggal-dipotong
SETTING 120/6 SL,setting-120-6-sl-pt-centa-brasindo-abadi-chemical-industry,01030120093370,op:prd:00006427,brosur-siap-tinggal-dipotong
GRIMASON NEO 205 SL*,grimason-neo-205-sl-pt-centa-brasindo-abadi-chemical-industry,01030120227308,op:prd:00006613,brosur-siap-tinggal-dipotong
NEO PILARQUAT 137 SL*,neo-pilarquat-137-sl-pt-centa-brasindo-abadi-chemical-industry,01030120227335,op:prd:00004378,brosur-siap-tinggal-dipotong
BORNEO UP 500 SL,borneo-up-500-sl-pt-centa-brasindo-abadi-chemical-industry,01030120155133,op:prd:00005610,dipanen
PERINTIS 225/5.1 SL,perintis-225-5-1-sl-pt-centa-brasindo-abadi-chemical-industry,01030120093476,op:prd:00004712,brosur-siap-tinggal-dipotong
DROPPING 120/1 SL,dropping-120-1-sl-pt-centa-brasindo-abadi-chemical-industry,01030120103732,op:prd:00003595,brosur-siap-tinggal-dipotong
PRIMAX 480/1 SL,primax-480-1-sl-pt-centa-brasindo-abadi-chemical-industry,01030120072791,op:prd:00008331,brosur-siap-tinggal-dipotong
CENTALLY PLUS 40 WG,centally-plus-40-wg-pt-centa-brasindo-abadi-chemical-industry,01030120083178,op:prd:00002706,dipanen
PILLY 25 WP,pilly-25-wp-pt-centa-brasindo-abadi-chemical-industry,01030120114146,op:prd:00003453,brosur-siap-tinggal-dipotong
CENTAQUAT 145 SL*,centaquat-145-sl-pt-centa-brasindo-abadi-chemical-industry,01030120217123,op:prd:00008391,brosur-siap-tinggal-dipotong
PILARQUAT 135/2 SL*,pilarquat-135-2-sl-pt-centa-brasindo-abadi-chemical-industry,01030120093477,op:prd:00003484,brosur-siap-tinggal-dipotong
PRIMA UP 480 SL,prima-up-480-sl-pt-centa-brasindo-abadi-chemical-industry,01030120031779,op:prd:00003455,brosur-siap-tinggal-dipotong
RONDA PLUS 360/5 SL,ronda-plus-360-5-sl-pt-centa-brasindo-abadi-chemical-industry,01030120083223,op:prd:00002111,brosur-siap-tinggal-dipotong
PRIMAXONE ULTRA 300 SL*,primaxone-ultra-300-sl-pt-centa-brasindo-abadi-chemical-industry,01030120124501,op:prd:00004424,brosur-siap-tinggal-dipotong
PRIMAXONE 276 SL*,primaxone-276-sl-pt-centa-brasindo-abadi-chemical-industry,01030120062185,op:prd:00002455,brosur-siap-tinggal-dipotong
PILAR UP 480 SL,pilar-up-480-sl-pt-centa-brasindo-abadi-chemical-industry,01030120042122,op:prd:00003097,brosur-siap-tinggal-dipotong
CENTOP 540 SL,centop-540-sl-pt-centa-brasindo-abadi-chemical-industry,01030120113954,op:prd:00002476,brosur-siap-tinggal-dipotong
CBA-6 865 SL,cba-6-865-sl-pt-centa-brasindo-abadi-chemical-industry,01030120083177,op:prd:00006923,dipanen
CENTARON 80 WP,centaron-80-wp-pt-centa-brasindo-abadi-chemical-industry,01030120103718,op:prd:00005090,brosur-siap-tinggal-dipotong
PENGLARIS 240/1 SL,penglaris-240-1-sl-pt-centa-brasindo-abadi-chemical-industry,01030120093360,op:prd:00006170,brosur-siap-tinggal-dipotong
CENTALON 480 EC,centalon-480-ec-pt-centa-brasindo-abadi-chemical-industry,01030120103716,op:prd:00004441,dipanen
PRIMASTAR 300/100 SL,primastar-300-100-sl-pt-centa-brasindo-abadi-chemical-industry,01030120083285,op:prd:00008228,brosur-siap-tinggal-dipotong
"NEW RONDAPLUS 370/5,5 SL",new-rondaplus-370-5-5-sl-pt-centa-brasindo-abadi-chemical-industry,01030120093570,op:prd:00003452,brosur-siap-tinggal-dipotong
METAPRIMA 20 WG,metaprima-20-wg-pt-centa-brasindo-abadi-chemical-industry,01030120031897,op:prd:00003841,brosur-siap-tinggal-dipotong
LALANG UP 486/1 SL,lalang-up-486-1-sl-pt-centa-brasindo-abadi-chemical-industry,01030120144911,op:prd:00005594,brosur-siap-tinggal-dipotong
GRIMASON PLUS 200/5 SL*,grimason-plus-200-5-sl-pt-centa-brasindo-abadi-chemical-industry,01030120186187,op:prd:00004121,brosur-siap-tinggal-dipotong
FOST UP 486 SL,fost-up-486-sl-pt-centa-brasindo-abadi-chemical-industry,01030120113951,op:prd:00002856,brosur-siap-tinggal-dipotong
CENTAXONE 135 SL*,centaxone-135-sl-pt-centa-brasindo-abadi-chemical-industry,01030120186107,op:prd:00001890,brosur-siap-tinggal-dipotong
CENTATRIN 500 SC,centatrin-500-sc-pt-centa-brasindo-abadi-chemical-industry,01030120103717,op:prd:00003956,brosur-siap-tinggal-dipotong
CENTARIS 245 SL,centaris-245-sl-pt-centa-brasindo-abadi-chemical-industry,01030120124350,op:prd:00005786,brosur-siap-tinggal-dipotong
CENTAMINE 870 SL,centamine-870-sl-pt-centa-brasindo-abadi-chemical-industry,01030120113952,op:prd:00004428,brosur-siap-tinggal-dipotong
RUNSTAR 300 EC,runstar-300-ec-pt-centa-brasindo-abadi-chemical-industry,01030120175790,op:prd:00007567,brosur-siap-tinggal-dipotong
GOLMATOP 240 EC,golmatop-240-ec-pt-centa-brasindo-abadi-chemical-industry,01030120206627,op:prd:00007347,brosur-siap-tinggal-dipotong
GALATOP 620 SL,galatop-620-sl-pt-centa-brasindo-abadi-chemical-industry,01030120124225,op:prd:00005741,brosur-siap-tinggal-dipotong
PATANIQUAT 140 SL*,pataniquat-140-sl-pt-centa-brasindo-abadi-chemical-industry,01030120206851,op:prd:00008177,brosur-siap-tinggal-dipotong
CENTACIS 25 EC,centacis-25-ec-pt-centa-brasindo-abadi-chemical-industry,01010120206823,op:prd:00002743,dipanen
DIMETOP 525 SL,dimetop-525-sl-pt-centa-brasindo-abadi-chemical-industry,01010120175747,op:prd:00005867,brosur-siap-tinggal-dipotong
CENTADINE 450 SL,centadine-450-sl-pt-centa-brasindo-abadi-chemical-industry,01010120072726,op:prd:00004070,dipanen
BOSMEX 25 EC,bosmex-25-ec-pt-centa-brasindo-abadi-chemical-industry,01010120145045,op:prd:00008190,dipanen
MAXDINE 480 SL,maxdine-480-sl-pt-centa-brasindo-abadi-chemical-industry,01010120103854,op:prd:00004740,brosur-siap-tinggal-dipotong
ONGATAN 60 WP,ongatan-60-wp-pt-centa-brasindo-abadi-chemical-industry,01050120165606,op:prd:00003143,brosur-siap-tinggal-dipotong
BRASITOX 6 GR,brasitox-6-gr-pt-centa-brasindo-abadi-chemical-industry,01050120206907,op:prd:00007857,dipanen
KURATERBANG 3.3 GR,kuraterbang-3-3-gr-pt-centa-brasindo-abadi-chemical-industry,01010120124475,op:prd:00006270,brosur-siap-tinggal-dipotong
CENTATIN 200 EC,centatin-200-ec-pt-centa-brasindo-abadi-chemical-industry,01010120072727,op:prd:00001013,brosur-siap-tinggal-dipotong
PRIMATIN 50 EC,primatin-50-ec-pt-centa-brasindo-abadi-chemical-industry,01010120093478,op:prd:00001693,brosur-siap-tinggal-dipotong
BENATRIN 325 EC,benatrin-325-ec-pt-centa-brasindo-abadi-chemical-industry,01010120175734,op:prd:00006620,dipanen
GREAT 40 SP,great-40-sp-pt-centa-brasindo-abadi-chemical-industry,01010120155357,op:prd:00003792,brosur-siap-tinggal-dipotong
CENTAMEC 36 EC,centamec-36-ec-pt-centa-brasindo-abadi-chemical-industry,01010120134851,op:prd:00004931,brosur-siap-tinggal-dipotong
CENTAFAT 80 SP,centafat-80-sp-pt-centa-brasindo-abadi-chemical-industry,01010120196514,op:prd:00002676,dipanen
CENTADOR 10 WP,centador-10-wp-pt-centa-brasindo-abadi-chemical-industry,01010120083031,op:prd:00004279,dipanen
BETADOR 10 WP,betador-10-wp-pt-centa-brasindo-abadi-chemical-industry,01010120083018,op:prd:00003286,dipanen
LAMBADA 18 EC,lambada-18-ec-pt-centa-brasindo-abadi-chemical-industry,01010120175754,,nomor menunjuk HIPOMEC 63 WP milik PT. CENTA BRASINDO ABADI CHEMICAL INDUSTRY — perlu dilihat mata
CENTAMIL 25 WP,centamil-25-wp-pt-centa-brasindo-abadi-chemical-industry,01010120186079,,nomor menunjuk SANGKUR 50 EC milik PT. MAJU MAKMUR UTOMO — perlu dilihat mata
PROMIDA 55 WP,promida-55-wp-pt-centa-brasindo-abadi-chemical-industry,0101020175918,,nomor tidak ada di registri — OCR kemungkinan hilang satu digit
ACEDO 75 SP,acedo-75-sp-pt-centa-brasindo-abadi-chemical-industry,0101012015520,,nomor tidak ada di registri — OCR kemungkinan hilang satu digit
