TOM-01-plantvillage,PlantVillage Dataset,tomat; kentang; cabai besar (paprika); + 11 tanaman lain (14 total),"Tomat 10 kelas: Bacterial spot, Early blight, Late blight, Leaf Mold, Septoria leaf spot, Spider mites, Target Spot, Yellow Leaf Curl Virus, Mosaic virus, healthy. Kentang 3 kelas: Early blight, Late blight, healthy. Paprika 2 kelas. Total 38 kelas",gambar,JPG dalam ZIP (arsip repo GitHub); varian color/grayscale/segmented,"54303 gambar per varian (color & grayscale), 54306 segmented; 38 kelas; tomat 18159, kentang 2152",GitHub - spMohanty/PlantVillage-Dataset (EPFL/Penn State),https://github.com/spMohanty/PlantVillage-Dataset,CC BY-SA 3.0,2016,2026-08-25,datasets/additional/TOM-01-plantvillage,2504302720,858df90a05ab147fa2b0a32c47053128c4ca772326c43e962856e69290012374,diunduh,terverifikasi,"Daun tunggal dipetik, latar seragam, studio - model yang dilatih di sini jatuh pada foto lapangan. Lisensi CC BY-SA 3.0 hanya dinyatakan di cermin Hugging Face resmi; repo GitHub tanpa LICENSE. Kebocoran identitas daun: pakai leaf_grouping/. 19298 gambar turunan di data_distribution_for_SVM harus dikecualikan. Tidak ada layu bakteri/fusarium (penyakit pembuluh, tak terlihat di daun petik). Varian augmented 87.000 gambar di Mendeley sengaja tidak diambil."
TOM-02-tomato-village-lapangan,Tomato-Village: a dataset for end-to-end tomato disease detection in a real-world environment,tomat,"Early_blight, Late_blight, Leaf Miner, Spotted Wilt Virus, Magnesium Deficiency, Nitrogen Deficiency, Pottassium Deficiency, Healthy (8 kelas)",gambar,JPG dalam folder train/val/test + CSV multilabel,Variant-a 4526 gambar; Variant-b 5656 gambar + 5653 baris CSV; total 10184 berkas,GitHub - mamta-joshi-gehlot/Tomato-Village,https://github.com/mamta-joshi-gehlot/Tomato-Village,tidak dinyatakan,2023,2026-08-25,datasets/priority/tomat/TOM-02-tomato-village-lapangan,1.3 GiB,lihat-SHA256SUMS,diunduh,terverifikasi,"FOTO LAPANGAN (Jodhpur & Jaipur, Rajasthan, India, Maret 2022). Variant-b punya 1128 gambar bergejala majemuk (2-3 label sekaligus) - langka. Variant-c (deteksi objek, 14368 gambar, 2596 MB) TIDAK diambil karena a+b+c ~3,9 GB melampaui batas 3 GB; ini rekomendasi unduhan lanjutan nomor satu. Lisensi tidak dinyatakan -> penerbitan ulang berisiko. Variant-b sudah bercampur augmentasi tanpa penanda."
TOM-03-taiwan-daun-tomat,Dataset of Tomato Leaves (Taiwan Tomato Leaves Dataset),tomat,"Bacterial spot, Black mold, Gray spot, Late blight, powdery mildew, health (6 kelas)",gambar,JPG dalam arsip 7-Zip,"diklaim 622 asli, terhitung 622 asli + 4976 augmentasi = 5598 berkas gambar",Mendeley Data,https://data.mendeley.com/datasets/ngdgg79rzb/1,CC BY 4.0,2020,2026-08-25,datasets/priority/tomat/TOM-03-taiwan-daun-tomat,48008752,f623d13a7f0388dada08ca5b5f22716557defce3832f50ff6af7153e0eab676d,diunduh,terverifikasi,"DOI 10.17632/ngdgg79rzb.1. SHA-256 cocok dengan hash yang dipublikasikan Mendeley. Augmentasi tercampur dalam arsip yang sama - pakai hanya folder ""Preprocessed data"" untuk evaluasi. Taiwan subtropis, bukan Indonesia. Sangat kecil (kelas terkecil 14 gambar test)."
TOM-04-tomat-9-kelas-zenodo,A dataset for tomato disease detection,tomat,"9 kelas menurut deskripsi sumber: Early Blight, Healthy, Late Blight, Leaf Miner, Leaf Mold, Mosaic Virus, Septoria, Spider Mites, Yellow Leaf Curl Virus (di berkas hanya id 0-8)",gambar,"JPG + label YOLO (.txt) dalam ZIP, split train/valid/test",2212 gambar + 2212 berkas label; 6581 baris anotasi,Zenodo,https://zenodo.org/records/15868289,CC BY 4.0,2025,2026-08-25,datasets/priority/tomat/TOM-04-tomat-9-kelas-zenodo,544524808,c99e2ee29f5663e5325ebad4698cdefc19fc01b0879a52e3688fba3723585ba9,diunduh,terverifikasi,"DOI 10.5281/zenodo.15868288. Jumlah 2212 cocok dengan klaim sumber. TIDAK ADA data.yaml/classes.txt -> pemetaan id kelas 0-8 ke nama hanya dugaan dari urutan alfabetis di deskripsi Zenodo. Ekspor Roboflow, provenans gambar per-berkas tidak jelas. Sangat timpang (id 8 = 1213 anotasi vs id 2 = 473)."
TOM-05-pakistan-lapangan,Tomato Leaf Disease Classification Dataset in Pakistan,tomat,"Early blight, Late blight, Septoria leaf spot, Leaf mold, Yellow leaf curl virus, Healthy (6 kelas)",gambar,"JPG dalam ZIP; subset ""Dataset (raw)"" + ""Augmented Dataset"" (train/val/test)","diklaim 7200, terhitung 8030 = 830 asli + 7200 augmentasi",Mendeley Data,https://data.mendeley.com/datasets/3mbnb82mxd/2,CC BY 4.0,2026,2026-08-25,datasets/priority/tomat/TOM-05-pakistan-lapangan,726457628,2a2b36a8f972337f6d0e95e436835e55ffee5291fa07277157b40f0441f42f50,diunduh,sebagian,"DOI 10.17632/3mbnb82mxd.2. SHA-256 cocok dengan hash Mendeley. SEBAGIAN karena angka 7200 di deskripsi sumber adalah set AUGMENTASI; foto asli hanya 830. FOTO LAPANGAN kamera ponsel cahaya alami tanpa latar terkontrol. Augmentasi sudah dipisah train/val/test oleh pembuat dan tidak bisa ditelusuri ke foto induk -> risiko kebocoran; pakai ""Dataset (raw)"" dan buat split sendiri."
TOM-06-daun-buah-lapangan-bd,Tomato Leaf and Fruit Disease Image Dataset,tomat,"Healthy Leaf, Healthy Fruits, Early Blight Leaf, Late Blight Leaf, Leaf Curl Leaf, Bushy Stunt Leaf, Target Spot Fruits (7 kelas, 2 di antaranya BUAH)",gambar,PNG 512x512 dalam ZIP + README PDF + CSV daftar medan,"diklaim 3500, terhitung 3500 (7 kelas x 500)",Mendeley Data,https://data.mendeley.com/datasets/9jxvtgh325/1,CC BY 4.0,2026,2026-08-25,datasets/priority/tomat/TOM-06-daun-buah-lapangan-bd,842275669,lihat-SHA256SUMS,diunduh,terverifikasi,"DOI 10.17632/9jxvtgh325.1. Ketiga SHA-256 cocok dengan hash Mendeley. Satu-satunya dataset tomat di koleksi ini yang punya kelas PENYAKIT BUAH + Tomato bushy stunt virus. Berkas bernama ""Original Dataset.zip"" tapi isinya folder ""Resize Dataset"" 512x512; EXIF & nama asli hilang. Manifes yang menandai gambar augmentasi TIDAK disertakan. Seimbang persis 500/kelas -> hampir pasti sudah di-resample. Augmented Dataset.zip 7261 MB tidak diambil."
TOM-07-tfdd-buah-tomat,TFDD: A High-Quality Image Dataset for Accurate Tomato Fruit Disease Detection and Classification,tomat,"Anthracnose (antraknosa buah), Blossom_end_rot (busuk ujung buah), Cracking, Early_Blight, Fruitworm, Healthy, Late_Blight, Mold (8 kelas, semuanya pada BUAH)",gambar,"Raw Data.zip (JPG asli per folder kelas) + TFDD.zip (JPG + label YOLO + data.yaml + summary.csv, split train/valid/test) + CSV metadata","diklaim 288 gambar asli, terhitung 288 di Raw Data.zip; TFDD.zip 682 gambar beraugmentasi + 682 label + 825 kotak",Mendeley Data,https://data.mendeley.com/datasets/ktfnhjspjn/3,CC BY 4.0,2025,2026-08-25,datasets/priority/tomat/TOM-07-tfdd-buah-tomat,421090067,lihat-SHA256SUMS,diunduh,terverifikasi,"DOI 10.17632/ktfnhjspjn.3. Ketiga SHA-256 cocok dengan hash yang dipublikasikan Mendeley. SATU-SATUNYA dataset di panen tomat ini yang memuat ANTRAKNOSA BUAH dan BUSUK UJUNG BUAH (blossom end rot) - keduanya ada di daftar cakupan tapi tidak ada di PlantVillage, Tomato-Village, Pakistan, maupun Taiwan. data.yaml lengkap sehingga pemetaan id kelas 0-7 ke nama TERSEDIA (beda dari TOM-04 dan TOM-11). Sangat kecil: kelas terkecil Early_Blight hanya 20 gambar asli. Split test cuma 29 gambar untuk 8 kelas -> angka akurasi test nyaris tanpa makna. TFDD.zip sudah bercampur augmentasi dalam split bawaan; pakai Raw Data.zip (288 asli, tanpa anotasi) dan buat split sendiri. Ejaan kelas beda antar arsip: folder ""Blossom end root"" vs data.yaml ""Blossom_end_rot"". Cracking (gangguan fisiologis) dan Fruitworm (hama) bukan penyakit."
TOM-08-tabular-penyakit-tomat,A Comprehensive Dataset of Tomato Plant Diseases for National Predictive Analytics and Crop Health Management,tomat,"Early Blight, Late Blight, Leaf Miner, leaf mold, Mosaic Virus, Septoria, Spider Mites, Target Spot, Yellow Leaf Curl Virus (9)",teks (tabular),"CSV 3 kolom: Disease, Features, Description",54 record (46 berisi + 8 kosong),Mendeley Data,https://data.mendeley.com/datasets/ztncd79yhk/1,CC BY 4.0,2025,2026-08-25,datasets/priority/tomat/TOM-08-tabular-penyakit-tomat,27976,b0e61d805c56ef9c00b4739820137f6c696b38442eda247fce9be9fe4af0d181,diunduh,terverifikasi,"DOI 10.17632/ztncd79yhk.1 (cermin IEEE DataPort 10.21227/7p2x-sy36). SHA-256 cocok dengan hash Mendeley. BASIS PENGETAHUAN terbaik dari seluruh panen tomat: tiap penyakit punya symptoms, favourable_condition, pesticides, physical_biological, preventive_measures. 8 baris kosong harus dibuang. Nama medan tidak konsisten. Kolom pesticides berbasis India - WAJIB diperiksa ulang terhadap registri pestisida Indonesia. Spider Mites & Leaf Miner adalah hama, bukan penyakit."
TOM-09-agroguard-kentang-tomat,Pota-Toma-To leaf disease images dataset (AgroGuard 2.0),tomat; kentang,"Tomato_Early_Blight, Tomato_Healthy, Tomato_Late_Blight, Potato_Late_Blight (4 kelas)",gambar,JPEG dalam ZIP; Raw_Dataset + Advanced_Processed_Dataset,"diklaim 435, terhitung 435 unik x 2 salinan = 870 berkas",Mendeley Data,https://data.mendeley.com/datasets/354fsxwccb/1,CC BY 4.0,2026,2026-08-25,datasets/priority/tomat/TOM-09-agroguard-kentang-tomat,68318675,b029b6e8e9ffc1c31125401ddb0ae90afba1feb402f0e687466ef709e0b56090,diunduh,terverifikasi,"DOI 10.17632/354fsxwccb.1. SHA-256 cocok dengan hash Mendeley. PROVENANS BERMASALAH: nama folder memuat harfiah ""- Google Search"" dan berkasnya berpola ""imgi_{number} (N).jpeg"" -> hasil scraping Google Images. Klaim CC BY 4.0 penyetor tidak menutupi hak cipta pemilik asli - JANGAN diterbitkan ulang. Label = kata kunci pencarian, tidak diverifikasi ahli. Advanced_Processed adalah turunan Raw (DWT/HSV/resize 224) - pakai salah satu saja."
TOM-10-cuaca-tanah-tabular,Soil-Weather Multivariate Crop Disease Dataset,tomat; kentang; padi; jagung; tebu; gandum (6 tanaman),"Tomat 6: Bacterial Wilt 802, Early Blight 1857, Fruit Borer Infestation 13279, Healthy 1648, Late Blight 1359, Leaf Curl Virus 1775. Kentang 6 termasuk Bacterial Wilt 2227. Total 40 pasangan tanaman x penyakit + Disease_Severity 1-3",tabular,CSV 23 kolom,"250000 baris data (0 duplikat), tomat 20720 baris",Zenodo,https://zenodo.org/records/19885786,CC BY 4.0,2026,2026-08-25,datasets/additional/TOM-10-cuaca-tanah-tabular,70508685,8efdfba2b62a53ca0d63d48ace59fe06cc1d15f7e801f51cc6aad6ef90c7eeb1,diunduh,terverifikasi,"DOI 10.5281/zenodo.19885785. Klaim ""250.000 real observations"" TIDAK didukung datanya: setiap kolom numerik berhenti di batas bulat buatan (N 5,006-149,999; pH 4,5-8,5; Rainfall 20,019-399,975) - ciri penarikan acak seragam. High_Temp_Warning konstan 1 untuk 250.000 baris. High_Wind_Warning rusak: 66572 nilai pecahan, bukan bendera 0/1. Satuan campur (Celsius vs Fahrenheit). TIDAK ADA kolom waktu/lokasi -> tidak bisa dipakai untuk epidemiologi sungguhan. Layak sebagai contoh skema saja."
TOM-11-kebun-bangladesh,Tomato Leaf Dataset: A dataset for multiclass disease detection and classification,tomat,"7 kelas menurut makalah: Early Blight, Black Spot, Late Blight, Leaf Mold, Bacterial Spot, Target Spot, Healthy (di berkas hanya id 0-6)",gambar,"JPG + label YOLO (.txt), berkas lepas (bukan arsip)","diklaim 1621 (makalah), terhitung 1420 gambar + 689 label = 2109 berkas",Mendeley Data,https://data.mendeley.com/datasets/bpfd9cns5g/2,CC BY 4.0,2025,2026-08-25,datasets/priority/tomat/TOM-11-kebun-bangladesh,48539589,lihat-SHA256SUMS,diunduh,sebagian,"DOI 10.17632/bpfd9cns5g.2, makalah doi 10.1016/j.dib.2025.111520. SEBAGIAN: 1420 gambar vs 1621 yang dirinci makalah (selisih 201). SHA-256 SETIAP berkas (2109/2109) cocok dengan hash Mendeley. FOTO LAPANGAN Dinajpur/Thakurgaon/Kushtia Bangladesh, kamera Canon EOS M50. 731 dari 1420 gambar (51%) TANPA label. Tidak ada data.yaml. Struktur 7 folder asli tidak diekspos public API - diselamatkan di manifes-folder.csv."
TOM-12-phytoscope-lapangan,PhytoScope: A Public Benchmark Dataset for Multi-Crop Disease Detection and Localization,tomat; cabai; kentang; terung; + 21 tanaman lain (25 total),"Tomat 4 kelas: Tomato Bacterial spot, Tomato Fresh leaf, Tomato leaf curl virus, Tomato spotted wilt. Cabai 5 kelas, kentang 3 kelas, terung 3 kelas. Total 105 kelas",gambar,"JPG + label YOLO + 25 data.yaml dalam ZIP, split train/valid/test","20723 gambar, 20773 berkas label, 105 kelas, 25 tanaman; bagian tomat 801 gambar",Zenodo,https://zenodo.org/records/21383493,CC BY 4.0,2026,2026-08-25,datasets/additional/TOM-12-phytoscope-lapangan,1149897055,bd76757640538b0d889bcbb8ee5834e0d8e0082e47372438d15ae4178c308d3c,diunduh,terverifikasi,"DOI 10.5281/zenodo.21383492. Klaim >20.000 gambar / 25 tanaman / 105 kelas COCOK. Agregasi proyek Roboflow Universe (25 blok roboflow: semuanya menyatakan CC BY 4.0), bukan koleksi primer -> konsistensi label antar tanaman tidak dijamin. Berkas berawalan ""aug"" menunjukkan augmentasi sudah tercampur ke dalam split -> saring dulu sebelum evaluasi. Bagian tomat kecil (801 gambar, 4 kelas) tapi memuat Tomato spotted wilt yang langka + kotak pembatas lapangan."
TOM-13-zenodo-tomat-7z,Tomato Disease Dataset (Appe),tomat (diasumsikan dari judul),"TIDAK ADA - arsip tanpa label, tanpa subdirektori kelas, tanpa berkas anotasi",gambar,"JPG/PNG dalam arsip 7-Zip, satu folder datar",2388 berkas gambar tanpa label,Zenodo,https://zenodo.org/records/11102494,CC BY 4.0,2024,2026-08-25,datasets/priority/tomat/TOM-13-zenodo-tomat-7z,29389180,1d535e4602e61f21cb38dc13c69dc1bf37755b61a90fce56c540bba8c7a24a11,diunduh,terverifikasi,"DOI 10.5281/zenodo.11102494. TEMUAN NEGATIF: judul dan lisensi terbuka di repositori bereputasi tidak menjamin ada label. Rekaman Zenodo tanpa deskripsi sama sekali. Struktur datar train/ tanpa subfolder kelas, 0 berkas .txt/.csv/.json/.yaml. Ada 2 berkas *_thumb.png. Hanya berguna sebagai citra tak berlabel."
TOM-14-tomat-spanyol-tabular,Evaluation of tomato (Solanum lycopersicum) genetic resources in Spain (2023-2024),tomat,"Kolom 06_PHD (teks bebas): Red spider mite (1-4), Tuta absoluta, Mosaic symptoms in flower bud, Leaf curling, Blossom-related symptoms, Wilted, fungus, None detected. Plus skala 1-5: 24_DR_SL Disease resistance, 27_BER_SL Blossom end rot resistance, 29_FDR_SL Foliar disease resistance",tabular,"4 berkas XLSX, 4 lembar masing-masing (metadata, traits, raw Data, SeedLinked)","122 baris data (32+42+32+16), 18 kolom sifat + 11 sifat SeedLinked","Zenodo (Horizon Europe LiveSeeding, UPV)",https://zenodo.org/records/22024765,CC BY-NC-SA 4.0,2026,2026-08-25,datasets/priority/tomat/TOM-14-tomat-spanyol-tabular,262358,lihat-SHA256SUMS,diunduh,terverifikasi,"DOI 10.5281/zenodo.22024764. LISENSI PALING KETAT di koleksi ini: non-komersial + berbagi-serupa; jangan dicampur ke basis data CC BY tanpa dipisahkan. Sangat kecil (122 baris). Kolom penyakit teks bebas tanpa kode terkendali. Dua uji lapang 2024 nyaris tanpa catatan penyakit. Valencia/Mediterania, bukan Indonesia. Lembar metadata memuat nama & kontak orang (data pribadi). Nilainya sebagai CONTOH SKEMA pengamatan lapangan yang rapi, termasuk sifat ketahanan busuk ujung buah."
TOM-15-layu-bakteri-dryad,Data from: Bacteria-phage coevolution drives variation in bacterial wilt disease incidence via resistance-virulence trade-offs,tomat,Layu bakteri (Ralstonia pseudosolanacearum) - insidensi penyakit di 4 lahan tomat yang terpisah secara geografis,tabular,README.md + Source_data-0410.xlsx,"2 berkas, 4.745.516 byte",Dryad,https://datadryad.org/dataset/doi:10.5061/dryad.3j9kd520g,CC0 1.0,2026,2026-08-25,,4745516,,gagal,belum,"DOI 10.5061/dryad.3j9kd520g. GAGAL: jalur API RESMI Dryad pun menolak tanpa akun. Diuji dua endpoint terdokumentasi: /api/v2/datasets/doi%3A10.5061%2Fdryad.3j9kd520g/download dan /api/v2/files/4736943/download - keduanya membalas HTTP 401 dengan badan {""error"":""Unauthorized, must have current bearer token""}, baik dengan maupun tanpa override User-Agent. Jalur /downloads/file_stream juga 403 dan dilarang robots.txt Dryad. Tidak dicari jalan lain sesuai aturan. CATATAN: API METADATA Dryad tidak butuh token, sehingga daftar berkas terkonfirmasi: README.md 4.855 byte (text/markdown) + Source_data-0410.xlsx 4.740.661 byte. Lisensi CC0 1.0, jadi datanya bebas - yang menghalangi hanya mekanisme unduhnya. Bisa diambil manusia lewat peramban dengan akun Dryad. Satu-satunya data insidensi layu bakteri (Ralstonia pseudosolanacearum) berbasis 4 lahan tomat yang ditemukan."
TOM-16-sichuan-layu-bakteri,Tomato Disease Dataset (Yongbo Liu) - rumah kaca Sichuan,tomat,"Tingkat berkas: layu bakteri (Ralstonia solanacearum) 527 gambar, penyakit virus 417, busuk kelabu/gray mold 82. Tingkat anotasi 10 kelas penyakit x bagian tanaman: Viral_Leaf 1522, Wilt_Leaf 405, Wilt_Middle 345, Wilt_Top 298, Wilt_Base 173, Viral_Top 139, Wilt_Stem 135, GrayMold_Leaf 76, GrayMold_Fruit 52, Virus_Middle 22",gambar,"JPG resolusi penuh 4032x3024 + anotasi PASCAL VOC (XML), satu XML per gambar, berkas lepas (sumber tanpa arsip)","diklaim 1026 gambar, terhitung 1026 gambar + 1026 XML = 2052 berkas; 3167 kotak pembatas",Mendeley Data,https://data.mendeley.com/datasets/c2x8rynybg/1,CC BY 4.0,2025,2026-08-25,datasets/priority/tomat/TOM-16-sichuan-layu-bakteri,2989253828,lihat-SHA256SUMS,diunduh,terverifikasi,"DOI 10.17632/c2x8rynybg.1, makalah Data in Brief doi 10.1016/j.dib.2025.112032. Ukuran 2.989.253.828 byte -> MUAT di batas 3 GB (diperiksa sebelum unduh lewat content_details.size dan curl -sIL). 2.052/2.052 berkas SHA-256-nya cocok dengan hash yang dipublikasikan Mendeley. 0 dari 1.026 XML gagal diurai. MENUTUP CELAH TERBESAR: satu-satunya dataset di panen ini yang memuat LAYU BAKTERI (Ralstonia). Anotasinya memakai BAGIAN TANAMAN sebagai kelas (Wilt_Base/Stem/Middle/Top/Leaf, 1356 kotak) sehingga memetakan gejala layu dari pangkal ke pucuk - geometri yang mustahil direkam dataset daun-petik. Cakupan anotasi 100% (0 gambar telantar), resolusi penuh 12 MP tidak diperkecil, nama berkas menyandi tanggal sesi (0509/0617/0919/1021/1112 tahun 2024) sehingga split bebas kebocoran berbasis sesi mungkin dilakukan. CACAT: Virus_Middle memakai awalan Virus_ sementara Viral_Leaf/Viral_Top memakai Viral_ (salah ketik satu batch). Sangat timpang (Viral_Leaf 1522 vs Virus_Middle 22, selisih 69x). Skema kelas tidak ortogonal: tidak ada Wilt_Fruit maupun GrayMold_Stem. TIDAK ADA KELAS SEHAT sehingga tidak bisa memutuskan ""sakit atau tidak"" sendirian. TIDAK ADA layu fusarium. Rumah kaca taman pertanian modern Sichuan, bukan lahan petani; kultivar tidak disebutkan; label virus tidak menyebut virus apa. Tanpa split train/valid/test. Struktur 6 folder asli tidak diekspos public API - diselamatkan di manifes-folder.csv dan di medan <folder> tiap XML."
TOM-17-olid-bangladesh,OLID I: An Open Leaf Image Dataset of Bangladeshs Major Crops,tomat; terung; timun; + 6 labu-labuan (9 tanaman),"Subset tomat tersedia sebagai 2 berkas terpisah (tomato__part_1, tomato__part_2); daftar kelas ada di class_distribution.xlsx",gambar,ZIP per tanaman (subset resmi terpisah) + XLSX distribusi kelas,"Subset tomat 2894 MB (1393,63 + 1500,71); seluruh dataset ~13 GB",Zenodo,https://zenodo.org/records/8105154,CC BY 4.0,2023,2026-08-25,,2894340000,,ditemukan,belum,"DOI 10.5281/zenodo.8095497. TIDAK DIUNDUH: subset tomat 2,89 GB masih di bawah batas 3 GB per dataset tetapi akan melampaui jatah 8 GB agen. Bangladesh tropis lembap - iklim terdekat ke Indonesia di antara seluruh kandidat gambar. Sumber MENYEDIAKAN subset resmi per tanaman sehingga bisa diunduh terpisah tanpa mengambil 13 GB. Prioritas kedua setelah TOM-16."
TOM-18-agri-foundation-145k,Agri-Foundation-145k: A Unified Large-Scale Dataset for Agricultural Disease Detection,tomat; kentang; + banyak tanaman lain,"215 kelas hasil penyelarasan taksonomi dari 8 sumber terbuka (PlantVillage, PlantDoc, New Plant Diseases, Tomato Leaf, Cassava, Wheat, PlantSeg, PlantWild)",gambar,ZIP tunggal,"144751 gambar, 215 kelas",Zenodo,https://zenodo.org/records/18214758,CC BY 4.0,2026,2026-08-25,,10409590000,,terlalu-besar,belum,"DOI 10.5281/zenodo.18214757. 10.409 MB dalam SATU berkas -> melampaui batas 3 GB per dataset dan tidak ada subset resmi. Isinya agregasi dari dataset yang sebagian sudah dipanen di sini (PlantVillage = TOM-01, PlantDoc = milik agen kentang) sehingga sebagian besar tumpang tindih. Klaim deduplikasi MD5 dan pemeriksaan korupsi belum diverifikasi."
TOM-19-multiclass-patologi-tomat,Multiclass Image Dataset of Tomato Pathologies: Integrating Leaf and Fruit Samples for Interpretable Deep Learning,tomat,Patologi daun dan buah (daftar kelas belum diverifikasi - arsip tidak dibuka),gambar,ZIP tunggal (Tomato.zip),4.423 MB,Mendeley Data,https://data.mendeley.com/datasets/xc94xbg239/1,CC BY 4.0,2026,2026-08-25,,4423480000,,terlalu-besar,belum,"DOI 10.17632/xc94xbg239.1. 4,42 GB dalam satu berkas -> melampaui batas 3 GB, tidak ada subset resmi. Menarik karena menggabungkan daun DAN buah; kandidat kuat kalau batas ukuran dinaikkan."
TOM-20-daun-buah-kembar,Tomato Leaf and Fruit Disease Image Dataset (rekaman kembar swtt5wy2pr),tomat,Belum diverifikasi - judul identik dengan TOM-06,gambar,Raw Dataset.zip 9059 MB + Resize Dataset.zip 840 MB + MetaData CSV + README PDF,~9.900 MB total,Mendeley Data,https://data.mendeley.com/datasets/swtt5wy2pr/1,CC BY 4.0,2026,2026-08-25,,9899880000,,terlalu-besar,belum,"DOI 10.17632/swtt5wy2pr.1. Berjudul PERSIS SAMA dengan TOM-06 (10.17632/9jxvtgh325.1) dan berasal dari kelompok penulis yang bertumpang tindih - kemungkinan terbitan kembar. Raw Dataset.zip 9,06 GB melampaui batas; ""Resize Dataset.zip"" 840 MB adalah subset resmi yang muat, TETAPI kemungkinan besar isinya sama dengan Original Dataset.zip di TOM-06 yang sudah diunduh. TIDAK diunduh untuk mencegah duplikasi - bandingkan checksum lebih dulu bila mau dipakai. Rekaman ini juga menyediakan MetaData CSV yang TIDAK ada di TOM-06."
TOM-21-agri-vision4,"Agri-Vision4: A Comprehensive Multi-Crop Leaf Disease Dataset of Tomato, Papaya, Zucchini, and Bottle Gourd",tomat; pepaya; zukini; labu botol (4 tanaman),Belum diverifikasi - arsip tidak dibuka,gambar,Orginal_Dataset.zip 5144 MB + Update_Aug_Dataset.zip 2318 MB + README.txt,7.462 MB,Mendeley Data,https://data.mendeley.com/datasets/8t6k37ztxc/1,CC BY 4.0,2026,2026-08-25,,7461630000,,terlalu-besar,belum,"DOI 10.17632/8t6k37ztxc.1. Berkas terbesarnya 5,14 GB -> melampaui batas 3 GB per dataset. Update_Aug_Dataset (2,32 GB) muat tapi isinya set augmentasi, bukan data asli, sehingga tidak layak untuk evaluasi jujur."
TOM-22-plantcity-pakistan,PlantCity: A Comprehensive Image Based on Multi Crop Leaves disease in Pakistan,tomat; kentang; + 10 tanaman lain (12 total),Belum diverifikasi keseluruhannya - lihat TOM-23 untuk potongan tomatnya,gambar,train.zip 6127 MB + test.zip 1128 MB + PDF makalah,7.257 MB,Mendeley Data,https://data.mendeley.com/datasets/w8kh2xkspx/4,CC BY 4.0,2026,2026-08-25,,7257300000,,terlalu-besar,belum,"DOI 10.17632/w8kh2xkspx.4, makalah Data in Brief doi 10.1016/j.dib.2025.112130. train.zip 6,13 GB melampaui batas 3 GB. Penerbit yang sama menyediakan potongan khusus tomat di figshare (lihat TOM-23) yang ukurannya muat."
TOM-23-plantcity-tomat-figshare,Tomato Leaf Disease PlantCity 2025 (11 classes),tomat,11 kelas (daftar persisnya belum diverifikasi - arsip tidak dibuka),gambar,Tomato.zip + PDF makalah,1.993 MB,figshare,https://figshare.com/articles/dataset/_b_Tomato_Leaf_Disease_PlantCity_2025_11_classes_b_/33190479,CC BY 4.0,2026,2026-08-25,,1992860000,,ditemukan,belum,"DOI 10.6084/m9.figshare.33190479. Potongan khusus tomat dari PlantCity (TOM-22) dan ukurannya MUAT di batas 3 GB. TIDAK diunduh karena jatah 8 GB agen sudah terpakai dan cakupan tomat dari Pakistan sudah diwakili TOM-05 (dataset lapangan Pakistan, 6 kelas). Layak diambil di sesi lanjutan kalau 11 kelas itu lebih luas daripada 6 kelas TOM-05."
TOM-24-sfldd-solanaceae,Solanaceae Family Leaf Disease Image Dataset (SFLD Dataset),tomat; kentang; terung (3 tanaman),"Tomat 7 kelas: Healthy, Bacterial Canker, Cercospora Leaf Spot, Late Blight, Tomato Leaf Curl Virus, Tomato Mosaic Virus, Tomato Spotted Wilt Virus. Kentang 6 kelas termasuk Bacterial Soft Rot & Potato Leaf Roll Virus. Terung 4 kelas",gambar,(tidak tersedia di repositori),diklaim 2593 gambar asli + 17000 augmentasi,Mendeley Data,https://data.mendeley.com/datasets/sd5m3mgvvx/1,CC BY 4.0,2026,2026-08-25,,938925,,ditemukan,belum,"DOI 10.17632/sd5m3mgvvx.1 (juga terdaftar di OSF 10.17605/osf.io/nwvb3). TIDAK ADA DATANYA DI REPOSITORI: rekaman Mendeley hanya berisi image.png (0,94 MB, pratayang) dan SFLD_Dataset.txt yang isinya sebaris tautan Google Drive. Data sebenarnya dihosting di Google Drive pihak ketiga, di luar repositori berlisensi, tanpa checksum, dan bisa hilang sewaktu-waktu. TOMAT DI SINI MENARIK: Bacterial Canker dan Cercospora Leaf Spot tidak ada di dataset lain mana pun dalam panen ini."
TOM-25-kaggle-tomatoleaf-zenodo,tomato-leaf-diseases-detection (unggah ulang dataset Kaggle),tomat,"10 kelas: Mosaic Virus, Target Spot, Bacterial spot, Yellow Leaf Curl Virus, Late blight, Leaf Mold, Early blight, Spider mites, Septoria leaf spot, healthy",gambar,ZIP,192 MB,Zenodo,https://zenodo.org/records/8311631,CC BY 4.0 (dinyatakan penyetor),2023,2026-08-25,,192140000,,ditemukan,belum,"DOI 10.5281/zenodo.8311631. TIDAK DIUNDUH karena REDUNDAN dan HAK CIPTANYA KERUH. Deskripsi rekamannya sendiri berkata: ""This dataset is collected from https://www.kaggle.com/datasets/kaustubhb999/tomatoleaf ... All copyright goes to this kaggel website link."" Penyetor mengklaim CC BY 4.0 atas karya orang lain. Isinya turunan PlantVillage (10 kelas tomat yang sama) sehingga sudah tercakup TOM-01."
TOM-26-koinfeksi-sintetis,Synthetic Co-Infection Plant Leaf Dataset for Multi-Disease Classification,tomat; kentang; apel; jagung; anggur (5 tanaman),Skenario ko-infeksi sintetis; gambar dasar diambil dari PlantVillage,gambar,"ZIP per tanaman (Tomato1 301,97 MB + Tomato2 248,73 MB + 4 tanaman lain)",~1.467 MB total; bagian tomat 551 MB,Zenodo,https://zenodo.org/records/18097801,CC BY 4.0,2025,2026-08-25,,550700000,,ditemukan,belum,"DOI 10.5281/zenodo.18097800. TIDAK DIUNDUH: gambarnya SINTETIS - dibuat dengan menggabungkan gambar PlantVillage yang sudah dipanen di TOM-01, jadi mewarisi seluruh cacat studio PlantVillage sekaligus menambah artefak penggabungan. Untuk kebutuhan ko-infeksi, TOM-02 Variant-b jauh lebih baik karena gejala majemuknya NYATA dan terfoto di lapangan."
TOM-27-laser-speckle-hawar,Derived data and reproducibility package for remote early detection of tomato late blight by laser speckle sensing,tomat,"Late blight (Phytophthora infestans) - 20 tanaman diinokulasi vs 20 mock, dicitrakan 6/18/24 jam pasca perlakuan",tabular (fitur sensor),tabel fitur + definisi fold + hiperparameter + prediksi,"720 rekaman video speckle dari 40 tanaman, 105 fitur rekayasa per video",Zenodo,https://zenodo.org/records/19857899,CC BY 4.0,2026,2026-08-25,,,,terhalang-akun,belum,"DOI 10.5281/zenodo.19857898. API Zenodo melaporkan access: RESTRICTED - berkasnya tidak terdaftar dan butuh permintaan akses ke pemilik rekaman. Tidak ditembus sesuai aturan. Menarik karena ini DETEKSI PRA-GEJALA (6 jam pasca inokulasi) memakai sensor laser speckle, bukan citra RGB - jalur yang sama sekali berbeda dari seluruh dataset lain di panen ini."
TOM-28-gts-taiwan-pdf,Taiwan Tomato Leaves Dataset (halaman GTS.AI),tomat,Mengklaim 622 gambar dalam 6 kategori,(bukan dataset),"PDF pemasaran 0,72 MB",1 berkas PDF,Zenodo (diunggah Globose Technology Solutions),https://zenodo.org/records/15095409,CC BY 4.0,2025,2026-08-25,,720000,,ditolak,tidak-berlaku,"DOI 10.5281/zenodo.15095408. DITOLAK: rekaman ini BUKAN dataset. Satu-satunya berkasnya adalah gts_ai_dataset_download_taiwan_tomato_leaves_dataset.pdf, yaitu halaman pemasaran vendor yang mengarahkan ke gts.ai. Datanya yang asli adalah TOM-03 (Mendeley 10.17632/ngdgg79rzb.1) yang sudah diunduh dan terverifikasi 622 gambar."
TOM-29-nepal-hawar-lampiran,"Field evaluation of tomato (Solanum lycopersicum) varieties for resistance to early and late blight diseases in Baitadi, Nepal",tomat,Ketahanan varietas terhadap early blight dan late blight,(bukan dataset),"1 JPG (1,6 MB) + 1 DOCX (0,017 MB)",2 berkas lampiran,figshare (Taylor & Francis),https://doi.org/10.6084/m9.figshare.32909461,CC BY 4.0,2026,2026-08-25,,1616000,,ditolak,tidak-berlaku,DOI 10.6084/m9.figshare.32909461. DITOLAK: hanya berkas pendukung artikel jurnal - satu gambar JPG dan satu dokumen Word. Tidak ada tabel data ketahanan varietas yang bisa dipakai kembali. Topiknya relevan (uji lapang ketahanan hawar di Nepal) tetapi datanya tidak terbuka.
TOM-30-ieee-real-field,Real Field Crop Image Dataset,"tomat (dan tanaman lain, belum diverifikasi)",Belum diverifikasi,gambar,Belum diverifikasi,Belum diverifikasi,IEEE DataPort,https://ieee-dataport.org/documents/real-field-crop-image-dataset,CC BY 4.0,2026,2026-08-25,,,,terhalang-akun,belum,"DOI 10.21227/5ytp-dr85. IEEE DataPort menuntut akun/langganan IEEE untuk mengunduh. Tidak ditembus sesuai aturan. Menjanjikan karena mengklaim data dikumpulkan di kondisi lahan nyata, tapi metadata teknisnya (jumlah gambar, kelas) tidak terekspos tanpa login."
TOM-31-kaggle-dsv,Tomato leaf disease Dataset (Kaggle),tomat,Belum diverifikasi,gambar,Belum diverifikasi,Belum diverifikasi,Kaggle,https://www.kaggle.com/dsv/16210872,tidak dinyatakan (DataCite tidak mencatat rightsList),2026,2026-08-25,,,,terhalang-akun,belum,"DOI 10.34740/kaggle/dsv/16210872. Unduhan Kaggle butuh akun dan token API. Tidak ditembus sesuai aturan. Dicatat sebagai wakil dari seluruh kelas sumber Kaggle: banyak ""dataset penyakit tomat"" populer hanya ada di Kaggle/Roboflow di balik login, dan sebagian besar ternyata turunan PlantVillage yang di-repackage tanpa lisensi jelas (bandingkan TOM-25)."
TOM-32-plantvillage-diproses,Processed Tomato Leaf Disease Image Dataset with Train-Validation-Test Split for Deep Learning Applications,tomat,Turunan PlantVillage; kelasnya subset kelas tomat PlantVillage,gambar,ZIP,"109,39 MB",Mendeley Data,https://data.mendeley.com/datasets/3zwdw6y4pn/1,CC BY 4.0,2026,2026-08-25,,109390000,,ditemukan,belum,"DOI 10.17632/3zwdw6y4pn.1. TIDAK DIUNDUH karena REDUNDAN: deskripsinya menyatakan sendiri bahwa ini ""a processed and structured version of a tomato leaf disease image dataset derived from the PlantVillage dataset"" (buang gambar buram, buang duplikat, pilih kelas tertentu). Sumber aslinya sudah dipanen utuh di TOM-01."
TOM-33-daffodil-bangladesh,"Tomato leaf diseases (Khagan/Charabag, Bangladesh)",tomat,"Infeksi viral, bakteri, dan jamur; dilabeli oleh tenaga profesional",gambar,berkas JPG lepas (tanpa arsip),"2627 berkas, 450,75 MB",Mendeley Data,https://data.mendeley.com/datasets/93h9p62kg4/1,CC BY 4.0,2025,2026-08-25,,450750000,,ditemukan,belum,"DOI 10.17632/93h9p62kg4.1. TIDAK DIUNDUH: jatah 8 GB agen habis dan cakupan Bangladesh lapangan sudah diwakili TOM-11 (Dinajpur/Thakurgaon/Kushtia) dan TOM-06. Berkasnya lepas semua (2627 permintaan terpisah, tanpa arsip). Nilai tambahnya: label dikerjakan tenaga profesional dan lokasinya spesifik (dekat Daffodil International University)."
TOM-34-bangladesh-7-kategori,"Tomato Leaf Disease Classification Dataset (Bangladesh, Maret 2025)",tomat,"7 kategori: penyakit, daun sehat, dan defisiensi hara",gambar,berkas lepas,"2995 gambar resolusi tinggi, 286,19 MB",Mendeley Data,https://data.mendeley.com/datasets/jttrv2w27r/2,CC BY 4.0,2025,2026-08-25,,286190000,,ditemukan,belum,DOI 10.17632/jttrv2w27r.2. TIDAK DIUNDUH: jatah agen habis. Menarik karena memasukkan DEFISIENSI HARA bersama penyakit (seperti TOM-02) dan diambil di berbagai wilayah pertanian Bangladesh pada 10-20 Maret 2025 dengan kondisi lingkungan beragam.
TOM-35-solapure-cc-by-sa,Tomato Leaf Disease Dataset (SmartAgroTech),tomat,"Beberapa penyakit daun tomat, satu folder per penyakit",gambar,TomatoDataset.zip,"668,09 MB",Mendeley Data,https://data.mendeley.com/datasets/zfv4jj7855/1,CC BY-SA 4.0,2024,2026-08-25,,668090000,,ditemukan,belum,DOI 10.17632/zfv4jj7855.1. TIDAK DIUNDUH: jatah agen habis dan deskripsinya terlalu kabur untuk menilai nilai tambahnya. CATATAN LISENSI: CC BY-SA 4.0 (berbagi-serupa) - satu dari hanya dua rekaman ShareAlike di panen ini bersama PlantVillage; jangan dicampur ke koleksi CC BY.
TOM-36-multi-crop-xai,Multi-Crop Leaf Disease Dataset for Deep Learning-Based Classification and Explainable AI,tomat + tanaman lain,Belum diverifikasi,gambar,multiple leaf dataset.zip,"523,29 MB",Mendeley Data,https://data.mendeley.com/datasets/3xd9n7jpc8/1,CC BY 4.0,2026,2026-08-25,,523290000,,ditemukan,belum,"DOI 10.17632/3xd9n7jpc8.1. TIDAK DIUNDUH: jatah agen habis, dan cakupan multi-tanaman sudah diwakili TOM-01 (PlantVillage, 14 tanaman) dan TOM-12 (PhytoScope, 25 tanaman lapangan dengan kotak pembatas)."
TOM-37-tcp-tomat-cabai-pepaya,TCP (Tomato-Chilli-Papaya Fruit & Leaf) Disease Dataset,tomat; cabai; pepaya (3 tanaman),Penyakit buah dan daun pada tiga tanaman,gambar,"TCP Dataset.zip 199,4 MB + Three Fruit and leaf crops disease dataset.zip 1816,52 MB",2.016 MB total,Mendeley Data,https://data.mendeley.com/datasets/m4m6j2tjfj/4,CC BY 4.0,2026,2026-08-25,,2015910000,,ditemukan,belum,"DOI 10.17632/m4m6j2tjfj.4. TIDAK DIUNDUH: jatah agen habis. Muat di batas 3 GB dan RELEVAN LINTAS AGEN karena mencakup tomat DAN cabai sekaligus, termasuk penyakit BUAH. Kandidat kuat untuk sesi lanjutan; koordinasikan dengan agen cabai supaya tidak diunduh dua kali."
TOM-38-ithaya-rani-figshare,Tomato leaf diseases (Ithaya Rani),tomat,"Daun sehat + beberapa kelas penyakit, sudah dibagi train/validation/test",gambar,Tomato leaf diseases.zip,"382,88 MB",figshare,https://doi.org/10.6084/m9.figshare.33197457,CC BY 4.0,2026,2026-08-25,,382880000,,ditemukan,belum,"DOI 10.6084/m9.figshare.33197457.v1. TIDAK DIUNDUH: jatah agen habis dan deskripsinya generik (""annotated tomato leaf images covering healthy leaves and multiple disease classes"") tanpa menyebut jumlah, kelas, lokasi, atau alat - indikasi kuat turunan PlantVillage lagi. Perlu dibuka dulu sebelum dipercaya."
TOM-39-tomat-yunani-tabular,"Characterisation of tomato (Solanum lycopersicum) landraces and varieties under organic farming in Greece (2019, 2022-2024)",tomat,"Karakterisasi landrace/varietas di pertanian organik, sifat kesehatan tanaman termasuk",tabular,1 berkas XLSX,"0,179 MB",Zenodo (Horizon Europe LiveSeeding),https://zenodo.org/records/21825728,CC BY-NC-SA 4.0,2026,2026-08-25,,179000,,ditemukan,belum,DOI 10.5281/zenodo.21825727. TIDAK DIUNDUH: skemanya sama persis dengan TOM-14 (proyek LiveSeeding yang sama) sehingga tidak menambah struktur baru; hanya menambah lokasi (Yunani) dan tahun. Lisensi CC BY-NC-SA 4.0 - non-komersial. Diambil kalau ingin memperbanyak titik pengamatan lapangan Mediterania.
TOM-40-metabolomik-ralstonia,Comparative metabolomic profiling of resistant and susceptible tomato cultivars against Ralstonia solanacearum,tomat,Layu bakteri (Ralstonia solanacearum) - respons metabolik kultivar tahan vs rentan,tabular,1 berkas,"0,03 MB",Mendeley Data,https://data.mendeley.com/datasets/y2wcnrf745/1,CC BY 4.0,2026,2026-08-25,,30000,,ditemukan,belum,"DOI 10.17632/y2wcnrf745.1. TIDAK DIUNDUH: datanya metabolomik (jalur & metabolit pertahanan), bukan gejala yang bisa diamati petani, sehingga tidak menyumbang ke identifikasi penyakit, computer vision, maupun epidemiologi. Dicatat karena LAYU BAKTERI adalah lubang terbesar koleksi tomat ini dan rekaman ini salah satu dari sedikit sumber terbuka bertopik Ralstonia pada tomat."
