tingkat,provinsi,kabupaten,dinas,bpp,penyuluh
"provinsi","ACEH","","Dinas Pertanian dan Perkebunan Aceh","277","8"
"kabupaten","ACEH","SIMEULUE","DINAS PERTANIAN DAN PANGAN","10","97"
"kabupaten","ACEH","ACEH SINGKIL","DINAS TANAMAN PANGAN HORTIKULURA DAN PETERNAKAN","11","89"
"kabupaten","ACEH","ACEH SELATAN","Dinas Pertanian","18","223"
"kabupaten","ACEH","ACEH TENGGARA","Dinas Pertanian","16","452"
"kabupaten","ACEH","ACEH TIMUR","Dinas Ketahanan Pangan Dan Penyuluhan Kabupaten Aceh Timur","24","401"
"kabupaten","ACEH","ACEH TENGAH","Dinas Pertanian","15","223"
"kabupaten","ACEH","ACEH BARAT","Dinas Pertanian Tanaman Pangan dan Hortikultura","12","227"
"kabupaten","ACEH","ACEH BESAR","Dinas Pertanian Kabupaten Aceh Besar","19","233"
"kabupaten","ACEH","PIDIE","Dinas Pertanian Dan Pangan","23","346"
"kabupaten","ACEH","BIREUEN","Dinas Pertanian dan Perkebunan","17","321"
"kabupaten","ACEH","ACEH UTARA","Dinas Pertanian dan Pangan","27","282"
"kabupaten","ACEH","ACEH BARAT DAYA","Dinas Pertanian dan Pangan","9","128"
"kabupaten","ACEH","GAYO LUES","Dinas Pertanian","11","115"
"kabupaten","ACEH","ACEH TAMIANG","Dinas Pertanian Perkebunan dan Peternakan","11","120"
"kabupaten","ACEH","NAGAN RAYA","Dinas Pertanian dan Peternakan","10","143"
"kabupaten","ACEH","ACEH JAYA","Dinas Pertanian","9","142"
"kabupaten","ACEH","BENER MERIAH","Dinas Pertanian dan Pangan","10","168"
"kabupaten","ACEH","PIDIE JAYA","Dinas Pertanian dan Pangan","8","139"
"kabupaten","ACEH","KOTA BANDA ACEH","Dinas Pangan Pertanian Kelautan dan Perikanan","3","42"
"kabupaten","ACEH","KOTA SABANG","Dinas Pertanian dan Pangan Kota Sabang","3","19"
"kabupaten","ACEH","KOTA LANGSA","Dinas Pangan, Pertanian, Kelautan dan Perikanan","3","47"
"kabupaten","ACEH","KOTA LHOKSEUMAWE","Dinas Kelautan Perikanan Pertanian dan Pangan","3","35"
"kabupaten","ACEH","KOTA SUBULUSSALAM","Dinas Pertanian Perkebunan dan Perikanan","5","128"
"provinsi","SUMATERA UTARA","","Dinas Ketahanan Pangan, Tanaman Pangan dan Hortikultura Sumatera Utara","356","8"
"kabupaten","SUMATERA UTARA","NIAS","Dinas Ketahanan Pangan, Pertanian dan Perikanan Kabupaten Nias","10","100"
"kabupaten","SUMATERA UTARA","MANDAILING NATAL","Dinas Pertanian","23","334"
"kabupaten","SUMATERA UTARA","TAPANULI SELATAN","Dinas Pertanian Daerah","15","261"
"kabupaten","SUMATERA UTARA","TAPANULI TENGAH","DINAS PERTANIAN","9","76"
"kabupaten","SUMATERA UTARA","TAPANULI UTARA","Dinas Pertanian Kabupaten Tapanuli Utara","15","188"
"kabupaten","SUMATERA UTARA","TOBA","Dinas Pertanian","16","62"
"kabupaten","SUMATERA UTARA","LABUHAN BATU","Dinas Pertanian","9","62"
"kabupaten","SUMATERA UTARA","ASAHAN","DINAS PERTANIAN","19","107"
"kabupaten","SUMATERA UTARA","SIMALUNGUN","DINAS PERTANIAN","32","433"
"kabupaten","SUMATERA UTARA","DAIRI","Dinas Pertanian, Ketahanan Pangan dan Perikanan","9","151"
"kabupaten","SUMATERA UTARA","KARO","DINAS PERTANIAN","17","372"
"kabupaten","SUMATERA UTARA","DELI SERDANG","DINAS PERTANIAN","14","317"
"kabupaten","SUMATERA UTARA","LANGKAT","Dinas Pertanian dan Ketahanan Pangan","23","132"
"kabupaten","SUMATERA UTARA","NIAS SELATAN","Dinas Ketahanan Pangan Kabupaten Nias Selatan","20","43"
"kabupaten","SUMATERA UTARA","HUMBANG HASUNDUTAN","Dinas Pertanian dan Ketahanan Pangan","10","173"
"kabupaten","SUMATERA UTARA","PAKPAK BHARAT","Dinas Ketahanan Pangan dan Pertanian","8","58"
"kabupaten","SUMATERA UTARA","SAMOSIR","Dinas Ketahanan Pangan dan Pertanian","9","70"
"kabupaten","SUMATERA UTARA","SERDANG BEDAGAI","Dinas Pertanian Kabupaten Serdang Bedagai","6","213"
"kabupaten","SUMATERA UTARA","BATU BARA","Dinas Pertanian dan Perkebunan","7","134"
"kabupaten","SUMATERA UTARA","PADANG LAWAS UTARA","Dinas Pertanian","12","170"
"kabupaten","SUMATERA UTARA","PADANG LAWAS","Dinas Pertanian","17","170"
"kabupaten","SUMATERA UTARA","LABUHAN BATU SELATAN","DINAS KETAHANAN PANGAN DAN PERTANIAN KABUPATEN LABUHANBATU SELATAN","5","29"
"kabupaten","SUMATERA UTARA","LABUHAN BATU UTARA","Dinas Pertanian","8","82"
"kabupaten","SUMATERA UTARA","NIAS UTARA","Dinas Ketahanan Pangan dan Pertanian Kabupaten Nias Utara","11","127"
"kabupaten","SUMATERA UTARA","NIAS BARAT","Dinas Pertanian dan Ketahanan Pangan","8","17"
"kabupaten","SUMATERA UTARA","KOTA SIBOLGA","Dinas Perikanan Ketahanan Pangan dan Pertanian","0","1"
"kabupaten","SUMATERA UTARA","KOTA TANJUNG BALAI","Dinas Pangan dan Pertanian","1","8"
"kabupaten","SUMATERA UTARA","KOTA PEMATANG SIANTAR","Dinas Ketahanan Pangan dan Pertanian","4","21"
"kabupaten","SUMATERA UTARA","KOTA TEBING TINGGI","DINAS KETAHANAN PANGAN DAN PERTANIAN","1","42"
"kabupaten","SUMATERA UTARA","KOTA MEDAN","Dinas Ketahanan Pangan, Pertanian dan Perikanan","2","47"
"kabupaten","SUMATERA UTARA","KOTA BINJAI","Dinas Ketahanan Pangan dan Pertanian","5","34"
"kabupaten","SUMATERA UTARA","KOTA PADANGSIDIMPUAN","Dinas Pertanian Kota Padang Sidempuan","6","49"
"kabupaten","SUMATERA UTARA","KOTA GUNUNGSITOLI","DINAS KETAHANAN PANGAN DAN PERTANIAN","5","49"
"provinsi","SUMATERA BARAT","","Dinas Perkebunan, Tanaman Pangan dan Hortikultura Provinsi Sumatera Barat","165","13"
"kabupaten","SUMATERA BARAT","KEPULAUAN MENTAWAI","Dinas Ketahanan Pangan dan Pertanian","6","84"
"kabupaten","SUMATERA BARAT","PESISIR SELATAN","Dinas Pertanian Kab. Pesisir Selatan","15","288"
"kabupaten","SUMATERA BARAT","SOLOK","Dinas Pertanian","14","155"
"kabupaten","SUMATERA BARAT","SIJUNJUNG","DINAS PERTANIAN","8","162"
"kabupaten","SUMATERA BARAT","TANAH DATAR","Dinas Pertanian","14","140"
"kabupaten","SUMATERA BARAT","PADANG PARIAMAN","Dinas Pertanian dan Ketahanan Pangan","17","171"
"kabupaten","SUMATERA BARAT","AGAM","Dinas Pertanian Kabupaten Agam","16","308"
"kabupaten","SUMATERA BARAT","LIMA PULUH KOTA","DINAS TANAMAN PANGAN HORTIKULTURA DAN PERKEBUNAN","13","282"
"kabupaten","SUMATERA BARAT","PASAMAN","Dinas Pertanian Bidang Penyuluhan","12","135"
"kabupaten","SUMATERA BARAT","SOLOK SELATAN","Dinas pertanian","7","113"
"kabupaten","SUMATERA BARAT","DHARMASRAYA","DINAS PERTANIAN","11","115"
"kabupaten","SUMATERA BARAT","PASAMAN BARAT","DINAS TANAMAN PANGAN DAN HORTIKULTURA","11","159"
"kabupaten","SUMATERA BARAT","KOTA PADANG","Dinas Pertanian","3","75"
"kabupaten","SUMATERA BARAT","KOTA SOLOK","Dinas pertanian","2","20"
"kabupaten","SUMATERA BARAT","KOTA SAWAH LUNTO","Dinas Ketahanan Pangan, Pertanian dan Perikanan","4","63"
"kabupaten","SUMATERA BARAT","KOTA PADANG PANJANG","Dinas Pangan dan Pertanian","2","32"
"kabupaten","SUMATERA BARAT","KOTA BUKITTINGGI","Dinas Pertanian dan Pangan","1","19"
"kabupaten","SUMATERA BARAT","KOTA PAYAKUMBUH","Dinas Pertanian","5","49"
"kabupaten","SUMATERA BARAT","KOTA PARIAMAN","DINAS PERTANIAN PANGAN DAN PERIKANAN","4","68"
"provinsi","RIAU","","Dinas Pangan, Tanaman Pangan dan Hortikultura Riau","129","9"
"kabupaten","RIAU","KUANTAN SINGINGI","DINAS TANAMAN PANGAN HORTIKULTURA DAN KETAHANAN PANGAN","15","197"
"kabupaten","RIAU","INDRAGIRI HULU","Dinas Pertanian dan Perikanan","14","191"
"kabupaten","RIAU","INDRAGIRI HILIR","Dinas Pangan,Tanaman Pangan, Hortikultura dan Peternakan","8","104"
"kabupaten","RIAU","PELALAWAN","Dinas Ketahanan Pangan, Tanaman Pangan dan Hortikultura","12","95"
"kabupaten","RIAU","SIAK","Dinas Pertanian Kabupaten Siak","14","139"
"kabupaten","RIAU","KAMPAR","DINAS PERTANIAN TANAMAN PANGAN DAN HORTIKULTURA","21","204"
"kabupaten","RIAU","ROKAN HULU","DINAS TANAMAN PANGAN DAN HORTIKULTURA","11","127"
"kabupaten","RIAU","BENGKALIS","Dinas Tanaman Pangan Hortikultura dan Peternakan","11","103"
"kabupaten","RIAU","ROKAN HILIR","Dinas Ketahanan Pangan dan Pertanian","5","162"
"kabupaten","RIAU","KEPULAUAN MERANTI","Dinas Ketahanan Pangan dan Pertanian","9","47"
"kabupaten","RIAU","KOTA PEKANBARU","Dinas Pertanian dan Perikanan Kota Pekanbaru","3","56"
"kabupaten","RIAU","KOTA DUMAI","Dinas Ketahanan Pangan dan Pertanian","6","55"
"provinsi","JAMBI","","Dinas Tanaman Pangan Hortikultura dan Peternakan Jambi","132","21"
"kabupaten","JAMBI","KERINCI","Dinas Tanaman Pangan dan Hortikultura","18","304"
"kabupaten","JAMBI","MERANGIN","Dinas Tanaman Pangan dan Hortikultura","19","313"
"kabupaten","JAMBI","SAROLANGUN","Dinas Tanaman Pangan, Hortikultura dan Perkebunan","11","172"
"kabupaten","JAMBI","BATANG HARI","Dinas Pangan, Pertanian dan Perikanan","8","238"
"kabupaten","JAMBI","MUARO JAMBI","Dinas Tanaman Pangan dan Hortikultura","9","203"
"kabupaten","JAMBI","TANJUNG JABUNG TIMUR","Dinas Tanaman Pangan dan Hortikultura","11","106"
"kabupaten","JAMBI","TANJUNG JABUNG BARAT","Dinas Tanaman Pangan Dan Hortikultura","13","146"
"kabupaten","JAMBI","TEBO","Dinas Tanaman Pangan Hortikultura dan Ketahanan Pangan","12","91"
"kabupaten","JAMBI","BUNGO","Dinas Tanaman Pangan, Hortikultura dan Perkebunan","17","98"
"kabupaten","JAMBI","KOTA JAMBI","Dinas Pertanian dan Ketahanan Pangan Kota Jambi","7","75"
"kabupaten","JAMBI","KOTA SUNGAI PENUH","Dinas Tanaman Pangan, Hortikultura dan Perkebunan Kota Sungai Penuh","7","130"
"provinsi","SUMATERA SELATAN","","Dinas Pertanian Tanaman Pangan dan Hortikultura","196","48"
"kabupaten","SUMATERA SELATAN","OGAN KOMERING ULU","DINAS PERTANIAN KAB. OKU","7","208"
"kabupaten","SUMATERA SELATAN","OGAN KOMERING ILIR","Dinas Ketahanan Pangan, Tanaman Pangan, dan Hortikultura","18","322"
"kabupaten","SUMATERA SELATAN","MUARA ENIM","Dinas TPHP Kabupaten Muara Enim","13","311"
"kabupaten","SUMATERA SELATAN","LAHAT","Dinas Tanaman Pangan, Hortikultura dan Peternakan","14","310"
"kabupaten","SUMATERA SELATAN","MUSI RAWAS","DINAS PERTANIAN DAN PETERNAKAN","14","483"
"kabupaten","SUMATERA SELATAN","MUSI BANYUASIN","Dinas Tanaman Pangan Hortikultura dan Peternakan","15","380"
"kabupaten","SUMATERA SELATAN","BANYUASIN","Dinas Tanaman Pangan dan Hortikultura Kabupaten Banyuasin","21","545"
"kabupaten","SUMATERA SELATAN","OGAN KOMERING ULU SELATAN","Dinas Pertanian","19","263"
"kabupaten","SUMATERA SELATAN","OGAN KOMERING ULU TIMUR","DINAS PERTANIAN KABUPATEN OKU TIMUR","20","494"
"kabupaten","SUMATERA SELATAN","OGAN ILIR","Dinas Ketahanan Pangan dan Pertanian Kab. Ogan Ilir","16","360"
"kabupaten","SUMATERA SELATAN","EMPAT LAWANG","DINAS PERTANIAN","10","107"
"kabupaten","SUMATERA SELATAN","PENUKAL ABAB LEMATANG ILIR","DINAS PERTANIAN","3","97"
"kabupaten","SUMATERA SELATAN","KOTA PALEMBANG","Dinas Pertanian dan Ketahanan Pangan","4","86"
"kabupaten","SUMATERA SELATAN","KOTA PRABUMULIH","DINAS PERTANIAN","6","53"
"kabupaten","SUMATERA SELATAN","KOTA PAGAR ALAM","Dinas Pertanian Kota Pagar Alam","5","109"
"kabupaten","SUMATERA SELATAN","KOTA LUBUKLINGGAU","Dinas Pertanian","4","93"
"kabupaten","SUMATERA SELATAN","MUSI RAWAS UTARA","Dinas Pertanian dan Perikanan","7","96"
"provinsi","BENGKULU","","Dinas Tanaman Pangan Hortikultura dan Perkebunan Provinsi Bengkulu","108","33"
"kabupaten","BENGKULU","BENGKULU SELATAN","Dinas Pertanian","10","156"
"kabupaten","BENGKULU","REJANG LEBONG","DINAS PERTANIAN DAN PERIKANAN KABUPATEN REJANG LEBONG","10","115"
"kabupaten","BENGKULU","BENGKULU UTARA","Dinas Tanaman Pangan, Hortikultura dan Peternakan","19","159"
"kabupaten","BENGKULU","KAUR","Dinas Pertanian Kabupaten Kaur","9","107"
"kabupaten","BENGKULU","SELUMA","Dinas Pertanian","9","144"
"kabupaten","BENGKULU","MUKOMUKO","DINAS PERTANIAN","15","97"
"kabupaten","BENGKULU","LEBONG","DINAS PERTANIAN DAN PERIKANAN","11","112"
"kabupaten","BENGKULU","KEPAHIANG","Dinas Pertanian","8","162"
"kabupaten","BENGKULU","BENGKULU TENGAH","Dinas Pertanian","11","63"
"kabupaten","BENGKULU","KOTA BENGKULU","Dinas Ketahanan Pangan dan Pertanian Kota Bengkulu","6","55"
"provinsi","LAMPUNG","","Dinas Ketahanan Pangan, Tanaman Pangan dan Hortikultura","211","40"
"kabupaten","LAMPUNG","LAMPUNG BARAT","Dinas Tanaman Pangan dan Hortikultura","15","136"
"kabupaten","LAMPUNG","TANGGAMUS","Dinas Ketahanan Pangan Tanaman pangan dan Hortikultura","20","229"
"kabupaten","LAMPUNG","LAMPUNG SELATAN","Dinas Tanaman Pangan Hortikultura dan Perkebunan","17","157"
"kabupaten","LAMPUNG","LAMPUNG TIMUR","DINAS KETAHANAN PANGAN, TANAMAN PANGAN, HORTIKULTURA DAN PERKEBUNAN","24","268"
"kabupaten","LAMPUNG","LAMPUNG TENGAH","Dinas Ketahanan Pangan, Tanaman Pangan dan Hortikultura","28","442"
"kabupaten","LAMPUNG","LAMPUNG UTARA","Dinas Tanaman Pangan dan Hortikultura","23","241"
"kabupaten","LAMPUNG","WAY KANAN","Dinas Tanaman Pangan Hortikultura dan Peternakan","14","166"
"kabupaten","LAMPUNG","TULANG BAWANG","DINAS PERTANIAN","15","99"
"kabupaten","LAMPUNG","PESAWARAN","Dinas Tanaman Pangan dan Hortikultura","11","144"
"kabupaten","LAMPUNG","PRINGSEWU","Dinas Pertanian","9","110"
"kabupaten","LAMPUNG","MESUJI","DINAS PERTANIAN KABUPATEN MESUJI","7","58"
"kabupaten","LAMPUNG","TULANG BAWANG BARAT","Dinas Tanaman Pangan Hortikultura dan Perkebunan","9","42"
"kabupaten","LAMPUNG","PESISIR BARAT","Dinas Ketahanan Pangan dan Pertanian","11","56"
"kabupaten","LAMPUNG","KOTA BANDAR LAMPUNG","DINAS PERTANIAN KOTA BANDAR LAMPUNG","3","36"
"kabupaten","LAMPUNG","KOTA METRO","Dinas Ketahanan Pangan, Pertanian dan Perikanan","5","54"
"provinsi","KEPULAUAN BANGKA BELITUNG","","Dinas Pertanian dan Ketahanan Pangan","37",""
"kabupaten","KEPULAUAN BANGKA BELITUNG","BANGKA","Dinas Pangan dan Pertanian Kab. Bangka","8","119"
"kabupaten","KEPULAUAN BANGKA BELITUNG","BELITUNG","Dinas Ketahanan Pangan dan Pertanian","4","46"
"kabupaten","KEPULAUAN BANGKA BELITUNG","BANGKA BARAT","Dinas Ketahanan Pangan dan Pertanian","6","83"
"kabupaten","KEPULAUAN BANGKA BELITUNG","BANGKA TENGAH","Dinas Pertanian dan Ketahanan Pangan","6","73"
"kabupaten","KEPULAUAN BANGKA BELITUNG","BANGKA SELATAN","Dinas Pertanian, Pangan, Perikanan","5","60"
"kabupaten","KEPULAUAN BANGKA BELITUNG","BELITUNG TIMUR","Dinas Pertanian dan Pangan","7","40"
"kabupaten","KEPULAUAN BANGKA BELITUNG","KOTA PANGKAL PINANG","Dinas Pertanian","1","12"
"provinsi","KEPULAUAN RIAU","","Dinas Ketahanan Pangan, Pertanian dan Kesehatan Hewan","21",""
"kabupaten","KEPULAUAN RIAU","KARIMUN","DINAS PANGAN DAN PERTANIAN KABUPATEN KARIMUN","6","38"
"kabupaten","KEPULAUAN RIAU","BINTAN","Dinas Ketahanan Pangan dan Pertanian","6","48"
"kabupaten","KEPULAUAN RIAU","NATUNA","DINAS KETAHANAN PANGAN DAN PERTANIAN","5","25"
"kabupaten","KEPULAUAN RIAU","LINGGA","Dinas Pertanian dan Ketahanan Pangan","0","11"
"kabupaten","KEPULAUAN RIAU","KEPULAUAN ANAMBAS","DINAS PERIKANAN PERTANIAN DAN PANGAN KABUPATEN KEPULAUAN ANAMBAS","3","15"
"kabupaten","KEPULAUAN RIAU","KOTA BATAM","DINAS KETAHANAN PANGAN DAN PERTANIAN KOTA BATAM","1","9"
"kabupaten","KEPULAUAN RIAU","KOTA TANJUNG PINANG","Dinas Pertanian Pangan dan Perikanan","0","8"
"provinsi","DKI JAKARTA","","Dinas Ketahanan Pangan, Kelautan dan Pertanian","6","2"
"kabupaten","DKI JAKARTA","KEPULAUAN SERIBU","Suku Dinas Ketahanan Pangan Kelautan dan Pertanian Kab Adm Kep Seribu","0","2"
"kabupaten","DKI JAKARTA","KOTA JAKARTA SELATAN","Suku Dinas Ketahanan Pangan Kelautan dan Pertanian","1","29"
"kabupaten","DKI JAKARTA","KOTA JAKARTA TIMUR","Suku Dinas Ketahanan Pangan Kelautan dan Pertanian Jakarta Timur","2","13"
"kabupaten","DKI JAKARTA","KOTA JAKARTA PUSAT","Suku Dinas Ketahanan Pangan Kelautan dan Pertanian Kota Administrasi Jakarta Pusat","1","18"
"kabupaten","DKI JAKARTA","KOTA JAKARTA BARAT","Suku Dinas Ketahanan Pangan, Kelautan dan Pertanian","1","15"
"kabupaten","DKI JAKARTA","KOTA JAKARTA UTARA","Suku Dinas Ketahanan Pangan Kelautan dan Pertanian Kota Administrasi Jakarta Utara","1","25"
"provinsi","JAWA BARAT","","Dinas Tanaman Pangan dan Hortikultura","518","111"
"kabupaten","JAWA BARAT","BOGOR","Dinas Tanaman Pangan, Hortikultura dan Perkebunan","13","399"
"kabupaten","JAWA BARAT","SUKABUMI","Dinas Pertanian Kabupaten Sukabumi","47","424"
"kabupaten","JAWA BARAT","CIANJUR","DINAS TANAMAN PANGAN HORTIKULTURA PERKEBUNAN DAN KETAHANAN PANGAN","32","262"
"kabupaten","JAWA BARAT","BANDUNG","DINAS PERTANIAN KABUPATEN BANDUNG","31","325"
"kabupaten","JAWA BARAT","GARUT","Dinas Pertanian","42","569"
"kabupaten","JAWA BARAT","TASIKMALAYA","DINAS PERTANIAN, KETAHANAN PANGAN DAN PERIKANAN","39","436"
"kabupaten","JAWA BARAT","CIAMIS","DINAS PERTANIAN DAN KETAHANAN PANGAN","27","384"
"kabupaten","JAWA BARAT","KUNINGAN","Dinas Ketahanan Pangan dan Pertanian Kabupaten Kuningan","16","348"
"kabupaten","JAWA BARAT","CIREBON","Dinas Pertanian Kabupaten Cirebon","40","341"
"kabupaten","JAWA BARAT","MAJALENGKA","Dinas Ketahanan Pangan Pertanian dan Perikanan Kabupaten Majalengka","26","426"
"kabupaten","JAWA BARAT","SUMEDANG","Dinas Pertanian dan Ketahanan Pangan","26","229"
"kabupaten","JAWA BARAT","INDRAMAYU","Dinas Ketahanan Pangan dan Pertanian Kab Indramayu","31","308"
"kabupaten","JAWA BARAT","SUBANG","Dinas Pertanian","30","293"
"kabupaten","JAWA BARAT","PURWAKARTA","Dinas Pangan dan Pertanian","17","161"
"kabupaten","JAWA BARAT","KARAWANG","Dinas Pertanian dan Ketahanan Pangan","30","528"
"kabupaten","JAWA BARAT","BEKASI","Dinas Pertanian","23","135"
"kabupaten","JAWA BARAT","BANDUNG BARAT","Dinas Ketahanan Pangan dan Pertanian","17","197"
"kabupaten","JAWA BARAT","PANGANDARAN","Dinas Pertanian","10","145"
"kabupaten","JAWA BARAT","KOTA BOGOR","Dinas Ketahanan Pangan dan Pertanian","4","64"
"kabupaten","JAWA BARAT","KOTA SUKABUMI","Dinas Ketahanan Pangan, Pertanian,dan Perikanan","3","40"
"kabupaten","JAWA BARAT","KOTA BANDUNG","DinasKetahanan Pangan dan Pertanian","1","22"
"kabupaten","JAWA BARAT","KOTA CIREBON","Dinas Ketahanan Pangan, Pertanian dan Perikanan Kota Cirebon","1","7"
"kabupaten","JAWA BARAT","KOTA BEKASI","DINAS KETAHANAN PANGAN, PERTANIAN DAN PERIKANAN KOTA BEKASI.","1","9"
"kabupaten","JAWA BARAT","KOTA DEPOK","Dinas Ketahanan Pangan, Pertanian dan Perikanan","2","14"
"kabupaten","JAWA BARAT","KOTA CIMAHI","Dinas Pangan dan Pertanian Kota CImahi","1","8"
"kabupaten","JAWA BARAT","KOTA TASIKMALAYA","Dinas Ketahanan Pangan Pertanian Dan Perikanan","4","124"
"kabupaten","JAWA BARAT","KOTA BANJAR","Dinas Ketahanan Pangan, Pertanian Dan Perikanan Kota Banjar","4","32"
"provinsi","JAWA TENGAH","","Dinas Pertanian dan Perkebunan","551","19"
"kabupaten","JAWA TENGAH","CILACAP","Dinas Pertanian Kabupaten Cilacap","22","371"
"kabupaten","JAWA TENGAH","BANYUMAS","Dinas Pertanian dan Ketahanan Pangan","27","276"
"kabupaten","JAWA TENGAH","PURBALINGGA","Dinas Pertanian Kabupaten Purbalingga","18","426"
"kabupaten","JAWA TENGAH","BANJARNEGARA","Dinas Pertanian, Perikanan dan Ketahanan Pangan","20","245"
"kabupaten","JAWA TENGAH","KEBUMEN","DINAS PERTANIAN DAN PANGAN","26","421"
"kabupaten","JAWA TENGAH","PURWOREJO","Dinas Ketahanan Pangan dan Pertanian Kabupaten Purworejo","16","305"
"kabupaten","JAWA TENGAH","WONOSOBO","Dinas Pangan, Pertanian Dan Perikanan","15","240"
"kabupaten","JAWA TENGAH","MAGELANG","DINAS PERTANIAN DAN PANGAN KABUPATEN MAGELANG","21","742"
"kabupaten","JAWA TENGAH","BOYOLALI","DINAS PERTANIAN","22","344"
"kabupaten","JAWA TENGAH","KLATEN","Dinas Ketahanan Pangan dan Pertanian","26","271"
"kabupaten","JAWA TENGAH","SUKOHARJO","DINAS PERTANIAN DAN PERIKANAN","12","175"
"kabupaten","JAWA TENGAH","WONOGIRI","Dinas Pertanian dan Pangan","25","466"
"kabupaten","JAWA TENGAH","KARANGANYAR","DINAS PERTANIAN, PANGAN DAN PERIKANAN","17","266"
"kabupaten","JAWA TENGAH","SRAGEN","DINAS KETAHANAN PANGAN, PERTANIAN DAN PERIKANAN","20","343"
"kabupaten","JAWA TENGAH","GROBOGAN","Dinas Pertanian","19","296"
"kabupaten","JAWA TENGAH","BLORA","Dinas Pangan Pertanian Peternakan dan Perikanan","16","320"
"kabupaten","JAWA TENGAH","REMBANG","Dinas Pertanian dan Pangan","14","160"
"kabupaten","JAWA TENGAH","PATI","Dinas Pertanian Kabupaten Pati","21","388"
"kabupaten","JAWA TENGAH","KUDUS","Dinas Pertanian dan Pangan","9","150"
"kabupaten","JAWA TENGAH","JEPARA","DINAS KETAHANAN PANGAN DAN PERTANIAN","16","153"
"kabupaten","JAWA TENGAH","DEMAK","Dinas Pertanian dan Pangan.","14","322"
"kabupaten","JAWA TENGAH","SEMARANG","DINAS PERTANIAN PERIKANAN DAN PANGAN","19","217"
"kabupaten","JAWA TENGAH","TEMANGGUNG","DINAS KETAHANAN PANGAN PERTANIAN DAN PERIKANAN","20","419"
"kabupaten","JAWA TENGAH","KENDAL","Dinas Pertanian dan Pangan","20","338"
"kabupaten","JAWA TENGAH","BATANG","Dinas Pangan dan Pertanian kabupaten Batang","15","331"
"kabupaten","JAWA TENGAH","PEKALONGAN","Dinas Ketahanan Pangan dan Pertanian","19","418"
"kabupaten","JAWA TENGAH","PEMALANG","Dinas Pertanian","14","175"
"kabupaten","JAWA TENGAH","TEGAL","DINAS KETAHANAN PANGAN DAN PERTANIAN","18","240"
"kabupaten","JAWA TENGAH","BREBES","Dinas Pertanian dan Ketahanan Pangan Kabupaten Brebes","17","229"
"kabupaten","JAWA TENGAH","KOTA MAGELANG","Dinas Pertanian dan Pangan Kota Magelang","1","31"
"kabupaten","JAWA TENGAH","KOTA SURAKARTA","Dinas Ketahanan Pangan dan Pertanian","0","10"
"kabupaten","JAWA TENGAH","KOTA SALATIGA","Dinas Pangan dan Pertanian Kota Salatiga","2","39"
"kabupaten","JAWA TENGAH","KOTA SEMARANG","Dinas Pertanian","5","94"
"kabupaten","JAWA TENGAH","KOTA PEKALONGAN","Dinas Pertanian dan pangan","1","13"
"kabupaten","JAWA TENGAH","KOTA TEGAL","Kelautan dan Perikanan, Pertanian dan Pangan","4","25"
"provinsi","DI YOGYAKARTA","","Dinas Pertanian dan Ketahanan Pangan","56","9"
"kabupaten","DI YOGYAKARTA","KULON PROGO","Dinas Pertanian dan Pangan Kabupaten Kulon Progo","12","213"
"kabupaten","DI YOGYAKARTA","BANTUL","Dinas Katahanan Pangan dan Pertanian","17","207"
"kabupaten","DI YOGYAKARTA","GUNUNG KIDUL","Dinas Pertanian dan Pangan","18","250"
"kabupaten","DI YOGYAKARTA","SLEMAN","Dinas Pertanian, Pangan, dan Perikanan","8","258"
"kabupaten","DI YOGYAKARTA","KOTA YOGYAKARTA","Dinas Pertanian Dan Pangan Kota Yogyakarta","1","42"
"provinsi","JAWA TIMUR","","Dinas Pertanian dan Ketahanan Pangan","589","20"
"kabupaten","JAWA TIMUR","PACITAN","Dinas Ketahanan Pangan dan Pertanian","12","135"
"kabupaten","JAWA TIMUR","PONOROGO","Dinas Pertanian, Ketahanan Pangan Dan Perikanan Kabupaten Ponorogo","21","340"
"kabupaten","JAWA TIMUR","TRENGGALEK","Dinas Pertanian dan Pangan Kab. Trenggalek","14","193"
"kabupaten","JAWA TIMUR","TULUNGAGUNG","DINAS PERTANIAN","19","350"
"kabupaten","JAWA TIMUR","BLITAR","Dinas Pertanian Dan Pangan","22","411"
"kabupaten","JAWA TIMUR","KEDIRI","Dinas Pertanian dan Perkebunan Kabupaten Kediri","26","361"
"kabupaten","JAWA TIMUR","MALANG","DINAS TANAMAN PANGAN, HORTIKULTURA DAN PERKEBUNAN","33","511"
"kabupaten","JAWA TIMUR","LUMAJANG","Dinas Ketahanan Pangan dan Pertanian","21","342"
"kabupaten","JAWA TIMUR","JEMBER","Dinas Tanaman Pangan, Hortikultura dan Perkebunan","10","238"
"kabupaten","JAWA TIMUR","BANYUWANGI","Dinas Pertanian dan Pangan","20","179"
"kabupaten","JAWA TIMUR","BONDOWOSO","Dinas Pertanian","7","473"
"kabupaten","JAWA TIMUR","SITUBONDO","Dinas Tanaman Pangan, Hortikultura dan Perkebunan Kabupaten Situbondo","17","91"
"kabupaten","JAWA TIMUR","PROBOLINGGO","Dinas Pertanian","24","444"
"kabupaten","JAWA TIMUR","PASURUAN","Dinas Ketahanan Pangan dan Pertanian","24","173"
"kabupaten","JAWA TIMUR","SIDOARJO","Dinas Pangan Dan Pertanian Kabupaten Sidoarjo","18","143"
"kabupaten","JAWA TIMUR","MOJOKERTO","DINAS PERTANIAN","18","177"
"kabupaten","JAWA TIMUR","JOMBANG","Dinas Pertanian","21","426"
"kabupaten","JAWA TIMUR","NGANJUK","Dinas Pertanian","20","214"
"kabupaten","JAWA TIMUR","MADIUN","DINAS PERTANIAN DAN PERIKANAN","15","298"
"kabupaten","JAWA TIMUR","MAGETAN","Dinas Tanaman Pangan, Hortikultura, Perkebunan dan Ketahanan Pangan","18","196"
"kabupaten","JAWA TIMUR","NGAWI","DINAS KETAHANAN PANGAN DAN PERTANIAN KABUPATEN NGAWI","19","251"
"kabupaten","JAWA TIMUR","BOJONEGORO","Dinas Ketahanan Pangan dan Pertanian","28","589"
"kabupaten","JAWA TIMUR","TUBAN","Dinas Ketahanan Pangan, Pertanian dan Perikanan","20","372"
"kabupaten","JAWA TIMUR","LAMONGAN","Dinas Ketahanan Pangan dan Pertanian","27","290"
"kabupaten","JAWA TIMUR","GRESIK","Dinas Pertanian","16","125"
"kabupaten","JAWA TIMUR","BANGKALAN","Dinas Pertanian Tanaman Pangan, Hortikultura dan Perkebunan","18","158"
"kabupaten","JAWA TIMUR","SAMPANG","DINAS PERTANIAN DAN KETAHANAN PANGAN KABUPATEN SAMPANG","14","130"
"kabupaten","JAWA TIMUR","PAMEKASAN","DINAS KETAHANAN PANGAN DAN PERTANIAN","13","278"
"kabupaten","JAWA TIMUR","SUMENEP","Dinas Ketahanan Pangan dan Pertanian","27","187"
"kabupaten","JAWA TIMUR","KOTA KEDIRI","Dinas Ketahanan Pangan dan Pertanian","3","40"
"kabupaten","JAWA TIMUR","KOTA BLITAR","Dinas Ketahanan Pangan dan Pertanian Kota Blitar","3","17"
"kabupaten","JAWA TIMUR","KOTA MALANG","Dinas Ketahanan Pangan dan Pertanian","5","26"
"kabupaten","JAWA TIMUR","KOTA PROBOLINGGO","Dinas Ketahanan Pangan, Pertanian dan Perikanan Kota Probolinggo","5","52"
"kabupaten","JAWA TIMUR","KOTA PASURUAN","Dinas Pertanian Dan Ketahanan Pangan","4","20"
"kabupaten","JAWA TIMUR","KOTA MOJOKERTO","Dinas Ketahanan Pangan Dan Pertanian","3","14"
"kabupaten","JAWA TIMUR","KOTA MADIUN","DINAS KETAHANAN PANGAN DAN PERTANIAN","0","1"
"kabupaten","JAWA TIMUR","KOTA SURABAYA","Dinas Ketahanan Pangan dan Pertanian","1","28"
"kabupaten","JAWA TIMUR","KOTA BATU","Dinas Pertanian dan Ketahanan Pangan","3","32"
"provinsi","BANTEN","","Dinas Pertanian Provinsi Banten","108","28"
"kabupaten","BANTEN","PANDEGLANG","Dinas Pertanian dan Ketahanan Pangan","35","239"
"kabupaten","BANTEN","LEBAK","Dinas Pertanian","28","335"
"kabupaten","BANTEN","TANGERANG","DINAS PERTANIAN DAN KETAHANAN PANGAN KAB. TANGERANG","8","237"
"kabupaten","BANTEN","SERANG","Dinas Ketahanan Pangan dan Pertanian Kab. Serang","29","385"
"kabupaten","BANTEN","KOTA TANGERANG","Dinas Ketahanan Pangan","0","9"
"kabupaten","BANTEN","KOTA CILEGON","Dinas Ketahanan Pangan dan Pertanian","1","20"
"kabupaten","BANTEN","KOTA SERANG","DINAS KETAHANAN PANGAN PERTANIAN DAN PERIKANAN KOTA SERANG","6","49"
"kabupaten","BANTEN","KOTA TANGERANG SELATAN","Dinas Ketahanan Pangan Petanian dan Perikanan","1","8"
"provinsi","BALI","","Dinas Pertanian dan Ketahanan Pangan Provinsi Bali","57","11"
"kabupaten","BALI","JEMBRANA","Dinas Pertanian dan Pangan Kabupaten Jembrana","5","98"
"kabupaten","BALI","TABANAN","Dinas Pertanian Kabupaten Tabanan","10","146"
"kabupaten","BALI","BADUNG","Dinas Pertanian Dan Pangan Kabupaten Badung","5","131"
"kabupaten","BALI","GIANYAR","Dinas Pertanian","7","51"
"kabupaten","BALI","KLUNGKUNG","Dinas Pertanian","4","95"
"kabupaten","BALI","BANGLI","Dinas Pertanian, Ketahanan Pangan dan Perikanan Kabupaten Bangli","5","213"
"kabupaten","BALI","KARANG ASEM","Dinas Pertanian, Pangan dan Perikanan","8","96"
"kabupaten","BALI","BULELENG","Dinas Pertanian","9","173"
"kabupaten","BALI","KOTA DENPASAR","Dinas Pertanian Kota Denpasar","4","77"
"provinsi","NUSA TENGGARA BARAT","","Dinas Pertanian dan Perkebunan","116","19"
"kabupaten","NUSA TENGGARA BARAT","LOMBOK BARAT","Dinas Pertanian","10","255"
"kabupaten","NUSA TENGGARA BARAT","LOMBOK TENGAH","Dinas Pertanian Pertanian Kabupaten Lombok Tengah","12","267"
"kabupaten","NUSA TENGGARA BARAT","LOMBOK TIMUR","Dinas Pertanian","21","279"
"kabupaten","NUSA TENGGARA BARAT","SUMBAWA","Dinas Pertanian Kabupaten Sumbawa","24","302"
"kabupaten","NUSA TENGGARA BARAT","DOMPU","Dinas Pertanian dan Perkebunan kabupaten Dompu","8","195"
"kabupaten","NUSA TENGGARA BARAT","BIMA","Dinas Pertanian dan Perkebunan","18","279"
"kabupaten","NUSA TENGGARA BARAT","SUMBAWA BARAT","DINAS PERTANIAN","8","139"
"kabupaten","NUSA TENGGARA BARAT","LOMBOK UTARA","Dinas Ketahanan Pangan Pertanian Dan Perikanan","5","84"
"kabupaten","NUSA TENGGARA BARAT","KOTA MATARAM","DINAS PERTANIAN","6","89"
"kabupaten","NUSA TENGGARA BARAT","KOTA BIMA","Dinas Pertanian Kota Bima","4","87"
"provinsi","NUSA TENGGARA TIMUR","","Dinas Pertanian Dan Ketahanan Pangan Provinsi Nusa Tenggara Timur","317","7"
"kabupaten","NUSA TENGGARA TIMUR","SUMBA BARAT","Dinas Pertanian dan Ketahanan Pangan","8","62"
"kabupaten","NUSA TENGGARA TIMUR","SUMBA TIMUR","Dinas Pertanian dan Pangan Kabupaten Sumba Timur","22","153"
"kabupaten","NUSA TENGGARA TIMUR","KUPANG","Dinas Pertanian dan Ketahanan Pangan Kabupaten Kupang","24","94"
"kabupaten","NUSA TENGGARA TIMUR","TIMOR TENGAH SELATAN","Dinas Tanaman Pangan Hortikultura dan Perkebunan","32","210"
"kabupaten","NUSA TENGGARA TIMUR","TIMOR TENGAH UTARA","Dinas Pertanian","24","145"
"kabupaten","NUSA TENGGARA TIMUR","BELU","DINAS PERTANIAN DAN KETAHANAN PANGAN","12","63"
"kabupaten","NUSA TENGGARA TIMUR","ALOR","Dinas Pertanian dan Perkebunan Kabupaten Alor","18","110"
"kabupaten","NUSA TENGGARA TIMUR","LEMBATA","Dinas Pertanian dan Ketahanan Pangan","9","96"
"kabupaten","NUSA TENGGARA TIMUR","FLORES TIMUR","Dinas Pertanian dan Ketahanan Pangan","19","229"
"kabupaten","NUSA TENGGARA TIMUR","SIKKA","Dinas Pertanian","21","170"
"kabupaten","NUSA TENGGARA TIMUR","ENDE","Dinas Pertanian","21","211"
"kabupaten","NUSA TENGGARA TIMUR","NGADA","DINAS PERTANIAN DAN KETAHANAN PANGAN","12","230"
"kabupaten","NUSA TENGGARA TIMUR","MANGGARAI","Dinas Pertanian Dan Ketahanan Pangan Kabupaten Manggarai","12","281"
"kabupaten","NUSA TENGGARA TIMUR","ROTE NDAO","Dinas Pertanian","11","164"
"kabupaten","NUSA TENGGARA TIMUR","MANGGARAI BARAT","Dinas Tanaman Pangan Hortikultura dan Perkebunan","12","129"
"kabupaten","NUSA TENGGARA TIMUR","SUMBA TENGAH","Dinas Pertanian dan Ketahanan Pangan","6","143"
"kabupaten","NUSA TENGGARA TIMUR","SUMBA BARAT DAYA","DINAS PERTANIAN DAN KETAHANAN PANGAN","11","272"
"kabupaten","NUSA TENGGARA TIMUR","NAGEKEO","Dinas Pertanian Kabupaten Nagekeo","7","213"
"kabupaten","NUSA TENGGARA TIMUR","MANGGARAI TIMUR","Dinas Pertanian","12","195"
"kabupaten","NUSA TENGGARA TIMUR","SABU RAIJUA","Dinas Pertanian dan Pangan","6","72"
"kabupaten","NUSA TENGGARA TIMUR","MALAKA","DINAS PERTANIAN","12","96"
"kabupaten","NUSA TENGGARA TIMUR","KOTA KUPANG","DINAS PERTANIAN KOTA KUPANG","6","30"
"provinsi","KALIMANTAN BARAT","","Dinas Tanaman Pangan dan Hortikultura","154","21"
"kabupaten","KALIMANTAN BARAT","SAMBAS","Dinas Pertanian dan Ketahanan Pangan","19","193"
"kabupaten","KALIMANTAN BARAT","BENGKAYANG","DINAS KETAHANAN PANGAN DAN PERTANIAN KABUPATEN BENGKAYANG","17","165"
"kabupaten","KALIMANTAN BARAT","LANDAK","Dinas Pertanian, Perikanan dan Ketahanan Pangan Kabupaten Landak","13","165"
"kabupaten","KALIMANTAN BARAT","MEMPAWAH","Dinas Pertanian, Ketahanan Pangan dan Perikanan Kabupaten Mempawah","9","86"
"kabupaten","KALIMANTAN BARAT","SANGGAU","Dinas Ketahanan Pangan, Tanaman Pangan, Holtikultura dan Perikanan Kabupaten Sanggau","15","229"
"kabupaten","KALIMANTAN BARAT","KETAPANG","DINAS PERTANIAN, PETERNAKAN DAN PERKEBUNAN KABUPATEN KETAPANG","18","182"
"kabupaten","KALIMANTAN BARAT","SINTANG","Dinas Pertanian dan Perkebunan","14","150"
"kabupaten","KALIMANTAN BARAT","KAPUAS HULU","DINAS PERTANIAN DAN PANGAN KABUPATEN KAPUAS HULU","14","164"
"kabupaten","KALIMANTAN BARAT","SEKADAU","Dinas Ketahanan Pangan,Pertanian dan Perikanan Kabupaten Sekadau","7","69"
"kabupaten","KALIMANTAN BARAT","MELAWI","Dinas Ketahanan Pangan Dan Pertanian","8","102"
"kabupaten","KALIMANTAN BARAT","KAYONG UTARA","Dinas Pertanian dan Pangan","6","68"
"kabupaten","KALIMANTAN BARAT","KUBU RAYA","Dinas Ketahanan Pangan dan Pertanian","9","159"
"kabupaten","KALIMANTAN BARAT","KOTA PONTIANAK","Dinas Pangan Pertanian dan Perikanan","2","23"
"kabupaten","KALIMANTAN BARAT","KOTA SINGKAWANG","Dinas Pertanian, Ketahanan Pangan dan Perikanan","3","33"
"provinsi","KALIMANTAN TENGAH","","Dinas Tanaman Pangan, Hortikuktura dan Peternakan","116","10"
"kabupaten","KALIMANTAN TENGAH","KOTAWARINGIN BARAT","Dinas Pertanian","6","106"
"kabupaten","KALIMANTAN TENGAH","KOTAWARINGIN TIMUR","Dinas Pertanian Kabupaten Kotawaringin Timur","14","129"
"kabupaten","KALIMANTAN TENGAH","KAPUAS","Dinas Pertanian","13","258"
"kabupaten","KALIMANTAN TENGAH","BARITO SELATAN","Dinas Ketahanan Pangan,Pertanian dan Perikanan","6","109"
"kabupaten","KALIMANTAN TENGAH","BARITO UTARA","Dinas Pertanian.","6","114"
"kabupaten","KALIMANTAN TENGAH","SUKAMARA","Dinas Ketahanan Pangan dan Pertanian","5","36"
"kabupaten","KALIMANTAN TENGAH","LAMANDAU","Dinas Pertanian dan Perikanan Kabupaten Lamandau","8","30"
"kabupaten","KALIMANTAN TENGAH","SERUYAN","Dinas Ketahanan Pangan dan Pertanian","10","79"
"kabupaten","KALIMANTAN TENGAH","KATINGAN","Dinas Ketahanan Pangan dan Pertanian Kabupaten Katingan","13","74"
"kabupaten","KALIMANTAN TENGAH","PULANG PISAU","Dinas Pertanian","8","113"
"kabupaten","KALIMANTAN TENGAH","GUNUNG MAS","DINAS PERTANIAN","6","50"
"kabupaten","KALIMANTAN TENGAH","BARITO TIMUR","DINAS PERTANIAN DAN KETAHANAN PANGAN","10","117"
"kabupaten","KALIMANTAN TENGAH","MURUNG RAYA","Dinas Pertanian dan Perikanan","8","45"
"kabupaten","KALIMANTAN TENGAH","KOTA PALANGKA RAYA","Dinas Pertanian dan Ketahanan Pangan Kota Palangka Raya","3","40"
"provinsi","KALIMANTAN SELATAN","","DINAS PERTANIAN DAN KETAHANAN PANGAN","133","25"
"kabupaten","KALIMANTAN SELATAN","TANAH LAUT","Dinas Tanaman Pangan Hortikultura dan Perkebunan","11","212"
"kabupaten","KALIMANTAN SELATAN","KOTA BARU","Dinas Ketahanan Pangan dan Pertanian Kabupaten Kotabaru","7","62"
"kabupaten","KALIMANTAN SELATAN","BANJAR","DINAS PERTANIAN KABUPATEN BANJAR","20","329"
"kabupaten","KALIMANTAN SELATAN","BARITO KUALA","Dinas Pertanian Tanaman Pangan dan Hortikultura Kab.Barito Kuala","17","202"
"kabupaten","KALIMANTAN SELATAN","TAPIN","DINAS PERTANIAN KABUPATEN TAPIN","12","245"
"kabupaten","KALIMANTAN SELATAN","HULU SUNGAI SELATAN","Dinas Pertanian","11","135"
"kabupaten","KALIMANTAN SELATAN","HULU SUNGAI TENGAH","Dinas Pertanian Kabupaten Hulu Sungai Tengah","11","287"
"kabupaten","KALIMANTAN SELATAN","HULU SUNGAI UTARA","Dinas Pertanian Kab. Hulu Sungai Utara","10","148"
"kabupaten","KALIMANTAN SELATAN","TABALONG","Dinas Ketahanan Pangan, Perikanan , Tanaman Pangan dan Hortikultura","8","176"
"kabupaten","KALIMANTAN SELATAN","TANAH BUMBU","Dinas Ketahanan Pangan dan Pertanian Kabupaten Tanah Bumbu","9","129"
"kabupaten","KALIMANTAN SELATAN","BALANGAN","Dinas Ketahanan Pangan, Pertanian dan Perikanan","8","204"
"kabupaten","KALIMANTAN SELATAN","KOTA BANJARMASIN","Dinas Ketahanan Pangan, Pertanian dan Perikanan Kota Banjarmasin","5","42"
"kabupaten","KALIMANTAN SELATAN","KOTA BANJAR BARU","Dinas Ketahanan Pangan, Pertanian dan Perikanan","4","81"
"provinsi","KALIMANTAN TIMUR","","Dinas Pangan, Tanaman Pangan dan Hortikultura","85","2"
"kabupaten","KALIMANTAN TIMUR","PASER","Dinas Tanaman Pangan dan Hortikultura","7","165"
"kabupaten","KALIMANTAN TIMUR","KUTAI BARAT","Dinas Pertanian","16","158"
"kabupaten","KALIMANTAN TIMUR","KUTAI KARTANEGARA","Dinas Pertanian dan Perternakan","19","276"
"kabupaten","KALIMANTAN TIMUR","KUTAI TIMUR","Dinas Pertanian","18","273"
"kabupaten","KALIMANTAN TIMUR","BERAU","Dinas Tanaman Pangan, Hortikultura dan Peternakan","10","95"
"kabupaten","KALIMANTAN TIMUR","PENAJAM PASER UTARA","Dinas Pertanian","3","120"
"kabupaten","KALIMANTAN TIMUR","MAHAKAM HULU","DINAS KETAHANAN PANGAN DAN PERTANIAN","5","45"
"kabupaten","KALIMANTAN TIMUR","KOTA BALIKPAPAN","DINAS PANGAN, PERTANIAN DAN PERIKANAN","2","19"
"kabupaten","KALIMANTAN TIMUR","KOTA SAMARINDA","DINAS KETAHANAN PANGAN DAN PERTANIAN KOTA SAMARINDA","4","47"
"kabupaten","KALIMANTAN TIMUR","KOTA BONTANG","Dinas Ketahanan Pangan, Perikanan Dan Pertanian","1","6"
"provinsi","KALIMANTAN UTARA","","Dinas Pertanian dan Ketahanan Pangan","24","7"
"kabupaten","KALIMANTAN UTARA","MALINAU","Dinas Pertanian","4","61"
"kabupaten","KALIMANTAN UTARA","BULUNGAN","Dinas Pertanian","7","71"
"kabupaten","KALIMANTAN UTARA","TANA TIDUNG","Dinas Pertanian, Pangan dan Perikanan","2","28"
"kabupaten","KALIMANTAN UTARA","NUNUKAN","DINAS KETAHANAN PANGAN DAN PERTANIAN KABUPATEN NUNUKAN","10","134"
"kabupaten","KALIMANTAN UTARA","KOTA TARAKAN","Dinas Ketahanan Pangan dan Pertanian","1","8"
"provinsi","SULAWESI UTARA","","Dinas Pertanian dan Peternakan Provinsi Sulawesi Utara","170","30"
"kabupaten","SULAWESI UTARA","BOLAANG MONGONDOW","DINAS PERTANIAN","15","187"
"kabupaten","SULAWESI UTARA","MINAHASA","Dinas Pertanian","25","272"
"kabupaten","SULAWESI UTARA","KEPULAUAN SANGIHE","DINAS PERTANIAN DAERAH","19","115"
"kabupaten","SULAWESI UTARA","KEPULAUAN TALAUD","DINAS KETAHANAN PANGAN DAN PERTANIAN","19","233"
"kabupaten","SULAWESI UTARA","MINAHASA SELATAN","DINAS PERTANIAN","17","136"
"kabupaten","SULAWESI UTARA","MINAHASA UTARA","DINAS PERTANIAN","10","61"
"kabupaten","SULAWESI UTARA","BOLAANG MONGONDOW UTARA","Dinas Pertanian","6","160"
"kabupaten","SULAWESI UTARA","SIAU TAGULANDANG BIARO","DINAS PANGAN DAN PERTANIAN","10","16"
"kabupaten","SULAWESI UTARA","MINAHASA TENGGARA","DINAS PERTANIAN","12","57"
"kabupaten","SULAWESI UTARA","BOLAANG MONGONDOW SELATAN","DINAS PERTANIAN","7","103"
"kabupaten","SULAWESI UTARA","BOLAANG MONGONDOW TIMUR","Dinas Pertanian Kab. Bolaang Mongondow Timur","7","117"
"kabupaten","SULAWESI UTARA","KOTA MANADO","Dinas Pertanian Kelautan dan Perikanan","6","40"
"kabupaten","SULAWESI UTARA","KOTA BITUNG","DINAS KETAHANAN PANGAN DAN PERTANIAN","8","79"
"kabupaten","SULAWESI UTARA","KOTA TOMOHON","Dinas Pertanian dan Perikanan Daerah Kota Tomohon","5","93"
"kabupaten","SULAWESI UTARA","KOTA KOTAMOBAGU","Dinas Pertanian dan Perikanan Kota Kotamobagu","4","52"
"provinsi","SULAWESI TENGAH","","Dinas Tanaman Pangan dan Hortikultura","169","33"
"kabupaten","SULAWESI TENGAH","BANGGAI KEPULAUAN","DINAS PERTANIAN","12","105"
"kabupaten","SULAWESI TENGAH","BANGGAI","Dinas Tanaman Pangan, Hortikultura dan Perkebunan","23","290"
"kabupaten","SULAWESI TENGAH","MOROWALI","DINAS PERTANIAN DAN KETAHANAN PANGAN DAERAH KAB. MOROWALI","9","105"
"kabupaten","SULAWESI TENGAH","POSO","DINAS PERTANIAN","19","156"
"kabupaten","SULAWESI TENGAH","DONGGALA","DINAS TANAMAN PANGAN, HORTIKULTURA DAN PERKEBUNAN","15","281"
"kabupaten","SULAWESI TENGAH","TOLI-TOLI","DINAS TANAMAN PANGAN DAN HORTIKULTURA KABUPATEN TOLITOLI","10","111"
"kabupaten","SULAWESI TENGAH","BUOL","Dinas Pertanian dan Ketahanan Pangan","11","141"
"kabupaten","SULAWESI TENGAH","PARIGI MOUTONG","DINAS TANAMAN PANGAN, HORTIKULTURA DAN PERKEBUNAN","23","208"
"kabupaten","SULAWESI TENGAH","TOJO UNA-UNA","DINAS PERTANIAN DAN KETAHANAN PANGAN","12","151"
"kabupaten","SULAWESI TENGAH","SIGI","Dinas Tanaman Pangan Hortikultura dan Perkebunan","13","284"
"kabupaten","SULAWESI TENGAH","KOTA PALU","Dinas Pertanian dan Ketahanan Pangan Kota Palu","5","72"
"kabupaten","SULAWESI TENGAH","BANGGAI LAUT","DINAS PERTANIAN DAN PANGAN KABUPATEN BANGGAI LAUT","7","64"
"kabupaten","SULAWESI TENGAH","MOROWALI UTARA","Dinas Pertanian dan Pangan Daerah","10",""
"provinsi","SULAWESI SELATAN","","Dinas Tanaman Pangan, Hortikultura dan Perkebunan Prov. Sulsel","292","30"
"kabupaten","SULAWESI SELATAN","KEPULAUAN SELAYAR","Dinas Pertanian dan Ketahanan Pangan","10","188"
"kabupaten","SULAWESI SELATAN","BULUKUMBA","Dinas Pertanian dan Ketahanan Pangan","10","245"
"kabupaten","SULAWESI SELATAN","BANTAENG","DINAS PERTANIAN KABUPATEN BANTAENG","8","143"
"kabupaten","SULAWESI SELATAN","JENEPONTO","DINAS PERTANIAN","11","352"
"kabupaten","SULAWESI SELATAN","TAKALAR","DINAS TANAMAN PANGAN HORTIKULTURA PERKEBUNAN DAN KETAHANAN PANGAN","10","150"
"kabupaten","SULAWESI SELATAN","GOWA","Dinas Tanaman Pangan dan Hortikultura","18","234"
"kabupaten","SULAWESI SELATAN","SINJAI","Dinas Tanaman Pangan, Hortikultura dan Perkebunan","8","185"
"kabupaten","SULAWESI SELATAN","MAROS","Dinas Pertanian dan Ketahanan Pangan","14","333"
"kabupaten","SULAWESI SELATAN","PANGKAJENE DAN KEPULAUAN","DINAS PERTANIAN","9","124"
"kabupaten","SULAWESI SELATAN","BARRU","Dinas Pertanian Kabupaten Barru","7","111"
"kabupaten","SULAWESI SELATAN","BONE","Dinas Tanaman Pangan, Hortikultura dan Perkebunan","27","336"
"kabupaten","SULAWESI SELATAN","SOPPENG","Dinas Tanaman Pangan, Hortikultura, Perkebunan dan Ketahanan Pangan","8","214"
"kabupaten","SULAWESI SELATAN","WAJO","Dinas Pertanian dan Ketahanan Pangan","14","157"
"kabupaten","SULAWESI SELATAN","SIDENRENG RAPPANG","Dinas Tanaman Pangan, Hortikultura, Perkebunan dan Ketahanan Pangan","11","291"
"kabupaten","SULAWESI SELATAN","PINRANG","DINAS TANAMAN PANGAN DAN HORTIKULTURA KABUPATEN PINRANG","12","219"
"kabupaten","SULAWESI SELATAN","ENREKANG","DINAS TANAMAN PANGAN HORTIKULTURA DAN PERKEBUNAN","12","263"
"kabupaten","SULAWESI SELATAN","LUWU","DINAS PERTANIAN","22","295"
"kabupaten","SULAWESI SELATAN","TANA TORAJA","Dinas Pertanian, Ketahanan Pangan dan Perikanan","19","138"
"kabupaten","SULAWESI SELATAN","LUWU UTARA","DINAS PERTANIAN","15","285"
"kabupaten","SULAWESI SELATAN","LUWU TIMUR","DINAS PERTANIAN DAN KETAHANAN PANGAN","11","173"
"kabupaten","SULAWESI SELATAN","TORAJA UTARA","Dinas Pertanian","21","100"
"kabupaten","SULAWESI SELATAN","KOTA MAKASSAR","Dinas Perikanan dan Pertanian","2","62"
"kabupaten","SULAWESI SELATAN","KOTA PAREPARE","Dinas Pertanian, Kelautan dan Perikanan","4","52"
"kabupaten","SULAWESI SELATAN","KOTA PALOPO","Dinas Pertanian, Peternakan dan Perkebunan","9","79"
"provinsi","SULAWESI TENGGARA","","Dinas Tanaman Pangan dan Peternakan Provinsi Sulawesi Tenggara","210","9"
"kabupaten","SULAWESI TENGGARA","BUTON","Dinas Pertanian Kabupaten Buton","7","65"
"kabupaten","SULAWESI TENGGARA","MUNA","DINAS TANAMAN PANGAN, HORTIKULTURA DAN PERKEBUNAN","22","258"
"kabupaten","SULAWESI TENGGARA","KONAWE","Dinas Tanaman Pangan, Hortikultura dan Perkebunan","29","645"
"kabupaten","SULAWESI TENGGARA","KOLAKA","Dinas Tanaman Pangan dan Hortikultura","12","120"
"kabupaten","SULAWESI TENGGARA","KONAWE SELATAN","DINAS TANAMAN PANGAN, HORTIKULTURA DAN PERKEBUNAN KABUPATEN KONAWE SELATAN","25","289"
"kabupaten","SULAWESI TENGGARA","BOMBANA","DINAS PERTANIAN","21","152"
"kabupaten","SULAWESI TENGGARA","WAKATOBI","DINAS PERTANIAN","8","96"
"kabupaten","SULAWESI TENGGARA","KOLAKA UTARA","DINAS TANAMAN PANGAN DAN HORTIKULTURA","9","92"
"kabupaten","SULAWESI TENGGARA","BUTON UTARA","Dinas Pertanian","6","53"
"kabupaten","SULAWESI TENGGARA","KONAWE UTARA","DINAS TANAMAN PANGAN DAN PETERNAKAN KAB. KONAWE UTARA","12","76"
"kabupaten","SULAWESI TENGGARA","KOLAKA TIMUR","Dinas Tanaman Pangan dan Peternakan","11","135"
"kabupaten","SULAWESI TENGGARA","KOTA KENDARI","Dinas Pertanian Kota Kendari","9","90"
"kabupaten","SULAWESI TENGGARA","KOTA BAUBAU","Dinas Pertanian dan Ketahanan Pangan Kota Baubau","7","25"
"kabupaten","SULAWESI TENGGARA","KONAWE KEPULAUAN","DINAS PERTANIAN","7","34"
"kabupaten","SULAWESI TENGGARA","BUTON TENGAH","Dinas Pertanian","7","71"
"kabupaten","SULAWESI TENGGARA","BUTON SELATAN","Dinas Pertanian","7","67"
"kabupaten","SULAWESI TENGGARA","MUNA BARAT","DINAS PERTANIAN DAN PANGAN","11","110"
"provinsi","GORONTALO","","Dinas Pertanian Provinsi Gorontalo","76","9"
"kabupaten","GORONTALO","BOALEMO","DINAS PERTANIAN DAN KETAHANAN PANGAN KABUPATEN BOALEMO","7","168"
"kabupaten","GORONTALO","GORONTALO","Dinas Pertanian","19","363"
"kabupaten","GORONTALO","POHUWATO","Dinas Pertanian Kabupaten Pohuwato","13","181"
"kabupaten","GORONTALO","BONE BOLANGO","Dinas Ketahanan Pangan Dan Pertanian Kabupaten Bone Bolango","18","225"
"kabupaten","GORONTALO","GORONTALO UTARA","DINAS TANAMAN PANGAN, HORTIKULTURA DAN PERKEBUNAN","11","144"
"kabupaten","GORONTALO","KOTA GORONTALO","Dinas Kelautan Perikanan dan Pertanian","8","62"
"provinsi","SULAWESI BARAT","","Dinas Tanaman Pangan, Hortikultura dan Peternakan","61","8"
"kabupaten","SULAWESI BARAT","MAJENE","Dinas Pertanian, Peternakan dan Perkebunan","8","128"
"kabupaten","SULAWESI BARAT","POLEWALI MANDAR","Dinas Pertanian dan Pangan Kabupaten Polewali Mandar","16","134"
"kabupaten","SULAWESI BARAT","MAMASA","DINAS PERTANIAN KABUPATEN MAMASA","17","162"
"kabupaten","SULAWESI BARAT","MAMUJU","Dinas Tanaman Pangan, Hortikultura Dan Peternakan","10","119"
"kabupaten","SULAWESI BARAT","PASANGKAYU","DINAS PERTANIAN KABUPATEN PASANGKAYU","5","77"
"kabupaten","SULAWESI BARAT","MAMUJU TENGAH","Dinas Ketahanan Pangan dan Pertanian","5","71"
"provinsi","MALUKU","","DINAS PERTANIAN","107","29"
"kabupaten","MALUKU","KEPULAUAN TANIMBAR","DINAS PERTANIAN","7","34"
"kabupaten","MALUKU","MALUKU TENGGARA","DINAS PERTANIAN","11","35"
"kabupaten","MALUKU","MALUKU TENGAH","DINAS TANAMAN PANGAN DAN HORTIKULTURA & DINAS PERKEBUNAN DAN PETERNAKAN","18","221"
"kabupaten","MALUKU","BURU","Dinas Pertanian","8","125"
"kabupaten","MALUKU","KEPULAUAN ARU","Dinas Pertanian","10","170"
"kabupaten","MALUKU","SERAM BAGIAN BARAT","Dinas Pertanian","11","69"
"kabupaten","MALUKU","SERAM BAGIAN TIMUR","Dinas Pertanian","15","90"
"kabupaten","MALUKU","MALUKU BARAT DAYA","Dinas Pertanian dan Pangan","17","64"
"kabupaten","MALUKU","BURU SELATAN","Dinas Pertanian","5","35"
"kabupaten","MALUKU","KOTA AMBON","Dinas Pertanian dan Ketahanan Pangan Kota Ambon","2","37"
"kabupaten","MALUKU","KOTA TUAL","Dinas Pertanian","3","36"
"provinsi","MALUKU UTARA","","Dinas Pertanian Maluku Utara","100","16"
"kabupaten","MALUKU UTARA","HALMAHERA BARAT","Dinas Pertanian dan Ketahanan Pangan","9","144"
"kabupaten","MALUKU UTARA","HALMAHERA TENGAH","Dinas Pertanian","12","54"
"kabupaten","MALUKU UTARA","KEPULAUAN SULA","Dinas Pertanian","12","40"
"kabupaten","MALUKU UTARA","HALMAHERA SELATAN","Dinas Pertanian, Perkebunan dan Ketahanan Pangan","16","104"
"kabupaten","MALUKU UTARA","HALMAHERA UTARA","Dinas Pertanian Kabupaten Halmahera Utara","13","120"
"kabupaten","MALUKU UTARA","HALMAHERA TIMUR","Dinas Pertanian","10","58"
"kabupaten","MALUKU UTARA","PULAU MOROTAI","Dinas Pertanian Dan Ketahanan Pangan","6","29"
"kabupaten","MALUKU UTARA","PULAU TALIABU","Dinas Pertanian","6","14"
"kabupaten","MALUKU UTARA","KOTA TERNATE","Dinas Pertanian","8","65"
"kabupaten","MALUKU UTARA","KOTA TIDORE KEPULAUAN","Dinas Pertanian","8","128"
"provinsi","PAPUA BARAT","","Dinas Tanaman Pangan Hortikultura dan Perkebunan","66","5"
"kabupaten","PAPUA BARAT","FAKFAK","Dinas Pertanian dan Ketahanan Pangan","8","45"
"kabupaten","PAPUA BARAT","KAIMANA","Dinas Ketahanan Pangan dan Pertanian","6","41"
"kabupaten","PAPUA BARAT","TELUK WONDAMA","Dinas Pertanian dan Pangan","13","54"
"kabupaten","PAPUA BARAT","TELUK BINTUNI","DINAS PERTANIAN","3","80"
"kabupaten","PAPUA BARAT","MANOKWARI","DINAS PERTANIAN DAN KETAHANAN PANGAN","9","154"
"kabupaten","PAPUA BARAT","SORONG SELATAN","Kantor Pelaksana Penyuluhan dan Ketahanan Pangan","1","3"
"kabupaten","PAPUA BARAT","SORONG","Dinas Tanaman Pangan Hortikultura dan Perkebunan Kabupaten Sorong","10","75"
"kabupaten","PAPUA BARAT","RAJA AMPAT","Dinas Ketahanan Pangan dan Pertanian","2","7"
"kabupaten","PAPUA BARAT","TAMBRAUW","Dinas Pertanian Kabupaten Tambrauw, Bidang Penyuluhan","5","33"
"kabupaten","PAPUA BARAT","MAYBRAT","Dinas Pertanian dan Perkebunan","4","2"
"kabupaten","PAPUA BARAT","KOTA SORONG","DINAS PERTANIAN KOTA SORONG","1","21"
"kabupaten","PAPUA BARAT","PEGUNUNGAN ARFAK","Dinas Pertanian dan Ketahanan Pangan","2","9"
"kabupaten","PAPUA BARAT","MANOKWARI SELATAN","DINAS KETAHANAN PANGAN DAN PERTANIAN","2","18"
"provinsi","PAPUA","","Dinas Pertanian dan Pangan Provinsi Papua","148","1"
"kabupaten","PAPUA","MERAUKE","Dinas Tanaman Pangan, Hortikultura dan Perkebunan","9","76"
"kabupaten","PAPUA","JAYAWIJAYA","DINAS PERTANIAN","12","68"
"kabupaten","PAPUA","JAYAPURA","Dinas Tanaman Pangan dan Hortikultura Kabupaten Jayapura","7","36"
"kabupaten","PAPUA","NABIRE","Dinas Pertanian","7","46"
"kabupaten","PAPUA","KEPULAUAN YAPEN","Dinas Pertanian","7","53"
"kabupaten","PAPUA","BIAK NUMFOR","Dinas Pertanian dan Ketahanan Pangan","10","69"
"kabupaten","PAPUA","PANIAI","DINAS PERTANIAN, PERKEBUNAN DAN PETERNAKAN","2","130"
"kabupaten","PAPUA","PUNCAK JAYA","Dinas Pertanian dan Perikanan","2","16"
"kabupaten","PAPUA","MIMIKA","DINAS PERTANIAN TANAMAN PANGAN HOLTIKULTURA DAN PERKEBUNAN","4","36"
"kabupaten","PAPUA","BOVEN DIGOEL","Dinas Tanaman Pangan Hortikultura, Peternakan Dan Perikanan","7","51"
"kabupaten","PAPUA","MAPPI","Dinas Pertanian Kabupaten Mappi","4","41"
"kabupaten","PAPUA","ASMAT","Dinas Tanaman Pangan dan Pertanian","7","83"
"kabupaten","PAPUA","YAHUKIMO","Dinas Pertanian dan Perikanan","6","23"
"kabupaten","PAPUA","PEGUNUNGAN BINTANG","Dinas Pertanian Dan Perikanan","11","69"
"kabupaten","PAPUA","TOLIKARA","Dinas Pertanian dan Perikanan","0","0"
"kabupaten","PAPUA","SARMI","Dinas Pertanian","6","36"
"kabupaten","PAPUA","KEEROM","Dinas Pertanian","7","107"
"kabupaten","PAPUA","WAROPEN","Dinas Pertanian, Perkebunan dan Ketahanan Pangan","10","50"
"kabupaten","PAPUA","SUPIORI","Dinas Pertanian dan Ketahanan Pangan","5","26"
"kabupaten","PAPUA","MAMBERAMO RAYA","Dinas Pertanian dan Ketahanan Pangan","2","23"
"kabupaten","PAPUA","NDUGA","Dinas Pertanian dan Ketahanan Pangan","2","3"
"kabupaten","PAPUA","LANNY JAYA","Dinas Pertanian dan Perikanan","8","16"
"kabupaten","PAPUA","MAMBERAMO TENGAH","Dinas Pertanian","0","0"
"kabupaten","PAPUA","YALIMO","Dinas Pertanian dan Pangan","4","0"
"kabupaten","PAPUA","PUNCAK","Dinas Pertanian Dan Perkebunan","0","0"
"kabupaten","PAPUA","DOGIYAI","Dinas Pertanian dan Perkebunan","4","19"
"kabupaten","PAPUA","INTAN JAYA","Pertanian dan Perkebunan","1","14"
"kabupaten","PAPUA","DEIYAI","DINAS PERTANIAN","2","20"
"kabupaten","PAPUA","KOTA JAYAPURA","Dinas Ketahanan Pangan dan Pertanian Kota Jayapura","2","11"
