nama_di_registri,id,nama,asal,grup_induk,status_aktivitas,merek_utama,situs,sumber,sumber_jenis,keyakinan,diperbarui
PT. Agritek Tani Indonesia,agritek-tani-indonesia-agrosid-manunggal-sentosa-bio-sarana-,(Anggota ABI lain — belum diriset),Indonesia,Swasta nasional,belum-diverifikasi,,,abi-bioagroinput.or.id/anggota.aspx ; pengecekan DNS/HTTP langsung,laporan-agen-riset,rendah,2026-08-19
PT. ADIL MAKMUR FAJAR,adil-makmur-fajar,Adil Makmur Fajar,Indonesia,belum terverifikasi,aktif,"Amco Up 486 SL, Amcometryn 80 WP, Amcomin 865 SL, Amcopyr 670 EC, Amcoron 80 WP, Amfuron 20 WG, Amsinat 150 SL, Bestop 530 SL",belum terverifikasi,[Registri Kementan 2014](https://toolsfortransformation.net/wp-content/uploads/2017/05/Buk,laporan-agen-riset,sedang,2026-08-19
PT. ADVANSIA INDOTANI,advansia-indotani,Advansia Indotani,Indonesia (Tangerang/BSD),belum terverifikasi,aktif,"Buku 2014: Abado 50 WP, Abenz 22 EC, Abojo 60 WP, Adoca 150 SC, Akalis 550 SC. Terkini: Symphony 500 EC, Atamit, Amiko, Apuri 50 WP, Valor 50 WG",belum terverifikasi,Buku Pestisida Terdaftar 2014 ; [ACCI](https://cropcare.or.id/daftar-anggota/) ; [Registri Kementan 2014](https://toolsfortransformation.net/wp-content/uploads/2017/05/Buk ; advansia.co.id ; cropcare.or.id/daftar-anggota,laporan-agen-riset,sedang/tinggi,2026-08-19
PT. AGRICULTURE CONSTRUCTION,agriculture-construction-dikenal-agricon,Agricon,Indonesia (Bogor),"induk grup sendiri — membawahi PT Agricon Indonesia (30% Mitsui Chemicals Agro), PT Asia Gala Kimia, PT ASABI, PT Panca Agro Niaga Lestari",aktif,"Spontan 400 SL, Spontanking 400 SL, Mospilan 30 EC, Tenchu 20 SG, Sevin 85 SP, Abuki 50 SL, Blast 200 SC, Bazoka 80 WP",agricon.com,Buku Pestisida Terdaftar 2014 ; agricon.com,laporan-agen-riset,tinggi,2026-08-19
PT.AGRITEK SUKSES INDONESIA,agritek-sukses-indonesia,Agritek Sukses Indonesia,,,aktif,"BIONANO 0,13 SL (azadirakhtin 0,13 g/l)",,,laporan-agen-riset,tinggi,2026-08-19
PT. AGRO GUNA MAKMUR,agro-guna-makmur,Agro Guna Makmur,,,aktif,"Alfatox 50 EC, Amarilis 25 EC, Basileum 505 EC, Carolit 500 EC, Festans 80 WP, Granat 25 EC",,,laporan-agen-riset,sedang,2026-08-19
PT. AGRO SEJAHTERA INDONESIA,agro-sejahtera-indonesia,Agro Sejahtera Indonesia,Indonesia,⚠️ belum terverifikasi,aktif,"Asmec 36 EC, Asterking 15 EC, Astertrin 250 EC, Astermida 10 WP, Antong 75 SP, Deltara 50 EC, Bansar 500 EC, Ekstraklin 276 SL",⚠️ belum terverifikasi,Buku Pestisida Terdaftar 2014 ; cropcare.or.id/daftar-anggota,laporan-agen-riset,tinggi,2026-08-19
PT. AGROKIMINDO KURNIABUANA,agrokimindo-kurnia-buana,Agrokimindo Kurnia Buana,,,aktif,"RESTACK WP (Bt kurstaki HD-1, 16.000 IU/mg); ABA-M 18 EC, Alfast 30 EC",,,laporan-agen-riset,tinggi,2026-08-19
PT. AGX ASIA INDONESIA,agx-asia-indonesia,AGX Asia,⚠️ belum terverifikasi,⚠️ belum terverifikasi,belum-diverifikasi,⚠️ belum terverifikasi,⚠️ belum terverifikasi,cropcare.or.id/daftar-anggota,laporan-agen-riset,rendah,2026-08-19
PT. ALBAUGH AGRO INDONESIA,albaugh-agro-indonesia,Albaugh,AS (Albaugh LLC),Albaugh LLC,aktif,belum terverifikasi — tidak ada di registri 2014,belum terverifikasi,[ACCI](https://cropcare.or.id/daftar-anggota/) ; cropcare.or.id/daftar-anggota,laporan-agen-riset,sedang,2026-08-19
ARTHA PRIMA HUMATINDO,artha-prima-humatindo,Artha Prima Humatindo,Indonesia,Swasta nasional,belum-diverifikasi,⚠️ merek belum terverifikasi,https://humatindo.com,abi-bioagroinput.or.id/anggota.aspx ; humatindo.com,laporan-agen-riset,sedang/sedang (perusahaan) / rendah (pro,2026-08-19
PT. ARYSTA LIFESCIENCE TIRTA,arysta-lifescience-tirta,Arysta LifeScience,Jepang (Tokyo) → Prancis,UPL Limited (sejak 2019),aktif,"Trebon 95 EC (etofenproks), Mitac 200 EC (amitraz), Kasumin 20 SL (kasugamisin), Eviset 50 SP, Funguran 80 WP, Pyramid 72 WP, Arytop 300 SC, Tsubame 18 EC",upl-ltd.com,Buku Pestisida Terdaftar 2014 ; cropcare.or.id/daftar-anggota,laporan-agen-riset,tinggi,2026-08-19
PT.ASIANA CHEMICALINDO LESTARI,asiana-chemicalindo-lestari,Asiana Chemicalindo Lestari,Indonesia (Jakarta Selatan),— (swasta independen),aktif,"Ridafos 550/50 EC, Buniken 60/10 WP, Abapro 38 EC, Spontas 450 SL, Emapro 20/160 OD, Bencore 250 EC, Asiathane 80 WP, Keong Kill 60 WP",asianachemical.co.id,Buku Pestisida Terdaftar 2014 ; [ACCI](https://cropcare.or.id/daftar-anggota/) ; [Registri Kementan 2014](https://toolsfortransformation.net/wp-content/uploads/2017/05/Buk ; asianachemical.co.id ; cropcare.or.id/daftar-anggota,laporan-agen-riset,sedang/tinggi,2026-08-19
ASTINA MEGAH ABADI,astina-megah-abadi,Astina Megah Abadi,,,aktif,TRICHO ZIA 1.0 WS (T. harzianum),,,laporan-agen-riset,tinggi,2026-08-19
PT. BASF INDONESIA,basf-indonesia,BASF,Jerman (Ludwigshafen),BASF SE — Agricultural Solutions,aktif,"Cimegra 100 SC, Regent 50 SC, Fastac 15 EC, Efficon 120 SL, Cabrio 250 EC, Cabrio Top 60 WG, Cevya 400 SC, Zampro 525 SC, Seltima 100 CS, Besun Elite 300 SC (bakterisida), Selontra (rodentisida)",belum terverifikasi (basf.com/id),Buku Pestisida Terdaftar 2014 ; Laporan Tahunan CropLife Indonesia 2019 ; [Registri Kementan 2014](https://toolsfortransformation.net/wp-content/uploads/2017/05/Buk ; petani-sejahtera.basf.co.id,laporan-agen-riset,tinggi/tinggi (merek) / sedang (badan hu,2026-08-19
PT. BAYER INDONESIA,bayer-indonesia-unit-benih-jagung-disebut-bayer-indonesia-se,Bayer Indonesia,Jerman (Bayer) / AS (eks-Monsanto),Bayer AG — Divisi Crop Science,aktif,"Basta 150 SL (glufosinat), Sunrice 15/60 WG, Ricestar 69 EC, Ricestar Xtra, Sencor 70 WP, Merlin 75 WG, Esplanade 22 WG, Ethrel 480 SL / 10 PA (ZPT etefon); via Monagro: Roundup 486 SL, Roundup Max/Powermax 660 SL",belum terverifikasi (kemungkinan bayer.co.id),Buku Pestisida Terdaftar 2014 ; Laporan Tahunan CropLife Indonesia 2019 ; [Registri Kementan 2014](https://toolsfortransformation.net/wp-content/uploads/2017/05/Buk ; asbenindo.org/anggota ; bayer.com/id ; ekonomi.bisnis.com ; sulselsatu.com (Mei 2025),laporan-agen-riset,tinggi/tinggi (jagung/padi); rendah (say,2026-08-19
PT. BEHN MEYER AGRICARE,behn-meyer-agricare-juga-tampil-sebagai-behn-meyer-pupuk-agr,Behn Meyer AgriCare,Jerman (grup sejak ±1840) — ops Tangerang Selatan,Behn Meyer Holding AG,aktif,"Behnquat 276 SL, BM Vefosate 480 SL, BM Benta-Q 480 SL, BM E-Fast 150 SL, BM Metron 20 WG, BM Tricalon 318 EC, BM Cantas 40 WP",https://www.behnmeyer.com,Buku Pestisida Terdaftar 2014 ; [ACCI](https://cropcare.or.id/daftar-anggota/) ; [Registri Kementan 2014](https://toolsfortransformation.net/wp-content/uploads/2017/05/Buk ; agribiznetwork.com ; cropcare.or.id/daftar-anggota ; lamansitu.kemendag.go.id/domestic-company/detail/behn-meyer-agricare,laporan-agen-riset,sedang/tinggi/tinggi (entitas) / sedang ,2026-08-19
PT. BELIRANG KALISARI,belirang-kalisari,Belirang Kalisari,Indonesia (Surabaya),Swasta nasional,belum-diverifikasi,⚠️ merek tidak terverifikasi,https://belirangkalisari.com,cropcare.or.id/daftar-anggota/belirang-kalisari-pt,laporan-agen-riset,rendah/sedang,2026-08-19
BIO INDUSTRI NUSANTARA,bio-industri-nusantara,Bio Industri Nusantara,Indonesia (HQ Bandung),"⚠️ diyakini grup PTPN, belum terverifikasi",aktif,"Pupuk Hayati EMAS (PHE), BIOBUZ, BIORIZ, KOMPOTA, MARFU-P, BioAgrodeco",https://ptbionusa.co.id,ptbionusa.co.id/produk/ ; ptbionusa.co.id/profil/tentang-kami/,laporan-agen-riset,sedang/tinggi,2026-08-19
PT. BIO SARANA INDONESIA,bio-sarana-indonesia,Bio Sarana Indonesia,,,aktif,"PESNAB 4 EC (dialil sulfida, alil metil disulfida, dialil disulfida, alil metil trisulfida, dialil trisulfida — ekstrak bawang)",,,laporan-agen-riset,tinggi,2026-08-19
PT. BIOTIS AGRINDO,biotis-agrindo,Biotis Agrindo,Indonesia (Jakarta Utara),⚠️ belum terverifikasi,aktif,"Buku 2014: Biocis 25 EC, Biocron 500 EC, Biogent 50 SC, Biothion 200 EC, Bilis 500 SC, Cadilac 80 WP, Deltaking 565 EC. Terkini: BIOMAX",https://biotis.co.id,Buku Pestisida Terdaftar 2014 ; [ACCI](https://cropcare.or.id/daftar-anggota/) ; [Registri Kementan 2014](https://toolsfortransformation.net/wp-content/uploads/2017/05/Buk ; biotis.co.id ; biotis.co.id/en_US/category/produk/ ; cropcare.or.id/daftar-anggota ; cropcare.or.id/daftar-anggota/biotis-agri,laporan-agen-riset,sedang/tinggi/tinggi (profil) / rendah (,2026-08-19
PT. CORTEVA AGRISCIENCE INDONESIA,corteva-agriscience-indonesia-nama-entitas-terkini-belum-ter,Corteva Agriscience,AS (Indianapolis),"Corteva, Inc. (NYSE: CTVA)",aktif,"Historis (registri 2014): Garlon 670 EC (triklopir), Starane 290/480 EC, DMA 6 825 SL, Clincher 100 EC, Clipper 25 OD, Tordon 101, Broadnet 17/480 SL, Ally 20 WG (metil metsulfuron, eks-DuPont). Terkini (terverifikasi di situs Corteva ID, 2026): Novixid 12,5 OD, Novlect 100/20 EC",corteva.com/id (domain corteva.id redirect ke sini) — ✅ terverifikasi,Buku Pestisida Terdaftar 2014 ; Laporan Tahunan CropLife Indonesia 2019 ; [Registri Kementan 2014](https://toolsfortransformation.net/wp-content/uploads/2017/05/Buk ; [corteva.com/id](https://www.corteva.com/id/) ; asbenindo.org/anggota ; corteva.com/id ; corteva.id ; jawapos.com (peluncuran P40),laporan-agen-riset,sedang/tinggi,2026-08-19
PT. DA MING INDONESIA,da-ming-indonesia,Da Ming,Tiongkok (belum terverifikasi),⚠️ belum terverifikasi,belum-diverifikasi,⚠️ belum terverifikasi,⚠️ belum terverifikasi,cropcare.or.id/daftar-anggota,laporan-agen-riset,rendah/sedang,2026-08-19
PT. DELTA GIRI WACANA,delta-giri-wacana-idx-dgwg-lini-pupuk-fertilizer-inti-techno,Delta Giri Wacana,Indonesia (Jakarta Utara),perusahaan terbuka (IDX: DGWG) — induk DGW Group,aktif,"NPK premium: NPK Compaction, NPK Gold, NPK Booster / Booster Premium, NPK DGW 16-16-16+TE, NPK Arjuna. Foliar/larut air: CropFast, KNO3 Crystal & Prill, HX-MKP, Cakra Pandawa (Borat, CPN, Mags, MAP Plus). Tunggal: HX-AS / AS Super / AS Granule, HX-DAP, HX-MroPh, DGW TSP. Organik: Cakra Pandawa K12. Cair: Vitagro 11-8-6+TE",https://www.dgw.co.id · https://www.dgwfertilizer.co.id,cropcare.or.id/daftar-anggota ; cropcare.or.id/daftar-anggota/fertilizer-inti-technology-pt ; dgw.co.id ; dgw.co.id/en ; dgw.co.id/en/fertilizers ; dgwfertilizer.co.id,laporan-agen-riset,tinggi,2026-08-19
PT. DELTAGRO MULIA SEJATI,deltagro-mulia-sejati,Deltagro Mulia Sejati,Indonesia,⚠️ belum terverifikasi,aktif,"Detacron 500 EC, Detafos 200 EC, Detazeb 80 WP, Daitona 400 EC, Destan 400 EC, Deskor 95 WP, Dennis 75 WP, Ares 100 SL",⚠️ belum terverifikasi,Buku Pestisida Terdaftar 2014 ; [ACCI](https://cropcare.or.id/daftar-anggota/) ; [Registri Kementan 2014](https://toolsfortransformation.net/wp-content/uploads/2017/05/Buk ; cropcare.or.id/daftar-anggota,laporan-agen-riset,sedang/tinggi,2026-08-19
FERTILIZER INTI TECHNOLOGY,fertilizer-inti-technology,DGW Fertilizer,Indonesia,DGW Group (PT Delta Giri Wacana Tbk),aktif,"Cakra Pandawa (Borat, CPN, Mags, MAP Plus, Kamaszibor), CropFast, KNO3 Crystal & Prill, HX-MKP, Vitagro",https://www.dgwfertilizer.co.id,dgwfertilizer.co.id,laporan-agen-riset,sedang,2026-08-19
PT. DHARMA GUNA WIBAWA,dharma-guna-wibawa-delta-giri-wacana,Dharma Guna Wibawa (DGW),Indonesia (Jakarta Utara),PT Delta Giri Wacana Tbk (IDX: DGWG),aktif,"Dangke 40 WP, Dangke Turbo 40 WP, Demolish 18 EC, Klensect 200 EC, Bypass 60/20 WG, Explore 250 EC, Corona 325 SC, Cozeb 80 WP, Osiris 5,45 SL (matrin)",dharmagunawibawa.co.id,Buku Pestisida Terdaftar 2014 ; Daftar Pestisida Biologi 2019 ; [Registri Kementan 2014](https://toolsfortransformation.net/wp-content/uploads/2017/05/Buk ; [dgw.co.id](https://dgw.co.id/) ; dharmagunawibawa.co.id,laporan-agen-riset,tinggi,2026-08-19
ENERGI AGRO NUSANTARA,energi-agro-nusantara,Energi Agro Nusantara (Enero),Indonesia (Mojokerto),BUMN — anak usaha PTPN I (Holding Perkebunan Nusantara),belum-diverifikasi,Pupuk Enero,— (belum ditemukan situs resmi),"ringkasan berita (deliknews, seremonia, a1news) — tidak ada sumber primer",laporan-agen-riset,rendah,2026-08-19
PT. ETONG CHEMICAL INDONESIA,etong-chemical-indonesia,Etong Chemical,Tiongkok (belum terverifikasi),⚠️ belum terverifikasi,belum-diverifikasi,⚠️ belum terverifikasi,⚠️ belum terverifikasi,cropcare.or.id/daftar-anggota,laporan-agen-riset,rendah/sedang,2026-08-19
PT. EXCEL MEG INDO,excel-meg-indo,Excel Meg Indo,Indonesia (Jakarta Pusat),"UPL Global Ltd (99,99%)",aktif,"Celcron 500 EC, Celtrin 50 EC, Abacel 18 EC, Kontaf 50 SC, Mantrakol 70 WP, Kelonil 75 WP, Megadis 25 EC, Joker 75 SP",⚠️ domain tidak resolve,Buku Pestisida Terdaftar 2014 ; cropcare.or.id/daftar-anggota ; riset kepemilikan,laporan-agen-riset,tinggi (kepemilikan) / tinggi (merek 201,2026-08-19
PT. FAJAR NASIONAL CIPTA,fajar-nasional-cipta-penerus-ganti-nama-dalzon-chemicals-ind,Fajar Nasional Cipta (eks Dalzon),Indonesia (Jakarta Selatan),"Kodel Group (Kongsi Delapan, sejak 1978)",aktif,"Buku 2014 (sbg Dalzon): Iguana 50 EC, Dafat 250 EC, Alcove 50 EC, Bronco 500 EC, Catapult 50 EC, Strombix 70 WP (moluskisida). Terkini (FNC): Furadan, Curater, Enfuse, Sumialpha",fnc.co.id · dalzon.co.id,Buku Pestisida Terdaftar 2014 ; cropcare.or.id ; dalzon.co.id ; fnc.co.id,laporan-agen-riset,sedang/tinggi,2026-08-19
PT. FMC AGRICULTURAL MANUFACTURING,fmc-agricultural-manufacturing-nama-pada-label-furadan-bina-,FMC Corporation,AS (Philadelphia),FMC Corporation,aktif,"Prevathon 50 SC, Vantacor 600 SC, Verimark 200 SC, Elevest 106/159 SC, Talstar 25 EC, Marshal 200 EC, Ammate 150 EC, Arrivo 30 EC, Bestox 50 EC, Fury 50 EC, Rovral 50 WP, Blastgone 75 WP",ag.fmc.com/id/id,Buku Pestisida Terdaftar 2014 ; Laporan Tahunan CropLife Indonesia 2019 ; ag.fmc.com/id/id,laporan-agen-riset,tinggi (merek) / sedang (badan hukum),2026-08-19
PT. GLOBAL AGROTECH,global-agrotech,Global Agrotech,Indonesia,⚠️ belum terverifikasi,aktif,"Agrocide 77 WP, Agrozeb 80 WP, Agrovin 200 SL, Admit 50 WP, Cash 25 EC, Dapper 75 WP, Jitsu 200 SL, Jagabaya 200 EC",⚠️ belum terverifikasi,Buku Pestisida Terdaftar 2014 ; cropcare.or.id/daftar-anggota,laporan-agen-riset,tinggi,2026-08-19
PT. GREENLIFE BIOSCIENCE,greenlife-bioscience-abi-menulis-green-life-bioscience,Greenlife Bioscience,Indonesia,Swasta nasional,aktif,"AGRISAL WP (Bt kurstaki serotype 3abc, 2%)",https://www.greenlifeglb.com,abi-bioagroinput.or.id/anggota.aspx ; greenlifeglb.com,laporan-agen-riset,sedang/tinggi,2026-08-19
PT. INDAGRO,indagro,Indagro,Indonesia (Jakarta Pusat),⚠️ belum terverifikasi,aktif,"Akron 500 EC, Domark 100 EC, Fipron 50 SC, Fujiwan 400 EC, Fokker 500 EC, Altac 15 EC, Sirkus 50 WP (dimetomorf, RI.01020120093493)",ptindagro.com (tidak dapat diakses),Buku Pestisida Terdaftar 2014 ; cropcare.or.id/daftar-anggota,laporan-agen-riset,tinggi,2026-08-19
INDO ACIDATAMA,indo-acidatama-idx-srsn,Indo Acidatama,Indonesia (Solo/Karanganyar),Swasta nasional (Tbk),aktif,"POMI (pupuk hayati cair), BEKA (pembenah tanah organik cair), BIOGRAN (bio-organik granul), RANDEX, POMMIX, BENMAX, EFBC",https://acidatama.co.id,acidatama.co.id/bisnis-kami/,laporan-agen-riset,tinggi,2026-08-19
PT. INTI EVERSPRING INDONESIA,inti-everspring-indonesia,Inti Everspring,Tiongkok/Singapura (belum terverifikasi),Everspring / Sinochem? (belum terverifikasi),belum-diverifikasi,"Metindo 25 WP, Mipcindo 50 WP, Poksindo 200 EC, Zebindo 80 WP, Emcindo 500 EC, Ronindo 500 SC, Delta 25 EC",⚠️ belum terverifikasi,Buku Pestisida Terdaftar 2014 ; [Registri Kementan 2014](https://toolsfortransformation.net/wp-content/uploads/2017/05/Buk,laporan-agen-riset,rendah/sedang,2026-08-19
PT. KENSO INDONESIA,kenso-indonesia,Kenso,Indonesia (Jakarta) — bagian grup Kenso regional Asia-Pasifik,"Grup Kenso (Australia, NZ, Malaysia, Thailand, Vietnam, Myanmar)",aktif,"Ken-Up 480 SL, Ken-Up Hitech 75 SG, Kenfosat 490 SL, Ken-Tec 276 SL, Ken-Amine 865 SL, Kenbast 150 SL, Kenlly 20 WG, Kenrane 288 EC",kenso.co.id (grup: kensocorp.com) — ✅ terverifikasi,Buku Pestisida Terdaftar 2014 ; [ACCI](https://cropcare.or.id/daftar-anggota/) ; [Registri Kementan 2014](https://toolsfortransformation.net/wp-content/uploads/2017/05/Buk ; [kensocorp.com](https://www.kensocorp.com/) ; cropcare.or.id/daftar-anggota ; kenso.co.id,laporan-agen-riset,tinggi/tinggi (produk) / sedang (kepemil,2026-08-19
PT. ANUGRAH SENTANA AGRO,anugrah-sentana-agro-newtex-pa-cipta-para-sentosa-everytex-p,"Lainnya (skala kecil, terverifikasi di registri)",Indonesia,,aktif,,,,laporan-agen-riset,sedang,2026-08-19
PT. MAJU MAKMUR UTOMO,maju-makmur-utomo,Maju Makmur Utomo,,,aktif,"Albatros 480 SL, Amethyst 40 EC, Anaconda 50 WP, Aster 50 EC, Bamex 18 EC, Bernas 250 EC, Crown 100 EC",,,laporan-agen-riset,tinggi,2026-08-19
PT. MAXXI AGRI INDONESIA,maxxi-agri-indonesia,Maxxi Agri Indonesia,belum terverifikasi,,belum-diverifikasi,⚠️ tidak dapat diverifikasi,,,laporan-agen-riset,rendah/sedang (profil) / rendah (merek),2026-08-19
PT. MEKAR WARNA SARI,mekar-warna-sari,Mekar Warna Sari,Indonesia,⚠️ belum terverifikasi,aktif,"Bectary 25 EC, Digital 50 EC, Fentosan 650 EC, Fenvamax 200 EC, Goldtrin 50 EC, Grandzeb 80 WP, Indobas 500 EC, Bosstans 60 WP",⚠️ belum terverifikasi,Buku Pestisida Terdaftar 2014,laporan-agen-riset,sedang,2026-08-19
PT.MEROKE TETAP JAYA,meroke-tetap-jaya,Meroke Tetap Jaya,Indonesia,Swasta nasional (Medan/Jakarta),aktif,"Meroke MOP, Meroke TSP, NPK Mutiara (dimiliki/dipasarkan Meroke — produsen asal ⚠️ belum terverifikasi), + >30 produk tunggal/majemuk/water-soluble",https://meroketetapjaya.com,cropcare.or.id/daftar-anggota/meroke-tetap-jaya-pt ; lamansitu.kemendag.go.id ; meroketetapjaya.com ; sawitindonesia.com,laporan-agen-riset,sedang,2026-08-19
PT. MITRA KREASIDHARMA,mitra-kreasidharma,Mitra Kreasidharma,Indonesia,⚠️ belum terverifikasi,aktif,"Indocron 500 EC, Mition 500 EC, Mitracol 70 WP, Bomber 20 EC, Boxer 200 EC, Nemispor 80 WP, Rotraz 200 EC; Pseudomonas fluorescens 1,16×10⁷ cfu/g",⚠️ belum terverifikasi,Buku Pestisida Terdaftar 2014,laporan-agen-riset,sedang,2026-08-19
PT. MITRA SUKSES AGRINDO,mitra-sukses-agrindo,Mitra Sukses Agrindo,,,aktif,"NOGAN P (T. harzianum 4,2×10⁶ + T. pseudokoningii 2,2×10⁶ + T. viride 1,8×10⁶ cfu/g; bibit kelapa sawit)",,,laporan-agen-riset,tinggi,2026-08-19
PT. MULTI SARANA INDOTANI,multi-sarana-indotani,Multi Sarana Indotani (MSI),"Indonesia (Mojokerto, Jatim)",PT BISI International Tbk (grup Charoen Pokphand/Jiaravanon),aktif,"Dari buku 2014: Aurora 70 WP, Azoxa 280 SC, Centro 75 WG, Buzzer 500 EC, Demorf 60 WP, Experto 300 SC, Cypermax 100 EC. Terkini: Starmyl, Samite 135 EC",multisaranaindotani.com (SSL kedaluwarsa),Buku Pestisida Terdaftar 2014 ; [ACCI](https://cropcare.or.id/daftar-anggota/) ; [Registri Kementan 2014](https://toolsfortransformation.net/wp-content/uploads/2017/05/Buk ; cropcare.or.id/daftar-anggota,laporan-agen-riset,tinggi/tinggi (produk 2014) / sedang (ke,2026-08-19
PT. NATHANI CHEMICALS,nathani-chemicals-indonesia-historis-nathani-indonesia,Nathani Chemicals,India (belum terverifikasi),Nathani Group,aktif,"Grand Up 480 SL, Mark Up 480 SL, Fenomin 865 SL, Proquat 276 SL, Alert 20 WG",⚠️ belum terverifikasi,Buku Pestisida Terdaftar 2014 ; [ACCI](https://cropcare.or.id/daftar-anggota/) ; [Registri Kementan 2014](https://toolsfortransformation.net/wp-content/uploads/2017/05/Buk ; cropcare.or.id/daftar-anggota,laporan-agen-riset,sedang,2026-08-19
NATURAL NUSANTARA,natural-nusantara,Natural Nusantara (NASA),,NASA Group,aktif,"BVR WP (B. bassiana 4,5×10¹⁰ spora/g), GLIO WP (Gliocladium virens 1,64×10¹¹ cfu/g), METILAT LEM 190 SL (metil eugenol)",nasa.co.id,,laporan-agen-riset,tinggi (produk) / sedang (portofolio pen,2026-08-19
PT. NUFARM INDONESIA,nufarm-indonesia,Nufarm,Australia (Melbourne),Nufarm Limited (Sumitomo Chemical pemegang saham signifikan),aktif,"Kleenup 480 SL, Lindomin 865 SL, Bimastar 240/120 SL, Bimaron 500 SC, Fizz 575 SL, Gravitas 200 SL, Gibgro 10 SP/20 TB (ZPT giberelin); terkini terverifikasi: Matte 70 WP, Gibgro 10 PANEN, WUZ",nufarm.com/id (nufarm.co.id redirect ke sini) — ✅ terverifikasi,Buku Pestisida Terdaftar 2014 ; Daftar Pestisida Biologi Terdaftar 2019 ; [Registri Kementan 2014](https://toolsfortransformation.net/wp-content/uploads/2017/05/Buk ; [nufarm.com/id](https://nufarm.com/id/) ; nufarm.com/id,laporan-agen-riset,tinggi,2026-08-19
PT. NUSA MANDIRI UTAMA,nusa-mandiri-utama,Nusa Mandiri Utama,,,aktif,⚠️ tidak dapat diverifikasi,,,laporan-agen-riset,sedang,2026-08-19
NUSA PALAPA GEMILANG,nusa-palapa-gemilang-idx-npgf,Nusa Palapa Gemilang,Indonesia,Swasta nasional,aktif,"Ferticomp (NPK granul, mis. 12-12-17-2+TE), Ferticote (CCF / coated), Nutrimix GT (pupuk mikro), SinutriHS",https://www.ptnpg.com,investortrust.id ; market.bisnis.com (profil IPO) ; ptnpg.com/Produk.htm ; stockanalysis.com/quote/idx/NPGF,laporan-agen-riset,tinggi,2026-08-19
PETROKIMIA GRESIK,petrokimia-gresik,Petrokimia Gresik,Indonesia,BUMN — Pupuk Indonesia Holding,bukan-principal,"Subsidi: Phonska, Petroganik, SP-36, ZA, Urea. Non-subsidi: Phonska Plus, Phonska Alam, NPK Kebomas, SP-26, ZK, ZA Plus, DAP, KCl, Rock Phosphate, Phosgreen, Petro Niphos, Petro Ningrat, Petro Nitrat, Petro Kalimas, Petronik, Petroganik Premium. Hayati/dekomposer: Petro Bio Fertil, Petro Gladiator",https://petrokimia-gresik.com,/product/petro-cas ; /product/petroganik-2 ; asbenindo.org/anggota ; en.wikipedia.org/wiki/Petrokimia_Gresik ; petrokimia-gresik.com ; petrokimia-gresik.com/product ; petrokimia-gresik.com/product/petro-biofertil,laporan-agen-riset,sedang/tinggi,2026-08-19
PT. PETROKIMIA KAYAKU,petrokimia-kayaku,Petrokimia Kayaku,Indonesia–Jepang (JV),Petrokimia Gresik (Pupuk Indonesia/BUMN) + mitra Jepang (Nippon Kayaku dsb.),aktif,"Kanon 400 EC, Radar 15 EC, Petroban 200 EC, Applaud 10 WP, Topsin-M 70 WP, Metazeb 80 WP, Petrokum 0,005 BB, ASTRO P (Trichoderma harzianum), PETROGENOL 800 L (metil eugenol)",belum terverifikasi (domain petrokimia-kayaku.co.id/.com gagal di-resolve saat riset),Buku Pestisida Terdaftar 2014 ; Daftar Pestisida Biologi 2019 ; [ACCI](https://cropcare.or.id/daftar-anggota/) ; [Registri Kementan 2014](https://toolsfortransformation.net/wp-content/uploads/2017/05/Buk ; abi-bioagroinput.or.id ; abi-bioagroinput.or.id/anggota.aspx ; en.wikipedia.org/wiki/Petrokimi,laporan-agen-riset,rendah/tinggi/tinggi (produk) / sedang (,2026-08-19
PT. PETROSIDA GRESIK,petrosida-gresik,Petrosida Gresik,Indonesia (Gresik),"PT Petrokimia Gresik 99,99% → Pupuk Indonesia (BUMN)",aktif,"Sidatan XR 525 SL, Sidamec 20 EC, Sidazinon 600 EC, Sidafur 3 GR, Topsida 75 WP, Sidazeb 80 WP, Petronil 75 WP, BIO KAOSIDA SP (Beauveria bassiana 20%)",https://petrosida-gresik.com,Buku Pestisida Terdaftar 2014 ; Daftar Pestisida Biologi 2019 ; [ACCI](https://cropcare.or.id/daftar-anggota/) ; [petrosida-gresik.com](https://petrosida-gresik.com/) ; en.wikipedia.org/wiki/Petrokimia_Gresik ; petrosida-gresik.com ; petrosida-gresik.com/id/content/produk,laporan-agen-riset,sedang (eksistensi & kategori) / rendah ,2026-08-19
POLOWIJO GOSARI,polowijo-gosari-pupuk-karya-polowijo-pgpi-magnesium-gosari-i,Polowijo Gosari Group,Indonesia,Polowijo Gosari Group (swasta nasional),aktif,"Dolomit Premium 100, Magfertil 20+, pupuk NPK & compound (PGPI)",https://www.polowijogosari.co.id,kabarbisnis.com ; petrokimia-gresik.com (kajian pabrik kieserit bersama Polowijo) ; polowijogosari.co.id/manufacture.php ; sawitindonesia.com,laporan-agen-riset,tinggi,2026-08-19
MAGNESIUM GOSARI INTERNASIONAL,magnesium-gosari-internasional-mgi-pupuk-karya-polowijo,Polowijo Gosari Group,Indonesia,Polowijo Gosari Group,aktif,"Dolomit Premium 100, Magfertil 20+",https://www.polowijogosari.co.id,polowijogosari.co.id/manufacture.php,laporan-agen-riset,tinggi,2026-08-19
PT. PRIMA AGRO TECH,prima-agro-tech,Prima Agro Tech,Indonesia,Swasta nasional,bukan-principal,"BTPLUS (Bt), METARIZEP WP (M. anisopliae + B. bassiana), ENTOMOBAC WP (M. anisopliae)",https://www.primaagrotech.com,abi-bioagroinput.or.id/anggota.aspx ; primaagrotech.com,laporan-agen-riset,tinggi/tinggi (perusahaan) / rendah (mer,2026-08-19
PT. PRIMASID ANDALANUTAMA,primasid-andalan-utama,Primasid,Indonesia (PMDN),Independen,aktif,"MAPAN (Mapan P-02, Mapan P-05; dilepas 2006)",primasid.com,asbenindo.org/anggota ; primasid.com ; tabloidsinartani.com,laporan-agen-riset,tinggi,2026-08-19
PT. AGRO DYNAMICS INDO,agro-dynamics-indo,PT Agro Dynamics Indo,Indonesia,blm terverifikasi,aktif,"Flotex 2,5 / 5 / 10 PA, Superel 10 PA",,,laporan-agen-riset,tinggi,2026-08-19
PT. AGRO NATURAL TECHNOLOGY,agro-natural-technology,PT Agro Natural Technology,,,belum-diverifikasi,,,,laporan-agen-riset,,2026-08-19
PT. AGROSID MANUNGGAL SENTOSA,agrosid-manunggal-sentosa-padi-hibrida-suppadi,"PT Agrosid Manunggal Sentosa (padi hibrida ""Suppadi"")",,,belum-diverifikasi,,,,laporan-agen-riset,,2026-08-19
PT. AGROTECH PESTICIDE INDUSTRY,agrotech-pesticide-industry,PT Agrotech Pesticide Industry,Indonesia,belum terverifikasi,aktif,"Kill-Up 480/1 SL, Alphatech 240/4,25 SL, King AP 220/5,1 SL, Mateno Up 160/5,1 SL, Mupxone 276 SL, Rilly 20 WG",belum terverifikasi,[Registri Kementan 2014](https://toolsfortransformation.net/wp-content/uploads/2017/05/Buk,laporan-agen-riset,sedang,2026-08-19
PT. ARENA AGRO UTAMA,arena-agro-utama,PT Arena Agro Utama,Indonesia,blm terverifikasi,aktif,"Madgib 20 TB (giberelin), Gatiga 3,1 WP, Orbyte 480 SL (etefon), Portar 250 SC (paklobutrazol), MC Errol 15 WP",,,laporan-agen-riset,tinggi,2026-08-19
PT. BINA GUNA KIMIA,bina-guna-kimia,PT Bina Guna Kimia,AS (afiliasi FMC belum terverifikasi),kemungkinan FMC Corporation — belum terverifikasi,belum-diverifikasi,"Command 480 EC (klomazon), Stiko 480 SL, Addit 40 WG, Ti-Gold XL 10 WP",belum terverifikasi,[Registri Kementan 2014](https://toolsfortransformation.net/wp-content/uploads/2017/05/Buk,laporan-agen-riset,rendah,2026-08-19
PT. BIO AGRITECH NUSANTARA,bio-agritech-nusantara,PT Bio Agritech Nusantara,,,belum-diverifikasi,,,,laporan-agen-riset,,2026-08-19
PT. CENTRA BIOTECH INDONESIA,centra-biotech-indonesia,PT Centra Biotech Indonesia,,,belum-diverifikasi,,,,laporan-agen-riset,,2026-08-19
PT. CROP CARE INDONESIA,crop-care-indonesia,PT Crop Care Indonesia,belum terverifikasi,kemungkinan terkait Nufarm — belum terverifikasi,aktif,"Nufosat 480 SL, Nuquat 276 SL, Nutarlon 670 EC, Knockout 240 SL, Invander 310/49 EC, Polado 240/105 SL, Spark 160 SL, Tillmaster 240/120 SL",belum terverifikasi,[Registri Kementan 2014](https://toolsfortransformation.net/wp-content/uploads/2017/05/Buk,laporan-agen-riset,sedang,2026-08-19
PT. DALZON CHEMICALS INDONESIA,dalzon-chemicals-indonesia,PT Dalzon Chemicals Indonesia,Indonesia,tidak ada induk yang disebutkan,aktif,"Almarin 500 SC, Bang 240 SL, Basmitop 480 SL, Bestup 480 SL, Dalopir 480 EC, Dironex 80 WP, Vortex 540 SL, Briggs 25 PA (ZPT); terkini terverifikasi: Rondolon 320/32 SL, Valatra 320/32 SL",dalzon.co.id — ✅ terverifikasi,[Registri Kementan 2014](https://toolsfortransformation.net/wp-content/uploads/2017/05/Buk ; [dalzon.co.id](https://dalzon.co.id/),laporan-agen-riset,tinggi,2026-08-19
PT. DERAS KARET PRIMA,deras-karet-prima,PT Deras Karet Prima,Indonesia,blm terverifikasi,aktif,"Derastex 1000 10 PA, Derastex 250 2,5 PA",,,laporan-agen-riset,tinggi,2026-08-19
PT. GLOBAL AGRO MANDIRI,global-agro-mandiri-indonesia,PT Global Agro Mandiri Indonesia,Indonesia,,aktif,,,sub-agen pendalaman benih 19 Agu 2026,laporan-agen-riset,sedang,2026-08-19
PT. KALATHAM,kalatham,PT Kalatham,Indonesia,blm terverifikasi,aktif,"Dekamon 22,43 L, Dekamon 1,2 GR",,,laporan-agen-riset,tinggi,2026-08-19
PT. MASCO AGRI GENETICS,masco-agri-genetics,PT Masco Agri Genetics,India (New Delhi),Masco Agri Genetics Private Limited,aktif,Dragon · Dragon 66 · Dragon 77 · Bond · Suwarna,https://mascoagri.com,sub-agen pendalaman benih 19 Agu 2026,laporan-agen-riset,tinggi,2026-08-19
RISET PERKEBUNAN NUSANTARA,riset-perkebunan-nusantara,PT Riset Perkebunan Nusantara (RPN),Indonesia (Bogor),"PTPN III (Persero) 90%, PTPN V 10% — BUMN",aktif,"Induk 5 puslit: PPKS, PPK, PPKKI (Puslitkoka), P3GI, PPTK",rpn.co.id; plantage.id,plantage.id ; rpn.co.id,laporan-agen-riset,tinggi,2026-08-19
PT Pupuk Indonesia (Persero),pupuk-indonesia,Pupuk Indonesia,Indonesia,BUMN — Kementerian BUMN (Danantara muncul dalam ekosistem korporasi tetapi tidak dinyatakan sebagai pemilik di situs resmi),aktif,"Nitrea (urea), Phonska Plus (NPK), Phonska (NPK subsidi), Petroganik, NPK Pelangi",https://www.pupuk-indonesia.com,"id.wikipedia.org/wiki/Pupuk_Indonesia_Holding_Company ; pupuk-indonesia.com (kapasitas 13,9 jt ton & alokasi subsidi) ; pupuk-indonesia.com/profile/production-capacity",laporan-agen-riset,tinggi,2026-08-19
PUPUK INDONESIA NIAGA,pupuk-indonesia-niaga,Pupuk Indonesia Niaga,Indonesia,"Pupuk Indonesia (96,7%)",bukan-principal,— (bukan pemilik merek),,id.wikipedia.org/wiki/Pupuk_Indonesia_Holding_Company,laporan-agen-riset,sedang,2026-08-19
PT Pupuk Iskandar Muda,pupuk-iskandar-muda,Pupuk Iskandar Muda (PIM),Indonesia,"Pupuk Indonesia (99,9%)",dikeluarkan,"Nitrea (urea), NPK (pabrik NPK diresmikan 10 Feb 2023)",https://www.pim.co.id,pim.co.id/perusahaan,laporan-agen-riset,tinggi,2026-08-19
PUPUK KALIMANTAN TIMUR,pupuk-kalimantan-timur,Pupuk Kalimantan Timur,Indonesia,"Pupuk Indonesia (99,9%)",aktif,"Nitrea / Urea Daun Buah (prill & granul), NPK Pelangi, NPK Pelangi JOS; hayati: Ecofert, Biotara, Biodex (biodekomposer), Fumyza (seed treatment), Humactive",https://pupukkaltim.com,grc.pupukkaltim.com ; pupukkaltim.com/id/npk ; pupukkaltim.com/id/p/produk,laporan-agen-riset,tinggi/tinggi (perusahaan) / sedang (bat,2026-08-19
PT. PUPUK KUJANG,pupuk-kujang,Pupuk Kujang,Indonesia,"Pupuk Indonesia (99,9%)",aktif,"Nitrea (urea non-subsidi), NPK Jeranti, Nitroku 16-16-16, Phonska Plus, Excow (bio-organik)",https://pupuk-kujang.co.id,pupuk-indonesia / Wikipedia struktur grup ; tribunnews.com (peluncuran Nitroku 16-16-16),laporan-agen-riset,sedang,2026-08-19
SENTANA ADIDAYA PRATAMA,sentana-adidaya-pratama-sadp,Pupuk Mahkota / Sentana Adidaya Pratama,Indonesia,"Wilmar Group (multinasional agribisnis, Singapura/Indonesia)",aktif,"Pupuk Mahkota (merek utama, tunggal & majemuk), Hikay-Plus, Bunga Merah",https://pupukmahkota.co.id,cropcare.or.id/daftar-anggota (PT Wilmar Chemical Indonesia) ; pupukmahkota.co.id/tentang-kami,laporan-agen-riset,tinggi,2026-08-19
PUPUK SRIWIDJAJA PALEMBANG,pupuk-sriwidjaja-palembang,Pupuk Sriwidjaja Palembang (Pusri),Indonesia,"Pupuk Indonesia (99,9%)",aktif,"Nitrea (eks ""Urea Pusri""), Phonska Plus, NPK 15-15-15, NPK sawit 12-12-17-2 & 13-6-27-4, NPK Cassava, NPK Kopi",https://www.pusri.co.id,pusri.co.id (peluncuran kemasan retail & produk inovasi) ; pusri.co.id/en/news/detail/jadi-holding-bumn-pupuk-pusri-ganti-nama,laporan-agen-riset,tinggi,2026-08-19
PT. RAINBOW AGROSCIENCES,rainbow-agrosciences-indonesia,Rainbow Agrosciences,Tiongkok (asal belum terkonfirmasi dari sumber primer),Rainbow Agro (induk belum terverifikasi),aktif,"Aminax 865 SL, Bastnate 200 SL, Caliber 240 EC, Fastcane 80 WG, Gardener 68 WG, Lava 276 SL, Lektor 480 SC, Cleanspray 96 SG","rainbowagro.com (domain aktif, isi tidak terbaca saat riset)",Buku Pestisida Terdaftar 2014 ; [ACCI](https://cropcare.or.id/daftar-anggota/) ; [Registri Kementan 2014](https://toolsfortransformation.net/wp-content/uploads/2017/05/Buk ; cropcare.or.id/daftar-anggota,laporan-agen-riset,sedang/tinggi,2026-08-19
PT. ROLIMEX KIMIA NUSAMAS,rolimex-kimia-nusamas,Rolimex Kimia Nusamas,Indonesia (berdiri 1947),tidak ada induk yang disebutkan,aktif,"DELFIN WG (Bt), THURICIDE HP (Bt), Rolicron 500 EC, Rolidor 25 EC, Enkazeb 80 WP, Nemasol 370 SL, Roltap 450 SL",rolimex.co.id — ✅ terverifikasi,Buku Pestisida Terdaftar 2014 ; Daftar Pestisida Biologi 2019 ; [ACCI](https://cropcare.or.id/daftar-anggota/) ; [Registri Kementan 2014](https://toolsfortransformation.net/wp-content/uploads/2017/05/Buk ; [rolimex.co.id](https://rolimex.co.id/) ; rolimex.co.id,laporan-agen-riset,tinggi,2026-08-19
PT. ROYAL AGRO INDONESIA,royal-agro-indonesia,Royal Agro Indonesia,Indonesia (afiliasi asing belum terverifikasi),⚠️ belum terverifikasi,belum-diverifikasi,"Buku 2014: Akocytrin 50 EC, Acqura 500 EC, Akonafos 480 EC, Apollo 500 SC, Carbodan 3 GR, Acemain 75 SP, Bellmac 240 EC",royalagroindonesia.com (403),Buku Pestisida Terdaftar 2014 ; [Registri Kementan 2014](https://toolsfortransformation.net/wp-content/uploads/2017/05/Buk,laporan-agen-riset,sedang/sedang (data 2014) / rendah (stat,2026-08-19
SANG HYANG SERI,sang-hyang-seri,Sang Hyang Seri,Indonesia,BUMN — holding pangan ID FOOD (PT RNI),aktif,Sang Hyang Seri / SHS,ptsanghyangseri.co.id,ptsanghyangseri.co.id (artikel merger) ; ptsanghyangseri.co.id/sejarah-perusahaan,laporan-agen-riset,tinggi,2026-08-19
PT. SANOVA,sanova,Sanova,,,aktif,,,,laporan-agen-riset,tinggi,2026-08-19
PT. SANTANI AGRO MANDIRI,santani-agro-mandiri-santani-agro-perkasa-historis-santani-s,Santani (Agro Mandiri / Agro Perkasa),Indonesia,Santani Group,aktif,"Sanfidor 200 SL, Santador 25 EC, Santacron 520 EC, Sanfat 75 SP, Basten 45 WP, Keongtox 250 EC (moluskisida), Mancobat 82 WP",⚠️ belum terverifikasi,Buku Pestisida Terdaftar 2014 ; cropcare.or.id/daftar-anggota,laporan-agen-riset,sedang,2026-08-19
CV. SAPROTAN UTAMA,saprotan-utama-saprotan-utama-jv-pukati-pelangi-agromakmur,Saprotan Utama,Indonesia (Semarang),Grup Saprotan (terkait PT Saprotan Benih Utama),aktif,"Pak Tani (merek payung pupuk/pestisida/benih), NPK Pelangi (via JV Pukati), Urecote (coated), MW-2 (jagung hibrida), Samiaji 14 & 15 (padi hibrida)",https://saprotan-utama.com,Buku Pestisida Terdaftar 2014 ; [Registri Kementan 2014](https://toolsfortransformation.net/wp-content/uploads/2017/05/Buk ; saprotan-utama.com ; saprotan-utama.com/tentang-kami ; seputarsemarang.com,laporan-agen-riset,sedang/tinggi,2026-08-19
SARASWANTI ANUGERAH MAKMUR,saraswanti-anugerah-makmur-idx-samf,Saraswanti Anugerah Makmur,Indonesia,Saraswanti Group (swasta nasional),bukan-principal,"Granul: Pupindo, Fertindo, Phonika, Planta Plus, Dupan. Briket spesifik komoditas: Palmo (sawit), Halei (tebu), Pukalet (karet), Koka (kopi), Cornalet (jagung)",https://saraswantifertilizer.com,haisawit.co.id ; idnfinancials.com/samf ; saraswantifertilizer.com/jenis-jenis-pupuk-npk-saraswanti,laporan-agen-riset,tinggi,2026-08-19
PT. SARI KIMIA UNGGUL,sari-kimia-unggul,Sari Kimia Unggul,,,aktif,"Anta 50 EC, Cielo 50 EC, Clinten 250 EC, Colanta 70 WP, Isigo 18 EC, Metin 40 SP, Pirfos 500 EC",,,laporan-agen-riset,sedang,2026-08-19
PT. SARI KRESNA KIMIA,sari-kresna-kimia-kresna-bumitama-sejati,Sari Kresna Kimia,Indonesia,Kresna Group (kresna-holding),bukan-principal,"Kresna-Up 520 SL, Kresnaxone 297 SL, Ground Up Plus 365 SL, Jump Up 555 SL, CMA 6 865 SL, Basmigul 490 SL, Kresnatop 80 WP, Tamapon 480 SL (ZPT etefon)",kresna.co.id/sarikresnakimia,Buku Pestisida Terdaftar 2014 ; Daftar Pestisida Biologi 2019 ; [Registri Kementan 2014](https://toolsfortransformation.net/wp-content/uploads/2017/05/Buk ; [kresna.co.id](https://kresna.co.id/sarikresnakimia/),laporan-agen-riset,sedang/tinggi,2026-08-19
CV. SINAR AGRO KIMIA INDONESIA,sinar-agro-kimia,Sinar Agro Kimia,,,aktif,FUTRICHO P (T. harzianum 1×10⁶ + T. koningii 2×10⁵/g; bibit kelapa sawit),,,laporan-agen-riset,tinggi,2026-08-19
PT. SINAR GENERAL INDUSTRIES,sinar-general-industries,Sinar General Industries (SGI),"Indonesia (Cikande, Serang, Banten)",⚠️ belum terverifikasi,aktif,"Brantaxone 276 SL, Kontaxone 310 SL, Extra-One 680 SC, Format 360/120 SL, Kround-Max 240 SL, Money 865 SL, One-Up 480 SL, Cer-One 10 PA (ZPT)",belum terverifikasi,Buku Pestisida Terdaftar 2014 ; [ACCI](https://cropcare.or.id/daftar-anggota/) ; [Registri Kementan 2014](https://toolsfortransformation.net/wp-content/uploads/2017/05/Buk ; cropcare.or.id/daftar-anggota ; pt-sgi.com,laporan-agen-riset,sedang/tinggi (2014) / rendah (merek kin,2026-08-19
PT. SOLUSI TANI INDONESIA,solusi-tani-indonesia,Solusi Tani Indonesia,Indonesia (asumsi),,aktif,,solusitani.co.id,,laporan-agen-riset,rendah/tinggi,2026-08-19
PT SRI REJEKI FERTILIZER,sri-rejeki-fertilizer,Sri Rejeki Fertilizer (Pamafert),Indonesia,Swasta nasional,aktif,"POP, Mikrosil (pembenah tanah/soil stabilizer); lini tablet & granul NPK/NK/PK + hara mikro",https://pamafert.com,pamafert.com/demo/company-profile,laporan-agen-riset,sedang,2026-08-19
PT. TANI MAS SUBUR,tani-mas-subur,Tani Mas Subur,,,aktif,"SACO-P (T. koningii 5×10⁶ spora/g); Tanicol 80 WP, Taniban 200 EC",,,laporan-agen-riset,tinggi,2026-08-19
PT.TANINDO INTERTRACO,tanindo-intertraco,Tanindo Intertraco,Indonesia,Grup Tanindo / afiliasi East West Seed (belum terverifikasi),aktif,"Rambo 480 SL, Rambo Peak 550 SL, Ranger 240 SL, Amandy 865 SL, Rover 20/60 WG, Billy 20 WP, Queen 25 WP",belum terverifikasi,[Registri Kementan 2014](https://toolsfortransformation.net/wp-content/uploads/2017/05/Buk,laporan-agen-riset,sedang,2026-08-19
PT. TRIDA KIMIA SAKTI,trida-kimia-sakti,Trida Kimia Sakti,Indonesia (Jakarta Selatan),⚠️ belum terverifikasi,aktif,"Tridacol 70 WP, Tridamex 36 EC, Tridanil 50 WP, Tridatrin 250 EC, Tridazeb 80 WP, Tridasan 600 EC, Bendas 50 WP",tridakimiasakti.com (403),Buku Pestisida Terdaftar 2014 ; cropcare.or.id/daftar-anggota,laporan-agen-riset,tinggi (2014) / rendah (merek kini),2026-08-19
TUNAS AGRO PERSADA,tunas-agro-persada,Tunas Agro,Indonesia (PMDN),Independen,aktif,Tunas Agro (merek perusahaan; merek dagang terpisah tidak terverifikasi),tunasagro.co.id,benih.pertanian.go.id/detail-produsen/447 ; tunasagro.co.id/web/about,laporan-agen-riset,sedang–tinggi,2026-08-19
PT. UPL INDONESIA,upl-indonesia-nama-terkini-belum-terverifikasi-eks-united-ph,UPL,India (Mumbai),UPL Limited,aktif,"Uniquat 276 SL, Weedtox 480 EC, Blazer 13/30 SC, Dost 330 EC, Spada 60 DF, Unicor M 70 WG, Glystar 480 SL, Agni 865 SL, Select 240 EC",belum terverifikasi (kemungkinan upl-ltd.com),Buku Pestisida Terdaftar 2014 ; [ACCI](https://cropcare.or.id/daftar-anggota/) ; [Registri Kementan 2014](https://toolsfortransformation.net/wp-content/uploads/2017/05/Buk ; uplcorp.com/id,laporan-agen-riset,sedang/tinggi,2026-08-19
WILMAR CHEMICAL INDONESIA,wilmar-chemical-indonesia,Wilmar,Singapura/Indonesia,Wilmar International Ltd,aktif,Glibas 480 SL (hanya 1 terverifikasi di registri 2014),wilmar-international.com,Buku Pestisida Terdaftar 2014 ; [ACCI](https://cropcare.or.id/daftar-anggota/) ; [Registri Kementan 2014](https://toolsfortransformation.net/wp-content/uploads/2017/05/Buk ; cropcare.or.id/daftar-anggota,laporan-agen-riset,sedang,2026-08-19
YARA INDONESIA,yara-indonesia,Yara International ASA,Norwegia (Oslo),Yara International ASA,aktif,"YaraMila UNIK 16-16-16, YaraMila COMPLEX, YaraMila WINNER, YaraMila FASTER, YaraMila Palmae, YaraLiva Tropicote, YaraLiva Nitrabor, YaraTera Calcinit, YaraVita Tri-Pholate",https://www.yara.id,lamansitu.kemendag.go.id/domestic-company/detail/yara-indonesia ; sawitindonesia.com ; yara.id ; yara.id/crop-nutrition/fertilizers/,laporan-agen-riset,tinggi,2026-08-19
