nama_asli,nama_kanonik,dasar,perlu_tinjau,pendaftaran
PT. CENTA BRASINDO ABADI CHEMICAL INDUSTRY,PT. CENTA BRASINDO ABADI CHEMICAL INDUSTRY,kanonik,,216
PT. RAINBOW AGROSCIENCES,PT. RAINBOW AGROSCIENCES,kanonik,,182
PT. SARI KRESNA KIMIA,PT. SARI KRESNA KIMIA,kanonik,,162
PT. TIGA MUARA EMAS MAKMUR,PT. TIGA MUARA EMAS MAKMUR,kanonik,,149
PT. SINAR GENERAL INDUSTRIES,PT. SINAR GENERAL INDUSTRIES,kanonik,,146
PT. MULTI SARANA INDOTANI,PT. MULTI SARANA INDOTANI,kanonik,,138
PT. DELTA GIRI WACANA,PT. DELTA GIRI WACANA,kanonik,,129
PT. PRIMA KARYA BERJAYA,PT. PRIMA KARYA BERJAYA,kanonik,,102
MEST INDONESIY,PT. MEST INDONESIY,ejaan/kapitalisasi/spasi,,100
PT. DELTAGRO MULIA SEJATI,PT. DELTAGRO MULIA SEJATI,kanonik,,91
PT. SYNGENTA INDONESIA,PT. SYNGENTA INDONESIA,kanonik,,89
CV. SAPROTAN UTAMA,CV. SAPROTAN UTAMA,kanonik,,87
PT. ADVANSIA INDOTANI,PT. ADVANSIA INDOTANI,kanonik,,86
BEHN MEYER AGRICARE,PT. BEHN MEYER AGRICARE,ejaan/kapitalisasi/spasi,,83
PT. PETROSIDA GRESIK,PT. Petrosida Gresik,ejaan/kapitalisasi/spasi,,81
PT. PETROKIMIA KAYAKU,PT Petrokimia Kayaku,tanda-baca,,80
PT. UPL INDONESIA,PT. UPL INDONESIA,kanonik,,78
PT.MEROKE TETAP JAYA,PT.MEROKE TETAP JAYA,kanonik,,77
PT. MAXXI AGRI INDONESIA,PT. MAXXI AGRI INDONESIA,kanonik,,74
PT. KENSO INDONESIA,PT. KENSO INDONESIA,kanonik,,71
PETROKIMIA GRESIK,PT Petrokimia Gresik,ejaan/kapitalisasi/spasi,,70
PT. REJEKI INDO AGROTEC,PT. REJEKI INDO AGROTEC,kanonik,,70
CV. AGRO JAYA INDONESIA,CV. AGRO JAYA INDONESIA,kanonik,,69
SAPROTAN UTAMA,CV. SAPROTAN UTAMA,ejaan/kapitalisasi/spasi,,66
PT. BIOTIS AGRINDO,PT. BIOTIS AGRINDO,kanonik,,65
PT. INDOIN BUSINESS GROUP,PT. INDOIN BUSINESS GROUP,kanonik,,65
PT. Agro Bumi Timur,PT. Agro Bumi Timur,kanonik,,64
PT. DHARMA GUNA WIBAWA,PT. DHARMA GUNA WIBAWA,kanonik,,64
MEROKE TETAP JAYA,PT.MEROKE TETAP JAYA,ejaan/kapitalisasi/spasi,,64
PT. BINA GUNA KIMIA,PT. BINA GUNA KIMIA,kanonik,,63
PT. BAYER INDONESIA,PT. Bayer Indonesia,ejaan/kapitalisasi/spasi,,63
PT. MAJU MAKMUR UTOMO,PT. Maju Makmur Utomo,ejaan/kapitalisasi/spasi,,58
MULTI NIAGA NUSANTARA INDONESIA,PT. MULTI NIAGA NUSANTARA INDONESIA,ejaan/kapitalisasi/spasi,,57
PT. AGRICULTURE CONSTRUCTION,PT. AGRICULTURE CONSTRUCTION,kanonik,,56
PT. ETONG CHEMICAL INDONESIA,PT. ETONG CHEMICAL INDONESIA,kanonik,,56
PT. CATUR AGRODAYA MANDIRI,PT. CATUR AGRODAYA MANDIRI,kanonik,,54
PERMATA AGRO PERSADA,PT. Permata Agro Persada,ejaan/kapitalisasi/spasi,,53
MAJU MAKMUR UTOMO,PT. Maju Makmur Utomo,ejaan/kapitalisasi/spasi,,52
PT. BEHN MEYER AGRICARE,PT. BEHN MEYER AGRICARE,kanonik,,51
PT. ROYAL AGRO INDONESIA,PT. ROYAL AGRO INDONESIA,kanonik,,51
SANTANI SEJAHTERA,PT. SANTANI SEJAHTERA,ejaan/kapitalisasi/spasi,,51
SENTANA ADIDAYA PRATAMA,PT. SENTANA ADIDAYA PRATAMA,ejaan/kapitalisasi/spasi,,49
SASCO INDONESIA,PT. Sasco Indonesia,ejaan/kapitalisasi/spasi,,48
CV. MULTI AGRO JAYA UTAMA,CV. Multi Agro Jaya Utama,ejaan/kapitalisasi/spasi,,46
DHARMA AYU TANI,PT. Dharma Ayu Tani,ejaan/kapitalisasi/spasi,,45
SAPROTAN UTAMA NUSANTARA,PT. SAPROTAN UTAMA NUSANTARA,ejaan/kapitalisasi/spasi,,45
RAJA GROUP INDONESIA,PT. RAJA GROUP INDONESIA,ejaan/kapitalisasi/spasi,,43
CIPTA MAKMUR PERTIWI,PT. Cipta Makmur Pertiwi,ejaan/kapitalisasi/spasi,,41
JADI MAS,PT JADI MAS,ejaan/kapitalisasi/spasi,,40
PT. INDAGRO,PT. INDAGRO,kanonik,,40
MULTI SARANA INDOTANI,PT. MULTI SARANA INDOTANI,ejaan/kapitalisasi/spasi,,40
WILMAR CHEMICAL INDONESIA,PT. WILMAR CHEMICAL INDONESIA,ejaan/kapitalisasi/spasi,,40
KERTOPATEN KENCANA,PT Kertopaten Kencana,ejaan/kapitalisasi/spasi,,38
AGROFARM NUSA RAYA,PT. Agrofarm Nusa Raya,ejaan/kapitalisasi/spasi,,37
PT. MITRA KREASIDHARMA,PT. MITRA KREASIDHARMA,kanonik,,37
PT. MEST INDONESIY,PT. MEST INDONESIY,kanonik,,34
PT. KRISTALINDO KARUNIA INTERNASIONAL,PT. Kristalindo Karunia Internasional,ejaan/kapitalisasi/spasi,,33
AGROTAMA TUNAS SARANA,PT. Agrotama Tunas Sarana,ejaan/kapitalisasi/spasi,,32
PUPUK KALIMANTAN TIMUR,PT Pupuk Kalimantan Timur,ejaan/kapitalisasi/spasi,,31
PT. ARTHA MAKMUR ABADI,PT. ARTHA MAKMUR ABADI,kanonik,,31
PT. ROLIMEX KIMIA NUSAMAS,PT. Rolimex Kimia Nusamas,ejaan/kapitalisasi/spasi,,31
PT. TANAMAN MAKMUR MANDIRI,PT. TANAMAN MAKMUR MANDIRI,kanonik,,31
CV. SARAREA PANEN RAYA,CV. SARAREA PANEN RAYA,kanonik,,30
PUPUT TANI MANDIRI,PT. PUPUT TANI MANDIRI,ejaan/kapitalisasi/spasi,,29
ANTARIKSA NUSANTARA INDONESIA GROUP,PT.Antariksa Nusantara Indonesia Group,ejaan/kapitalisasi/spasi,,29
UD Primagro,UD Primagro,kanonik,,29
PT AGRI HIKAY INDONESIA,PT AGRI HIKAY INDONESIA,kanonik,,28
PT. SAPROTAN UTAMA NUSANTARA,PT. SAPROTAN UTAMA NUSANTARA,kanonik,,28
CV. ARTHA BUANA MANDIRI,CV. ARTHA BUANA MANDIRI,kanonik,,27
PT. AGROTECH PESTICIDE INDUSTRY,PT. AGROTECH PESTICIDE INDUSTRY,kanonik,,27
PT. ASIA GALA KIMIA,PT. ASIA GALA KIMIA,kanonik,,26
DUPAN ANUGERAH LESTARI,PT. Dupan Anugerah Lestari,ejaan/kapitalisasi/spasi,,26
NUSA PALAPA GEMILANG,PT. NUSA PALAPA GEMILANG,ejaan/kapitalisasi/spasi,,26
PT. SANTANI AGRO MANDIRI,PT. SANTANI AGRO MANDIRI,kanonik,,26
PUPUK KUJANG,PT Pupuk Kujang,ejaan/kapitalisasi/spasi,,25
DITYA CHEMINDO,PT. DITYA CHEMINDO,ejaan/kapitalisasi/spasi,,25
DYRIZ INDONESIA,PT. DYRIZ INDONESIA,ejaan/kapitalisasi/spasi,,25
PRIMA AGRO TECH,PT. PRIMA AGRO TECH,ejaan/kapitalisasi/spasi,,25
PT. Permata Agro Persada,PT. Permata Agro Persada,kanonik,,25
PETROSIDA GRESIK,PT. Petrosida Gresik,ejaan/kapitalisasi/spasi,,25
JAVAMAS AGROPHOS,CV. Javamas Agrophos,ejaan/kapitalisasi/spasi,,24
AGRO TRADISI,PT. AGRO TRADISI,ejaan/kapitalisasi/spasi,,24
PT. HANAMPI SEJAHTERA KAHURIPAN,PT. HANAMPI SEJAHTERA KAHURIPAN,kanonik,,24
CV. GRAHA AGRO,CV. GRAHA AGRO,kanonik,,23
GREENLIFE BIOSCIENCE,PT Greenlife Bioscience,ejaan/kapitalisasi/spasi,,23
PT. SENTANA ADIDAYA PRATAMA,PT. SENTANA ADIDAYA PRATAMA,kanonik,,23
HANAMPI SEJAHTERA KAHURIPAN,PT. HANAMPI SEJAHTERA KAHURIPAN,ejaan/kapitalisasi/spasi,,22
PT. Sasco Indonesia,PT. Sasco Indonesia,kanonik,,22
CV. GRAHA AGRITECH PRIMA,CV. GRAHA AGRITECH PRIMA,kanonik,,21
MULYO TANI MAKMUR,CV. Mulyo Tani Makmur,beda-bentuk-badan,ya,21
PT. HANEARL SCIENCE INDONESIA,PT. HANEARL SCIENCE INDONESIA,kanonik,,21
PT. TANI MAS SUBUR,PT. TANI MAS SUBUR,kanonik,,21
AGRO JAYA INDONESIA,CV. AGRO JAYA INDONESIA,ejaan/kapitalisasi/spasi,,20
TRUBUS PRIMA,CV. TRUBUS PRIMA,ejaan/kapitalisasi/spasi,,20
ANUGERAH PUPUK MAKMUR,PT ANUGERAH PUPUK MAKMUR,ejaan/kapitalisasi/spasi,,20
PT. EXINDO RAHARJA PRATAMA,PT Exindo Raharja Pratama,tanda-baca,,20
KALATHAM,PT Kalatham,ejaan/kapitalisasi/spasi,,20
PT. MESTIKA NUSANTARA AGROKIMIA,PT. MESTIKA NUSANTARA AGROKIMIA,kanonik,,20
PT. SUMANS MANDIRI SEJAHTERA,PT. SUMANS MANDIRI SEJAHTERA,kanonik,,20
PT. WILMAR CHEMICAL INDONESIA,PT. WILMAR CHEMICAL INDONESIA,kanonik,,20
PT. AGRO GUNA MAKMUR,PT. AGRO GUNA MAKMUR,kanonik,,19
PT. JAWA AGRINDO INTERNASIONAL,PT. JAWA AGRINDO INTERNASIONAL,kanonik,,19
KRISTALINDO KARUNIA INTERNASIONAL,PT. Kristalindo Karunia Internasional,ejaan/kapitalisasi/spasi,,19
MAXXI AGRI INDONESIA,PT. MAXXI AGRI INDONESIA,ejaan/kapitalisasi/spasi,,19
SARI KRESNA KIMIA,PT. SARI KRESNA KIMIA,ejaan/kapitalisasi/spasi,,19
PT. SUNJOY AGRO INDONESIA,PT. SUNJOY AGRO INDONESIA,kanonik,,19
PT Bumi Indo Raharja,PT Bumi Indo Raharja,kanonik,,18
AGRO BERJAYA NUSANTARA,PT. Agro Berjaya Nusantara,ejaan/kapitalisasi/spasi,,18
ANUGERAH PUPUK LESTARI,PT. Anugerah Pupuk Lestari,ejaan/kapitalisasi/spasi,,18
ARTHA PRIMA HUMATINDO,PT. Artha Prima Humatindo,ejaan/kapitalisasi/spasi,,18
PT. RABANA AGRO RESOURCES,PT. RABANA AGRO RESOURCES,kanonik,,18
PT. TANGGUH AGRO NUSA INDONESIA,PT. TANGGUH AGRO NUSA INDONESIA,kanonik,,18
MUTIARA KERATON JIMMY&CO TRANS BISNIS INDONESIA,CV. MUTIARA KERATON JIMMY&CO TRANS BISNIS INDONESIA,ejaan/kapitalisasi/spasi,,17
PT Petrokimia Gresik,PT Petrokimia Gresik,kanonik,,17
PT. AGRO TRADISI,PT. AGRO TRADISI,kanonik,,17
GOAUTAMA SINARBATUAH,PT. GOAUTAMA SINARBATUAH,ejaan/kapitalisasi/spasi,,17
LAKU AGUNG BAHAGIA INDONESIA,PT. Laku Agung Bahagia Indonesia,ejaan/kapitalisasi/spasi,,17
PT. ZENITH CROPSCIENCES INDONESIA,PT. ZENITH CROPSCIENCES INDONESIA,kanonik,,17
NUSA NUR AGRO,CV. Nusa Nur Agro,ejaan/kapitalisasi/spasi,,16
PETROKIMIA KAYAKU,PT Petrokimia Kayaku,ejaan/kapitalisasi/spasi,,16
PT. AGRO NATURAL TECHNOLOGY,PT. AGRO NATURAL TECHNOLOGY,kanonik,,16
PT. ARYSTA LIFESCIENCE TIRTA,PT. ARYSTA LIFESCIENCE TIRTA,kanonik,,16
ECO AGRO MANDIRI,PT. ECO AGRO MANDIRI,ejaan/kapitalisasi/spasi,,16
MESTIKA KARUNIA UTAMA,PT. MESTIKA KARUNIA UTAMA,ejaan/kapitalisasi/spasi,,16
CV. DELTA CHEMICA,CV. DELTA CHEMICA,kanonik,,15
CARLINDO SERASI ABADI,PT Carlindo Serasi Abadi,ejaan/kapitalisasi/spasi,,15
PT JADI MAS,PT JADI MAS,kanonik,,15
PT. JIVA AGRICULTURE INDONESIA,PT. JIVA AGRICULTURE INDONESIA,kanonik,,15
PT. PRIMA AGRO TECH,PT. PRIMA AGRO TECH,kanonik,,15
ROLIMEX KIMIA NUSAMAS,PT. Rolimex Kimia Nusamas,ejaan/kapitalisasi/spasi,,15
SARAREA PANEN RAYA,CV. SARAREA PANEN RAYA,ejaan/kapitalisasi/spasi,,14
SINAR SURYA,CV. Sinar Surya,ejaan/kapitalisasi/spasi,,14
PT Pupuk Kalimantan Timur,PT Pupuk Kalimantan Timur,kanonik,,14
AGRO NUSANTARA INDONESIA,PT. Agro Nusantara Indonesia,ejaan/kapitalisasi/spasi,,14
CENTRA BIOTECH INDONESIA,PT. CENTRA BIOTECH INDONESIA,ejaan/kapitalisasi/spasi,,14
PT. INTER AGRO INDONESIA,PT. INTER AGRO INDONESIA,kanonik,,14
PT. MAKMUR JAYA AGRO,PT. MAKMUR JAYA AGRO,kanonik,,14
PT. Parama Agroindustri Danapati,PT. Parama Agroindustri Danapati,kanonik,,14
PT. SAFE CHEMICAL INDONESIA,PT. SAFE CHEMICAL INDONESIA,kanonik,,14
AGRO NUSA INDAH,CV. Agro Nusa Indah,ejaan/kapitalisasi/spasi,,13
CV. BOMA SAKTI TANI,CV. BOMA SAKTI TANI,kanonik,,13
SAFA AGROTEK INDONESIA,PT SAFA AGROTEK INDONESIA,ejaan/kapitalisasi/spasi,,13
BUMI SUBUR SENTOSA,PT. Bumi Subur Sentosa,ejaan/kapitalisasi/spasi,,13
PT. Cipta Makmur Pertiwi,PT. Cipta Makmur Pertiwi,kanonik,,13
PT. Dharma Ayu Tani,PT. Dharma Ayu Tani,kanonik,,13
PT. ECO AGRO MANDIRI,PT. ECO AGRO MANDIRI,kanonik,,13
PT. NUSA MANDIRI UTAMA,PT. Nusa Mandiri Utama,ejaan/kapitalisasi/spasi,,13
POLOWIJO GOSARI,PT. Polowijo Gosari,ejaan/kapitalisasi/spasi,,13
SANTANI AGRO LESTARI,PT. SANTANI AGRO LESTARI,ejaan/kapitalisasi/spasi,,13
PT. SANTANI SEJAHTERA,PT. SANTANI SEJAHTERA,kanonik,,13
ASIA KIMINDO PRIMA,PT. ASIA KIMINDO PRIMA,ejaan/kapitalisasi/spasi,,12
PRIMA KARYA BERJAYA,PT. PRIMA KARYA BERJAYA,ejaan/kapitalisasi/spasi,,12
PT. Rolimex Kimia Nusamas,PT. Rolimex Kimia Nusamas,kanonik,,12
PT. TAPAL KOEDA INDONESIA,PT. TAPAL KOEDA INDONESIA,kanonik,,12
PT. TRITAMA WIRAKARSA,PT. TRITAMA WIRAKARSA,kanonik,,12
MITRA MERDEKA TANI,UD. Mitra Merdeka Tani,ejaan/kapitalisasi/spasi,,12
MITRA TANI ABADI JAYA,CV.MITRA TANI ABADI JAYA,ejaan/kapitalisasi/spasi,,11
CHEIL JEDANG INDONESIA,PT CHEIL JEDANG INDONESIA,ejaan/kapitalisasi/spasi,,11
PROSPER BIOTECH INDONESIA,PT Prosper Biotech Indonesia,ejaan/kapitalisasi/spasi,,11
PT. Agrotama Tunas Sarana,PT. Agrotama Tunas Sarana,kanonik,,11
PT. Maju Makmur Utomo,PT. Maju Makmur Utomo,kanonik,,11
MULTIDAYA PUTRA SEJAHTERA,PT. Multidaya Putra Sejahtera,ejaan/kapitalisasi/spasi,,11
SINAR GENERAL INDUSTRIES,PT. SINAR GENERAL INDUSTRIES,ejaan/kapitalisasi/spasi,,11
WAHANA PUNDIKARSA ABADI,PT. WAHANA PUNDIKARSA ABADI,ejaan/kapitalisasi/spasi,,11
UD. PRIMAGRO,UD Primagro,tanda-baca,,11
SUMBER AGUNG JAYA,CV. Sumber Agung Jaya,ejaan/kapitalisasi/spasi,,10
MITRA TANI ABADI,CV.Mitra Tani Abadi,ejaan/kapitalisasi/spasi,,10
BUMI INDO RAHARJA,PT Bumi Indo Raharja,beda-bentuk-badan,ya,10
GREEN PLANET INDONESIA,PT GREEN PLANET INDONESIA,ejaan/kapitalisasi/spasi,,10
PUPUK SRIWIDJAJA PALEMBANG,PT PUPUK SRIWIDJAJA PALEMBANG,ejaan/kapitalisasi/spasi,,10
PT Pupuk Iskandar Muda,PT Pupuk Iskandar Muda,kanonik,,10
PT. AZELIS INDONESIA DISTRIBUSI,PT. AZELIS INDONESIA DISTRIBUSI,kanonik,,10
GALATTA LESTARINDO,PT. GALATTA LESTARINDO,ejaan/kapitalisasi/spasi,,10
INDORAYA MITRA PERSADA SERATUS ENAM PULUH DELAPAN,PT. INDORAYA MITRA PERSADA SERATUS ENAM PULUH DELAPAN,ejaan/kapitalisasi/spasi,,10
PT. Nusa Mandiri Utama,PT. Nusa Mandiri Utama,kanonik,,10
PT. ORCHID GLOBAL MAKMUR,PT. ORCHID GLOBAL MAKMUR,kanonik,,10
TANAMAN MAKMUR MANDIRI,PT. TANAMAN MAKMUR MANDIRI,ejaan/kapitalisasi/spasi,,10
UTOMO UTOMO,PT. UTOMO UTOMO,ejaan/kapitalisasi/spasi,,10
JATI EMAS UNGGUL,CV. JATI EMAS UNGGUL,ejaan/kapitalisasi/spasi,,9
PT Carlindo Serasi Abadi,PT Carlindo Serasi Abadi,kanonik,,9
PT Gresik Cipta Sejahtera,PT Gresik Cipta Sejahtera,kanonik,,9
ADVANSIA INDOTANI,PT. ADVANSIA INDOTANI,ejaan/kapitalisasi/spasi,,9
PT. AGRO INSANI SEMESTA,PT. AGRO INSANI SEMESTA,kanonik,,9
BINA GUNA KIMIA,PT. BINA GUNA KIMIA,ejaan/kapitalisasi/spasi,,9
PT. BYTER AGRICULTURE INDONESIA,PT. BYTER AGRICULTURE INDONESIA,kanonik,,9
BIOSINDO MITRA JAYA,PT. Biosindo Mitra Jaya,ejaan/kapitalisasi/spasi,,9
PT. EUREEKAGREAT NUSANTARA,PT. EUREEKAGREAT NUSANTARA,kanonik,,9
PT. FERTA INDONESIA PERSADA,PT. FERTA INDONESIA PERSADA,kanonik,,9
GEMAH RIPAH LOH JINAWI INDUSTRI,PT. Gemah Ripah Loh Jinawi Industri,ejaan/kapitalisasi/spasi,,9
PT. Winon International,PT. Winon International,kanonik,,9
IMEXINDO NUSANTARA,CV IMEXINDO NUSANTARA,ejaan/kapitalisasi/spasi,,8
AGRINDO PERSADATAMA,CV. AGRINDO PERSADATAMA,ejaan/kapitalisasi/spasi,,8
CV. GOLDEN FARM INDONESIA,CV. GOLDEN FARM INDONESIA,kanonik,,8
CV.BUNGA TANI,CV.BUNGA TANI,kanonik,,8
AGRI HIKAY INDONESIA,PT AGRI HIKAY INDONESIA,ejaan/kapitalisasi/spasi,,8
PT. BIO SARANA INDONESIA,PT Bio Sarana Indonesia,tanda-baca,,8
PT SRI REJEKI FERTILIZER,PT SRI REJEKI FERTILIZER,kanonik,,8
TUNAS AGRO PERSADA,PT Tunas Agro Persada,ejaan/kapitalisasi/spasi,,8
AGRO GUNA MAKMUR,PT. AGRO GUNA MAKMUR,ejaan/kapitalisasi/spasi,,8
PT. ANDAFA AGRO INDO,PT. ANDAFA AGRO INDO,kanonik,,8
ANDAFA AGRO INDO,PT. ANDAFA AGRO INDO,ejaan/kapitalisasi/spasi,,8
Agro Bumi Timur,PT. Agro Bumi Timur,ejaan/kapitalisasi/spasi,,8
PT. BENIH BERKAH BERSERI,PT. BENIH BERKAH BERSERI,kanonik,,8
PT. DWIAGRI MAKMUR INTERTRADE,PT. DWIAGRI MAKMUR INTERTRADE,kanonik,,8
FERTA INDONESIA PERSADA,PT. FERTA INDONESIA PERSADA,ejaan/kapitalisasi/spasi,,8
MITRA FINEX ANTARNUSA,PT. MITRA FINEX ANTARNUSA,ejaan/kapitalisasi/spasi,,8
PT. MITRA FINEX ANTARNUSA,PT. MITRA FINEX ANTARNUSA,kanonik,,8
PERMATA NEGERI INDONESIA,PT. PERMATA NEGERI INDONESIA,ejaan/kapitalisasi/spasi,,8
POMAL BEKA MANDIRI,PT. POMAL BEKA MANDIRI,ejaan/kapitalisasi/spasi,,8
PT. RAJA GROUP INDONESIA,PT. RAJA GROUP INDONESIA,kanonik,,8
SAFEEKO BIO INDONESIA,PT. SAFEEKO BIO INDONESIA,ejaan/kapitalisasi/spasi,,8
SURYA CIPTA PERKASA YOGYAKARTA,PT. SURYA CIPTA PERKASA YOGYAKARTA,ejaan/kapitalisasi/spasi,,8
PT.Antariksa Nusantara Indonesia Group,PT.Antariksa Nusantara Indonesia Group,kanonik,,8
CAHAYA ABADI,CV. Cahaya Abadi,ejaan/kapitalisasi/spasi,,7
DANA INDO AGRI,CV. DANA INDO AGRI,ejaan/kapitalisasi/spasi,,7
CV. Nusa Nur Agro,CV. Nusa Nur Agro,kanonik,,7
EXINDO RAHARJA PRATAMA,PT Exindo Raharja Pratama,ejaan/kapitalisasi/spasi,,7
POLARCHEM,PT POLARCHEM,ejaan/kapitalisasi/spasi,,7
PT PUPUK SRIWIDJAJA PALEMBANG,PT PUPUK SRIWIDJAJA PALEMBANG,kanonik,,7
PT Pupuk Kujang,PT Pupuk Kujang,kanonik,,7
AGRICULTURE CONSTRUCTION,PT. AGRICULTURE CONSTRUCTION,ejaan/kapitalisasi/spasi,,7
PT. ALISHAN NUSA INDAH,PT. ALISHAN NUSA INDAH,kanonik,,7
AGRO TANI MARISI,PT. Agro Tani Marisi,ejaan/kapitalisasi/spasi,,7
PT. BERSAMA SATU TEGUH,PT. BERSAMA SATU TEGUH,kanonik,,7
PT. Bumi Subur Sentosa,PT. Bumi Subur Sentosa,kanonik,,7
FORMITRA MULTI PRAKARSA,PT. Formitra Multi Prakarsa,ejaan/kapitalisasi/spasi,,7
INDOIN BUSINESS GROUP,PT. INDOIN BUSINESS GROUP,ejaan/kapitalisasi/spasi,,7
MESTIKA NUSANTARA AGROKIMIA,PT. MESTIKA NUSANTARA AGROKIMIA,ejaan/kapitalisasi/spasi,,7
PT. SAFEEKO BIO INDONESIA,PT. SAFEEKO BIO INDONESIA,kanonik,,7
TAPAL KOEDA INDONESIA,PT. TAPAL KOEDA INDONESIA,ejaan/kapitalisasi/spasi,,7
BOMA SAKTI TANI,CV. BOMA SAKTI TANI,ejaan/kapitalisasi/spasi,,6
PT. CIPTA AGRIFARMERINDO,CV. Cipta Agrifarmerindo,beda-bentuk-badan,ya,6
CV. JATI EMAS UNGGUL,CV. JATI EMAS UNGGUL,kanonik,,6
KARYA TANI INDONESIA,CV. Karya Tani Indonesia,ejaan/kapitalisasi/spasi,,6
CV. Multi Agro Jaya Utama,CV. Multi Agro Jaya Utama,kanonik,,6
NOVIE AGRO INDUSTRI,CV. NOVIE AGRO INDUSTRI,ejaan/kapitalisasi/spasi,,6
AJINOMOTO INDONESIA,PT AJINOMOTO INDONESIA,ejaan/kapitalisasi/spasi,,6
PT Kertopaten Kencana,PT Kertopaten Kencana,kanonik,,6
TOYA INDO MANUNGGAL,PT TOYA INDO MANUNGGAL,ejaan/kapitalisasi/spasi,,6
PT. AGROLAND INDO SYNERGY,PT. AGROLAND INDO SYNERGY,kanonik,,6
AGROTECH PESTICIDE INDUSTRY,PT. AGROTECH PESTICIDE INDUSTRY,ejaan/kapitalisasi/spasi,,6
PT. ALFA BETA AGROCHEMICAL,PT. ALFA BETA AGROCHEMICAL,kanonik,,6
PT. ARENA HORMON INDONUSA,PT. ARENA HORMON INDONUSA,kanonik,,6
PT. ASIA KIMINDO PRIMA,PT. ASIA KIMINDO PRIMA,kanonik,,6
PT. Agro Nusantara Indonesia,PT. Agro Nusantara Indonesia,kanonik,,6
PT. Agspec Indonesia,PT. Agspec Indonesia,kanonik,,6
PT. BELIRANG KALISARI,PT. BELIRANG KALISARI,kanonik,,6
BESTANI AGRO SEJAHTERA,PT. BESTANI AGRO SEJAHTERA,ejaan/kapitalisasi/spasi,,6
BUMI TANI SUBUR,PT. BUMI TANI SUBUR,ejaan/kapitalisasi/spasi,,6
BANDUNG INOVASI ORGANIK,PT. Bandung Inovasi Organik,ejaan/kapitalisasi/spasi,,6
CENTRA AGRO PRATAMA,PT. Centra Agro Pratama,ejaan/kapitalisasi/spasi,,6
EUREEKAGREAT NUSANTARA,PT. EUREEKAGREAT NUSANTARA,ejaan/kapitalisasi/spasi,,6
PT. KUSUMA DIPA NUGRAHA,PT. KUSUMA DIPA NUGRAHA,kanonik,,6
PT. MULTI NIAGA NUSANTARA INDONESIA,PT. MULTI NIAGA NUSANTARA INDONESIA,kanonik,,6
PT. MULTIKIMIA AGRO SEJAHTERA,PT. MULTIKIMIA AGRO SEJAHTERA,kanonik,,6
PT. SOLUSI TANI INDONESIA,PT. SOLUSI TANI INDONESIA,kanonik,,6
PT. SUMBER AGRO PERKASA,PT. SUMBER AGRO PERKASA,kanonik,,6
PT. UTOMO UTOMO,PT. UTOMO UTOMO,kanonik,,6
ALL COSMOS INDONESIA,PT.ALL COSMOS INDONESIA,ejaan/kapitalisasi/spasi,,6
CV IMEXINDO NUSANTARA,CV IMEXINDO NUSANTARA,kanonik,,5
BUMI NUSANTARA,CV. BUMI NUSANTARA,ejaan/kapitalisasi/spasi,,5
BUMIKITA MAKMUR,CV. BUMIKITA MAKMUR,ejaan/kapitalisasi/spasi,,5
BAKTI ALAM NUSANTARA,CV. Bakti Alam Nusantara,ejaan/kapitalisasi/spasi,,5
CV. Javamas Agrophos,CV. Javamas Agrophos,kanonik,,5
CV. NUSA NUR AGRO,CV. Nusa Nur Agro,ejaan/kapitalisasi/spasi,,5
PRADIPTA PARAMITA,CV. PRADIPTA PARAMITA,ejaan/kapitalisasi/spasi,,5
GRESIK CIPTA SEJAHTERA,PT Gresik Cipta Sejahtera,ejaan/kapitalisasi/spasi,,5
PT. NUSAMAS KIMIA PERSADA,PT Nusamas Kimia Persada,tanda-baca,,5
PT Petrokimia Kayaku,PT Petrokimia Kayaku,kanonik,,5
PUPUK ISKANDAR MUDA,PT Pupuk Iskandar Muda,ejaan/kapitalisasi/spasi,,5
AGRO INSANI SEMESTA,PT. AGRO INSANI SEMESTA,ejaan/kapitalisasi/spasi,,5
PT. ANKEWA CHEMICAL INDONESIA,PT. ANKEWA CHEMICAL INDONESIA,kanonik,,5
PT. Agro Berjaya Nusantara,PT. Agro Berjaya Nusantara,kanonik,,5
AGSPEC INDONESIA,PT. Agspec Indonesia,ejaan/kapitalisasi/spasi,,5
PT. BINGEI AGUNG,PT. BINGEI AGUNG,kanonik,,5
DHARMA GUNA WIBAWA,PT. DHARMA GUNA WIBAWA,ejaan/kapitalisasi/spasi,,5
DWIAGRI MAKMUR INTERTRADE,PT. DWIAGRI MAKMUR INTERTRADE,ejaan/kapitalisasi/spasi,,5
PT. Dupan Anugerah Lestari,PT. Dupan Anugerah Lestari,kanonik,,5
PT. GOAUTAMA SINARBATUAH,PT. GOAUTAMA SINARBATUAH,kanonik,,5
PT. IRQ MAKMUR JAYA,PT. IRQ MAKMUR JAYA,kanonik,,5
MOLINDO RAYA INDUSTRIAL,PT. Molindo Raya Industrial,ejaan/kapitalisasi/spasi,,5
PROPADU KONAIR TARAHUBUN,PT. PROPADU KONAIR TARAHUBUN,ejaan/kapitalisasi/spasi,,5
RABANA AGRO RESOURCES,PT. RABANA AGRO RESOURCES,ejaan/kapitalisasi/spasi,,5
WONDERINDO PHARMATAMA,PT.WONDERINDO PHARMATAMA,ejaan/kapitalisasi/spasi,,5
ALAM HIJAU,CV Alam Hijau,ejaan/kapitalisasi/spasi,,4
DUTA LIMAS,CV DUTA LIMAS,ejaan/kapitalisasi/spasi,,4
CV. Agro Nusa Indah,CV. Agro Nusa Indah,kanonik,,4
CV. Anugerah Tani Makmur,CV. Anugerah Tani Makmur,kanonik,,4
CV. JOYO MAKMUR SUKSES,CV. JOYO MAKMUR SUKSES,kanonik,,4
JAYA TANI,CV. Jaya Tani,ejaan/kapitalisasi/spasi,,4
CV. Jaya Tani,CV. Jaya Tani,kanonik,,4
CV. MITRA AGRO SENTOSA,CV. MITRA AGRO SENTOSA,kanonik,,4
CV. MUTIARA KERATON JIMMY&CO TRANS BISNIS INDONESIA,CV. MUTIARA KERATON JIMMY&CO TRANS BISNIS INDONESIA,kanonik,,4
CV. Mulyo Tani Makmur,CV. Mulyo Tani Makmur,kanonik,,4
SEMESTA AGRO MAKMUR,CV. SEMESTA AGRO MAKMUR,ejaan/kapitalisasi/spasi,,4
CV. Sumber Agung Jaya,CV. Sumber Agung Jaya,kanonik,,4
CV. TRUBUS PRIMA,CV. TRUBUS PRIMA,kanonik,,4
UTAMA KARYA TANI,CV.UTAMA KARYA TANI,ejaan/kapitalisasi/spasi,,4
PT AJINOMOTO INDONESIA,PT AJINOMOTO INDONESIA,kanonik,,4
PT SAFA AGROTEK INDONESIA,PT SAFA AGROTEK INDONESIA,kanonik,,4
PT Tunas Agro Persada,PT Tunas Agro Persada,kanonik,,4
AGRO NATURAL TECHNOLOGY,PT. AGRO NATURAL TECHNOLOGY,ejaan/kapitalisasi/spasi,,4
ALFA BETA AGROCHEMICAL,PT. ALFA BETA AGROCHEMICAL,ejaan/kapitalisasi/spasi,,4
PT. BESTANI AGRO SEJAHTERA,PT. BESTANI AGRO SEJAHTERA,kanonik,,4
BHADRA CEMERLANG,PT. Bhadra Cemerlang,ejaan/kapitalisasi/spasi,,4
CEVE SINAR ARAS,PT. CEVE SINAR ARAS,ejaan/kapitalisasi/spasi,,4
PT. CEVE SINAR ARAS,PT. CEVE SINAR ARAS,kanonik,,4
DELTA GIRI WACANA,PT. DELTA GIRI WACANA,ejaan/kapitalisasi/spasi,,4
PT. DITYA CHEMINDO,PT. DITYA CHEMINDO,kanonik,,4
PT. FAJAR BUANA CHEMICAL,PT. FAJAR BUANA CHEMICAL,kanonik,,4
PT. Formitra Multi Prakarsa,PT. Formitra Multi Prakarsa,kanonik,,4
JAWA AGRINDO INTERNASIONAL,PT. JAWA AGRINDO INTERNASIONAL,ejaan/kapitalisasi/spasi,,4
PT. LUMBUNG AGRO MAKMUR,PT. LUMBUNG AGRO MAKMUR,kanonik,,4
PT. Laku Agung Bahagia Indonesia,PT. Laku Agung Bahagia Indonesia,kanonik,,4
PT. Molindo Raya Industrial,PT. Molindo Raya Industrial,kanonik,,4
PT. PLANTSAFE FERTILIZER INDONESIA,PT. PLANTSAFE FERTILIZER INDONESIA,kanonik,,4
PRIMA AGRO NETWORK,PT. PRIMA AGRO NETWORK,ejaan/kapitalisasi/spasi,,4
PT. PARAMA AGROINDUSTRI DANAPATI,PT. Parama Agroindustri Danapati,ejaan/kapitalisasi/spasi,,4
SEJUK ALAM LESTARI,PT. SEJUK ALAM LESTARI,ejaan/kapitalisasi/spasi,,4
PT. SUMITOMO INDONESIA,PT. SUMITOMO INDONESIA,kanonik,,4
TUNAS HARMONI ABADI,PT. TUNAS HARMONI ABADI,ejaan/kapitalisasi/spasi,,4
UNITED ALACRITY INDONESIA,PT. UNITED ALACRITY INDONESIA,ejaan/kapitalisasi/spasi,,4
UPL INDONESIA,PT. UPL INDONESIA,ejaan/kapitalisasi/spasi,,4
PT. WAHANA PUNDIKARSA ABADI,PT. WAHANA PUNDIKARSA ABADI,kanonik,,4
ZENITH CROPSCIENCES INDONESIA,PT. ZENITH CROPSCIENCES INDONESIA,ejaan/kapitalisasi/spasi,,4
PT.ALL COSMOS INDONESIA,PT.ALL COSMOS INDONESIA,kanonik,,4
PT.MITRA CIPTA AGRO,PT.MITRA CIPTA AGRO,kanonik,,4
OAT MITOKU AGRIO,PT.OAT MITOKU AGRIO,ejaan/kapitalisasi/spasi,,4
UD. MITRA MERDEKA TANI,UD. Mitra Merdeka Tani,ejaan/kapitalisasi/spasi,,4
CV Alam Hijau,CV Alam Hijau,kanonik,,3
CV. BIMAGRO INDONESIA,CV. BIMAGRO INDONESIA,kanonik,,3
BIMAGRO INDONESIA,CV. BIMAGRO INDONESIA,ejaan/kapitalisasi/spasi,,3
DELTA CHEMICA,CV. DELTA CHEMICA,ejaan/kapitalisasi/spasi,,3
GOLDEN FARM INDONESIA,CV. GOLDEN FARM INDONESIA,ejaan/kapitalisasi/spasi,,3
JOYO MAKMUR SUKSES,CV. JOYO MAKMUR SUKSES,ejaan/kapitalisasi/spasi,,3
CV. Karya Tani Indonesia,CV. Karya Tani Indonesia,kanonik,,3
MITRA AGRO SENTOSA,CV. MITRA AGRO SENTOSA,ejaan/kapitalisasi/spasi,,3
CV. Makmur Sembada,CV. Makmur Sembada,kanonik,,3
CV. PRIMA BERKAH NUSANTARA,CV. PRIMA BERKAH NUSANTARA,kanonik,,3
PRIMA BERKAH NUSANTARA,CV. PRIMA BERKAH NUSANTARA,ejaan/kapitalisasi/spasi,,3
PRIMA TANI MANDIRI,CV. PRIMA TANI MANDIRI,ejaan/kapitalisasi/spasi,,3
CV. SEMESTA AGRO MAKMUR,CV. SEMESTA AGRO MAKMUR,kanonik,,3
CV. SUGI TEKNIK PANGAN,CV. SUGI TEKNIK PANGAN,kanonik,,3
SUBUR MAKMUR SEJAHTERA,CV. Subur Makmur Sejahtera,ejaan/kapitalisasi/spasi,,3
CV. Sumber Rejeki,CV. Sumber Rejeki,kanonik,,3
BUNGA TANI,CV.BUNGA TANI,ejaan/kapitalisasi/spasi,,3
CV.MITRA TANI ABADI JAYA,CV.MITRA TANI ABADI JAYA,kanonik,,3
CV.UTAMA KARYA TANI,CV.UTAMA KARYA TANI,kanonik,,3
BIO SARANA INDONESIA,PT Bio Sarana Indonesia,ejaan/kapitalisasi/spasi,,3
PT Bio Sarana Indonesia,PT Bio Sarana Indonesia,kanonik,,3
BURSATANI GLOBAL NIAGA,PT Bursatani Global Niaga,ejaan/kapitalisasi/spasi,,3
DUNIA KIMIA JAYA,PT Dunia Kimia Jaya,ejaan/kapitalisasi/spasi,,3
PT Exindo Raharja Pratama,PT Exindo Raharja Pratama,kanonik,,3
PT Greenlife Bioscience,PT Greenlife Bioscience,kanonik,,3
PT. KALATHAM,PT Kalatham,tanda-baca,,3
PT Kalatham,PT Kalatham,kanonik,,3
PT Nusamas Kimia Persada,PT Nusamas Kimia Persada,kanonik,,3
PT TOYA INDO MANUNGGAL,PT TOYA INDO MANUNGGAL,kanonik,,3
PT. AGRI KEMIA NATURA,PT. AGRI KEMIA NATURA,kanonik,,3
ANKEWA CHEMICAL INDONESIA,PT. ANKEWA CHEMICAL INDONESIA,ejaan/kapitalisasi/spasi,,3
ARENA HORMON INDONUSA,PT. ARENA HORMON INDONUSA,ejaan/kapitalisasi/spasi,,3
ARTHA MAKMUR ABADI,PT. ARTHA MAKMUR ABADI,ejaan/kapitalisasi/spasi,,3
PT. AGROSID MANUNGGAL SENTOSA,PT. Agrosid Manunggal Sentosa,ejaan/kapitalisasi/spasi,,3
AGROSID MANUNGGAL SENTOSA,PT. Agrosid Manunggal Sentosa,ejaan/kapitalisasi/spasi,,3
ANGPUTRA GLOBAL ORGANIK,PT. Angputra Global Organik,ejaan/kapitalisasi/spasi,,3
PT. Angputra Global Organik,PT. Angputra Global Organik,kanonik,,3
BINGEI AGUNG,PT. BINGEI AGUNG,ejaan/kapitalisasi/spasi,,3
PT. BIO AGRITECH NUSANTARA,PT. BIO AGRITECH NUSANTARA,kanonik,,3
PT BIOTIS AGRINDO,PT. BIOTIS AGRINDO,tanda-baca,,3
CATUR AGRODAYA MANDIRI,PT. CATUR AGRODAYA MANDIRI,ejaan/kapitalisasi/spasi,,3
PT. Centra Agro Pratama,PT. Centra Agro Pratama,kanonik,,3
PT. Gemah Ripah Loh Jinawi Industri,PT. Gemah Ripah Loh Jinawi Industri,kanonik,,3
KENSO INDONESIA,PT. KENSO INDONESIA,ejaan/kapitalisasi/spasi,,3
KUSUMA DIPA NUGRAHA,PT. KUSUMA DIPA NUGRAHA,ejaan/kapitalisasi/spasi,,3
NATHANI INDONESIA,PT. NATHANI INDONESIA,ejaan/kapitalisasi/spasi,,3
PT. NUSANTARA SURYA BENIH,PT. NUSANTARA SURYA BENIH,kanonik,,3
PT. PERMATA NEGERI INDONESIA,PT. PERMATA NEGERI INDONESIA,kanonik,,3
PT. POMAL BEKA MANDIRI,PT. POMAL BEKA MANDIRI,kanonik,,3
PT PRIMA AGRO TECH,PT. PRIMA AGRO TECH,tanda-baca,,3
PT. PRIMA MULIA ABADI,PT. PRIMA MULIA ABADI,kanonik,,3
PT. PUPUT TANI MANDIRI,PT. PUPUT TANI MANDIRI,kanonik,,3
PT. Polowijo Gosari,PT. Polowijo Gosari,kanonik,,3
PT. RAWWA ROUNDTEC INDONESIA,PT. RAWWA ROUNDTEC INDONESIA,kanonik,,3
PT. RIA INDO AGRI,PT. Ria Indo Agri,ejaan/kapitalisasi/spasi,,3
SELARAS ALAM SEJAHTERA,PT. Selaras Alam Sejahtera,ejaan/kapitalisasi/spasi,,3
TANGGUH AGRO NUSA INDONESIA,PT. TANGGUH AGRO NUSA INDONESIA,ejaan/kapitalisasi/spasi,,3
GUNUNG BERKAT SEJAHTERA,PT.GUNUNG BERKAT SEJAHTERA,ejaan/kapitalisasi/spasi,,3
NOVACHEM ADAMANTINA,PT.NOVACHEM ADAMANTINA,ejaan/kapitalisasi/spasi,,3
CV Agro Niaga Sejati,CV Agro Niaga Sejati,kanonik,,2
CV DUTA LIMAS,CV DUTA LIMAS,kanonik,,2
JAYA SRI BERSAMA,CV JAYA SRI BERSAMA,ejaan/kapitalisasi/spasi,,2
MARZUQ,CV MARZUQ,ejaan/kapitalisasi/spasi,,2
AGRO BIO MAHLIGAI,CV. AGRO BIO MAHLIGAI,ejaan/kapitalisasi/spasi,,2
CV. AGRO BIO MAHLIGAI,CV. AGRO BIO MAHLIGAI,kanonik,,2
AGRO SANTANINDO,CV. Agro Santanindo,ejaan/kapitalisasi/spasi,,2
BARU INDONESIA,CV. BARU INDONESIA,ejaan/kapitalisasi/spasi,,2
BERKAT MANNA MAJU,CV. BERKAT MANNA MAJU,ejaan/kapitalisasi/spasi,,2
CV. BUMI AGRO FERTILIZER,CV. BUMI AGRO FERTILIZER,kanonik,,2
BUMI AGRO FERTILIZER,CV. BUMI AGRO FERTILIZER,ejaan/kapitalisasi/spasi,,2
CV. BUMIKITA MAKMUR,CV. BUMIKITA MAKMUR,kanonik,,2
CINDE LARAS,CV. CINDE LARAS,ejaan/kapitalisasi/spasi,,2
CV. Cahaya Abadi,CV. Cahaya Abadi,kanonik,,2
DEKA AGRO PRODUCT,CV. Deka Agro Product,ejaan/kapitalisasi/spasi,,2
GRAHA AGRITECH PRIMA,CV. GRAHA AGRITECH PRIMA,ejaan/kapitalisasi/spasi,,2
GRAHA AGRO,CV. GRAHA AGRO,ejaan/kapitalisasi/spasi,,2
CV. JAVAMAS AGROPHOS,CV. Javamas Agrophos,ejaan/kapitalisasi/spasi,,2
CV. Jaya Makmur Sentausa,CV. Jaya Makmur Sentausa,kanonik,,2
PESANGGEM MITRA ABADI,CV. PESANGGEM MITRA ABADI,ejaan/kapitalisasi/spasi,,2
CV. PRADIPTA PARAMITA,CV. PRADIPTA PARAMITA,kanonik,,2
PRIMA AGRO LANCAR,CV. PRIMA AGRO LANCAR,beda-bentuk-badan,ya,2
CV. PRIMA AGRO LANCAR,CV. PRIMA AGRO LANCAR,kanonik,,2
CV. PRIMA TANI MANDIRI,CV. PRIMA TANI MANDIRI,kanonik,,2
RAJA BENUA MAS,CV. RAJA BENUA MAS,ejaan/kapitalisasi/spasi,,2
CV. Rahma Jaya,CV. Rahma Jaya,kanonik,,2
SAHABAT TANI MANDIRI,CV. SAHABAT TANI MANDIRI,ejaan/kapitalisasi/spasi,,2
CV. SAHABAT TANI MANDIRI,CV. SAHABAT TANI MANDIRI,kanonik,,2
SATRIA JAYA,CV. Satria Jaya,ejaan/kapitalisasi/spasi,,2
CV. Satria Jaya,CV. Satria Jaya,kanonik,,2
CV. Sinar Surya,CV. Sinar Surya,kanonik,,2
SUMBER REJEKI,CV. Sumber Rejeki,ejaan/kapitalisasi/spasi,,2
CV.Mitra Tani Abadi,CV.Mitra Tani Abadi,kanonik,,2
PT ANUGERAH PUPUK MAKMUR,PT ANUGERAH PUPUK MAKMUR,kanonik,,2
CV. BUMI INDO RAHARJA,PT Bumi Indo Raharja,beda-bentuk-badan,ya,2
MITRA SUKSES AGRINDO,PT Mitra Sukses Agrindo,ejaan/kapitalisasi/spasi,,2
PT. POLARCHEM,PT POLARCHEM,tanda-baca,,2
PT POLARCHEM,PT POLARCHEM,kanonik,,2
SRI REJEKI FERTILIZER,PT SRI REJEKI FERTILIZER,ejaan/kapitalisasi/spasi,,2
AGRI KEMIA NATURA,PT. AGRI KEMIA NATURA,ejaan/kapitalisasi/spasi,,2
AGRO TANI MAJU SEJAHTERA,PT. AGRO TANI MAJU SEJAHTERA,ejaan/kapitalisasi/spasi,,2
PT. AGROABADI MAKMUR PERSADA,PT. AGROABADI MAKMUR PERSADA,kanonik,,2
ALISHAN NUSA INDAH,PT. ALISHAN NUSA INDAH,ejaan/kapitalisasi/spasi,,2
AZELIS INDONESIA DISTRIBUSI,PT. AZELIS INDONESIA DISTRIBUSI,ejaan/kapitalisasi/spasi,,2
AGRI JAYA MANGGALA,PT. Agri Jaya Manggala,ejaan/kapitalisasi/spasi,,2
PT. AGSPEC INDONESIA,PT. Agspec Indonesia,ejaan/kapitalisasi/spasi,,2
ANEKA NUTRISI GLOBAL INDONESIA,PT. Aneka Nutrisi Global Indonesia,ejaan/kapitalisasi/spasi,,2
PT. Anugerah Pupuk Lestari,PT. Anugerah Pupuk Lestari,kanonik,,2
BELIRANG KALISARI,PT. BELIRANG KALISARI,ejaan/kapitalisasi/spasi,,2
BENIH BERKAH BERSERI,PT. BENIH BERKAH BERSERI,ejaan/kapitalisasi/spasi,,2
PT BIO AGRITECH NUSANTARA,PT. BIO AGRITECH NUSANTARA,tanda-baca,,2
BIO AGRITECH NUSANTARA,PT. BIO AGRITECH NUSANTARA,ejaan/kapitalisasi/spasi,,2
BIOTIS AGRINDO,PT. BIOTIS AGRINDO,ejaan/kapitalisasi/spasi,,2
PT. BUMI TANI SUBUR,PT. BUMI TANI SUBUR,kanonik,,2
PT. Bandung Inovasi Organik,PT. Bandung Inovasi Organik,kanonik,,2
BAYER INDONESIA,PT. Bayer Indonesia,ejaan/kapitalisasi/spasi,,2
PT. Bayer Indonesia,PT. Bayer Indonesia,kanonik,,2
PT. Bhadra Cemerlang,PT. Bhadra Cemerlang,kanonik,,2
CENTA BRASINDO ABADI CHEMICAL INDUSTRY,PT. CENTA BRASINDO ABADI CHEMICAL INDUSTRY,ejaan/kapitalisasi/spasi,,2
PT. CENTRA BIOTECH INDONESIA,PT. CENTRA BIOTECH INDONESIA,kanonik,,2
DEWARI AGRO SAKTI,PT. DEWARI AGRO SAKTI,ejaan/kapitalisasi/spasi,,2
PT. DYRIZ INDONESIA,PT. DYRIZ INDONESIA,kanonik,,2
PT. DHARMA AYU TANI,PT. Dharma Ayu Tani,ejaan/kapitalisasi/spasi,,2
PT FAJAR BUANA CHEMICAL,PT. FAJAR BUANA CHEMICAL,tanda-baca,,2
GRESIK NUSANTARA FERTILIZER,PT. GRESIK NUSANTARA FERTILIZER,ejaan/kapitalisasi/spasi,,2
HANEARL SCIENCE INDONESIA,PT. HANEARL SCIENCE INDONESIA,ejaan/kapitalisasi/spasi,,2
HASYA JAYA SHAFADILA,PT. Hasya Jaya Shafadila,ejaan/kapitalisasi/spasi,,2
PT. Hasya Jaya Shafadila,PT. Hasya Jaya Shafadila,kanonik,,2
INTER AGRO INDONESIA,PT. INTER AGRO INDONESIA,ejaan/kapitalisasi/spasi,,2
PT. INTI TANI NIAGA,PT. INTI TANI NIAGA,kanonik,,2
LUMBUNG AGRO MAKMUR,PT. LUMBUNG AGRO MAKMUR,ejaan/kapitalisasi/spasi,,2
PT.MULTI SARANA INDOTANI,PT. MULTI SARANA INDOTANI,ejaan/kapitalisasi/spasi,,2
MULTIKIMIA AGRO SEJAHTERA,PT. MULTIKIMIA AGRO SEJAHTERA,ejaan/kapitalisasi/spasi,,2
MAKRO CHEMINDO,PT. Makro Chemindo,ejaan/kapitalisasi/spasi,,2
PT. Makro Chemindo,PT. Makro Chemindo,kanonik,,2
PT. NATHANI INDONESIA,PT. NATHANI INDONESIA,kanonik,,2
NUSA BERKAT ALAM,PT. NUSA BERKAT ALAM,ejaan/kapitalisasi/spasi,,2
NUSANTARA SURYA BENIH,PT. NUSANTARA SURYA BENIH,ejaan/kapitalisasi/spasi,,2
PT. PRIMA AGRO NETWORK,PT. PRIMA AGRO NETWORK,kanonik,,2
PRIMA MULIA ABADI,PT. PRIMA MULIA ABADI,ejaan/kapitalisasi/spasi,,2
PT. PROPADU KONAIR TARAHUBUN,PT. PROPADU KONAIR TARAHUBUN,kanonik,,2
PT. Petrosida Gresik,PT. Petrosida Gresik,kanonik,,2
PT. REJEKI AGRO INDONESIA,PT. REJEKI AGRO INDONESIA,kanonik,,2
ROJO KOYO MANUNGGAL GROUP,PT. ROJO KOYO MANUNGGAL GROUP,ejaan/kapitalisasi/spasi,,2
PT. Ria Indo Agri,PT. Ria Indo Agri,kanonik,,2
SAFE CHEMICAL INDONESIA,PT. SAFE CHEMICAL INDONESIA,ejaan/kapitalisasi/spasi,,2
PT. SEJUK ALAM LESTARI,PT. SEJUK ALAM LESTARI,kanonik,,2
SOLUSI TANI INDONESIA,PT. SOLUSI TANI INDONESIA,ejaan/kapitalisasi/spasi,,2
SUMANS MANDIRI SEJAHTERA,PT. SUMANS MANDIRI SEJAHTERA,ejaan/kapitalisasi/spasi,,2
SUMBER AGRO PERKASA,PT. SUMBER AGRO PERKASA,ejaan/kapitalisasi/spasi,,2
PT. SURYA CIPTA PERKASA YOGYAKARTA,PT. SURYA CIPTA PERKASA YOGYAKARTA,kanonik,,2
SARANA UTAMA LESTARI ALAM,PT. Sarana Utama Lestari Alam,ejaan/kapitalisasi/spasi,,2
PT. Sarana Utama Lestari Alam,PT. Sarana Utama Lestari Alam,kanonik,,2
TANI MAS SUBUR,PT. TANI MAS SUBUR,ejaan/kapitalisasi/spasi,,2
TIGA MUARA EMAS MAKMUR,PT. TIGA MUARA EMAS MAKMUR,ejaan/kapitalisasi/spasi,,2
TRITAMA WIRAKARSA,PT. TRITAMA WIRAKARSA,ejaan/kapitalisasi/spasi,,2
PT. TUNAS HARMONI ABADI,PT. TUNAS HARMONI ABADI,kanonik,,2
TRUBUS MITRA SWADAYA,PT. Trubus Mitra Swadaya,ejaan/kapitalisasi/spasi,,2
PT. YUDHA PERDANA ANGESTI,PT. YUDHA PERDANA ANGESTI,kanonik,,2
PT.GUNUNG BERKAT SEJAHTERA,PT.GUNUNG BERKAT SEJAHTERA,kanonik,,2
PT.NOVACHEM ADAMANTINA,PT.NOVACHEM ADAMANTINA,kanonik,,2
PT.OAT MITOKU AGRIO,PT.OAT MITOKU AGRIO,kanonik,,2
UD. Mitra Merdeka Tani,UD. Mitra Merdeka Tani,kanonik,,2
AGRO NIAGA SEJATI,CV Agro Niaga Sejati,ejaan/kapitalisasi/spasi,,1
CV JAYA SRI BERSAMA,CV JAYA SRI BERSAMA,kanonik,,1
CV. MANUNGGAL ABADI SENTOSA,CV MANUNGGAL ABADI SENTOSA,tanda-baca,,1
CV MANUNGGAL ABADI SENTOSA,CV MANUNGGAL ABADI SENTOSA,kanonik,,1
CV MARZUQ,CV MARZUQ,kanonik,,1
TRUBUS MAS LESTARI,CV Trubus Mas Lestari,ejaan/kapitalisasi/spasi,,1
CV Trubus Mas Lestari,CV Trubus Mas Lestari,kanonik,,1
CV. AGRINDO PERSADATAMA,CV. AGRINDO PERSADATAMA,kanonik,,1
CV. APDIL APDILAH SUPER BUAH,CV. APDIL APDILAH SUPER BUAH,kanonik,,1
APDIL APDILAH SUPER BUAH,CV. APDIL APDILAH SUPER BUAH,ejaan/kapitalisasi/spasi,,1
ARTHA BUANA MANDIRI,CV. ARTHA BUANA MANDIRI,ejaan/kapitalisasi/spasi,,1
CV. Agro Santanindo,CV. Agro Santanindo,kanonik,,1
ANUGERAH TANI MAKMUR,CV. Anugerah Tani Makmur,ejaan/kapitalisasi/spasi,,1
ARTA PUTRI,CV. Arta Putri,ejaan/kapitalisasi/spasi,,1
CV. Arta Putri,CV. Arta Putri,kanonik,,1
CV. BARU INDONESIA,CV. BARU INDONESIA,kanonik,,1
CV. BERKAT MANNA MAJU,CV. BERKAT MANNA MAJU,kanonik,,1
CV. BUMI NUSANTARA,CV. BUMI NUSANTARA,kanonik,,1
CV. Bakti Alam Nusantara,CV. Bakti Alam Nusantara,kanonik,,1
CV. Bintang Berlian,CV. Bintang Berlian,kanonik,,1
BINTANG BERLIAN,CV. Bintang Berlian,ejaan/kapitalisasi/spasi,,1
CV. Bunga Agro Lestari,CV. Bunga Agro Lestari,kanonik,,1
BUNGA AGRO LESTARI,CV. Bunga Agro Lestari,ejaan/kapitalisasi/spasi,,1
CV. CINDE LARAS,CV. CINDE LARAS,kanonik,,1
CHRISTDO TITIAN JAYA,CV. Christdo Titian Jaya,ejaan/kapitalisasi/spasi,,1
CV. Christdo Titian Jaya,CV. Christdo Titian Jaya,kanonik,,1
CV. Cipta Agrifarmerindo,CV. Cipta Agrifarmerindo,kanonik,,1
CV. DANA INDO AGRI,CV. DANA INDO AGRI,kanonik,,1
DELTA FORTUNA,CV. DELTA FORTUNA,ejaan/kapitalisasi/spasi,,1
CV. DELTA FORTUNA,CV. DELTA FORTUNA,kanonik,,1
CV. Deka Agro Product,CV. Deka Agro Product,kanonik,,1
DEWI,CV. Dewi,ejaan/kapitalisasi/spasi,,1
CV. Dewi,CV. Dewi,kanonik,,1
CV. EUREEKA INDONESIA,CV. EUREEKA INDONESIA,kanonik,,1
EUREEKA INDONESIA,CV. EUREEKA INDONESIA,ejaan/kapitalisasi/spasi,,1
GUNUNG DONO PUTRA,CV. Gunung Dono Putra,ejaan/kapitalisasi/spasi,,1
CV. Gunung Dono Putra,CV. Gunung Dono Putra,kanonik,,1
CV. H.C.S. POWERINDO,CV. H.C.S. POWERINDO,kanonik,,1
H.C.S. POWERINDO,CV. H.C.S. POWERINDO,ejaan/kapitalisasi/spasi,,1
HATTARA CITRA ARGO,CV. Hattara Citra Argo,ejaan/kapitalisasi/spasi,,1
CV. Hattara Citra Argo,CV. Hattara Citra Argo,kanonik,,1
JAVA INDAH,CV. JAVA INDAH,ejaan/kapitalisasi/spasi,,1
CV. JAVA INDAH,CV. JAVA INDAH,kanonik,,1
JAYA MAKMUR SENTAUSA,CV. Jaya Makmur Sentausa,ejaan/kapitalisasi/spasi,,1
CV. MAKMUR SEMBADA,CV. Makmur Sembada,ejaan/kapitalisasi/spasi,,1
PT. MULYO TANI MAKMUR,CV. Mulyo Tani Makmur,beda-bentuk-badan,ya,1
CV. NAZA AGRO'S,CV. NAZA AGRO'S,kanonik,,1
NAZA AGRO'S,CV. NAZA AGRO'S,ejaan/kapitalisasi/spasi,,1
CV. NOVIE AGRO INDUSTRI,CV. NOVIE AGRO INDUSTRI,kanonik,,1
ORGANIC FARMING INDONESIA,CV. Organic Farming Indonesia,ejaan/kapitalisasi/spasi,,1
CV. Organic Farming Indonesia,CV. Organic Farming Indonesia,kanonik,,1
CV. PESANGGEM MITRA ABADI,CV. PESANGGEM MITRA ABADI,kanonik,,1
PT. PRIMA AGRO LANCAR,CV. PRIMA AGRO LANCAR,beda-bentuk-badan,ya,1
CV. RAJA BENUA MAS,CV. RAJA BENUA MAS,kanonik,,1
RAHMA JAYA,CV. Rahma Jaya,ejaan/kapitalisasi/spasi,,1
SUBURI PUTRA MANDIRI,CV. SUBURI PUTRA MANDIRI,ejaan/kapitalisasi/spasi,,1
CV. SUBURI PUTRA MANDIRI,CV. SUBURI PUTRA MANDIRI,kanonik,,1
SUGI TEKNIK PANGAN,CV. SUGI TEKNIK PANGAN,ejaan/kapitalisasi/spasi,,1
SEJAHTERA ABADI,CV. Sejahtera Abadi,ejaan/kapitalisasi/spasi,,1
CV. Sejahtera Abadi,CV. Sejahtera Abadi,kanonik,,1
CV. Subur Makmur Sejahtera,CV. Subur Makmur Sejahtera,kanonik,,1
TELSAP UTAMA,CV. Telsap Utama,ejaan/kapitalisasi/spasi,,1
CV. Telsap Utama,CV. Telsap Utama,kanonik,,1
AGROTANI,CV.AGROTANI,ejaan/kapitalisasi/spasi,,1
CV.AGROTANI,CV.AGROTANI,kanonik,,1
BUANA HIJAU PRATAMA,PT Buana Hijau Pratama,ejaan/kapitalisasi/spasi,,1
PT Buana Hijau Pratama,PT Buana Hijau Pratama,kanonik,,1
BUKIT MAS MURTI PERSADA,PT Bukit Mas Murti Persada,ejaan/kapitalisasi/spasi,,1
PT Bukit Mas Murti Persada,PT Bukit Mas Murti Persada,kanonik,,1
PT Bursatani Global Niaga,PT Bursatani Global Niaga,kanonik,,1
PT CHEIL JEDANG INDONESIA,PT CHEIL JEDANG INDONESIA,kanonik,,1
PT Dunia Kimia Jaya,PT Dunia Kimia Jaya,kanonik,,1
PT GREEN PLANET INDONESIA,PT GREEN PLANET INDONESIA,kanonik,,1
PT. GREENLIFE BIOSCIENCE,PT Greenlife Bioscience,tanda-baca,,1
PT. MITRA SUKSES AGRINDO,PT Mitra Sukses Agrindo,tanda-baca,,1
PT Mitra Sukses Agrindo,PT Mitra Sukses Agrindo,kanonik,,1
PUPUK KELAPA SAWIT JAYA,PT PUPUK KELAPA SAWIT JAYA,ejaan/kapitalisasi/spasi,,1
PT PUPUK KELAPA SAWIT JAYA,PT PUPUK KELAPA SAWIT JAYA,kanonik,,1
PT Prosper Biotech Indonesia,PT Prosper Biotech Indonesia,kanonik,,1
PT. PUPUK KUJANG,PT Pupuk Kujang,tanda-baca,,1
SASA INTI,PT SASA INTI,ejaan/kapitalisasi/spasi,,1
PT SASA INTI,PT SASA INTI,kanonik,,1
TUNAS MAKMUR JAYA ABADI,PT Tunas Makmur Jaya Abadi,ejaan/kapitalisasi/spasi,,1
PT Tunas Makmur Jaya Abadi,PT Tunas Makmur Jaya Abadi,kanonik,,1
ADAMAS ASABHUMI,PT. ADAMAS ASABHUMI,ejaan/kapitalisasi/spasi,,1
PT. ADAMAS ASABHUMI,PT. ADAMAS ASABHUMI,kanonik,,1
PT. AGRO TANI MAJU SEJAHTERA,PT. AGRO TANI MAJU SEJAHTERA,kanonik,,1
AGROABADI MAKMUR PERSADA,PT. AGROABADI MAKMUR PERSADA,ejaan/kapitalisasi/spasi,,1
AGROLAND INDO SYNERGY,PT. AGROLAND INDO SYNERGY,ejaan/kapitalisasi/spasi,,1
ANUGRAHA ALAM SENTOSA,PT. ANUGRAHA ALAM SENTOSA,ejaan/kapitalisasi/spasi,,1
PT. ANUGRAHA ALAM SENTOSA,PT. ANUGRAHA ALAM SENTOSA,kanonik,,1
PT. ARTHASIDDHI SUKSES ANUGERAH,PT. ARTHASIDDHI SUKSES ANUGERAH,kanonik,,1
ARTHASIDDHI SUKSES ANUGERAH,PT. ARTHASIDDHI SUKSES ANUGERAH,ejaan/kapitalisasi/spasi,,1
ARYSTA LIFESCIENCE TIRTA,PT. ARYSTA LIFESCIENCE TIRTA,ejaan/kapitalisasi/spasi,,1
ASIA GALA KIMIA,PT. ASIA GALA KIMIA,ejaan/kapitalisasi/spasi,,1
PT. Agri Jaya Manggala,PT. Agri Jaya Manggala,kanonik,,1
PT. Agro Tani Marisi,PT. Agro Tani Marisi,kanonik,,1
PT. Agrofarm Nusa Raya,PT. Agrofarm Nusa Raya,kanonik,,1
PT. Agrosid Manunggal Sentosa,PT. Agrosid Manunggal Sentosa,kanonik,,1
PT. Aneka Nutrisi Global Indonesia,PT. Aneka Nutrisi Global Indonesia,kanonik,,1
PT. Artha Prima Humatindo,PT. Artha Prima Humatindo,kanonik,,1
BERSAMA SATU TEGUH,PT. BERSAMA SATU TEGUH,ejaan/kapitalisasi/spasi,,1
PT. BIO AGRI LINK,PT. BIO AGRI LINK,kanonik,,1
BIO AGRI LINK,PT. BIO AGRI LINK,ejaan/kapitalisasi/spasi,,1
BYTER AGRICULTURE INDONESIA,PT. BYTER AGRICULTURE INDONESIA,ejaan/kapitalisasi/spasi,,1
BAHAGIA JAYA SINERGY,PT. Bahagia Jaya Sinergy,ejaan/kapitalisasi/spasi,,1
PT. Bahagia Jaya Sinergy,PT. Bahagia Jaya Sinergy,kanonik,,1
PT. Biosindo Mitra Jaya,PT. Biosindo Mitra Jaya,kanonik,,1
PT. CATUR KARTIKA JAYA,PT. CATUR KARTIKA JAYA,kanonik,,1
CATUR KARTIKA JAYA,PT. CATUR KARTIKA JAYA,ejaan/kapitalisasi/spasi,,1
PT. DAHLIAH DUTA UTAMA,PT. DAHLIAH DUTA UTAMA,kanonik,,1
DAHLIAH DUTA UTAMA,PT. DAHLIAH DUTA UTAMA,ejaan/kapitalisasi/spasi,,1
PT. DAYA MERRY PERSADA,PT. DAYA MERRY PERSADA,kanonik,,1
DAYA MERRY PERSADA,PT. DAYA MERRY PERSADA,ejaan/kapitalisasi/spasi,,1
DELTAGRO MULIA SEJATI,PT. DELTAGRO MULIA SEJATI,ejaan/kapitalisasi/spasi,,1
PT. DEWARI AGRO SAKTI,PT. DEWARI AGRO SAKTI,kanonik,,1
ENVITEC MULTI INDONESIA,PT. ENVITEC MULTI INDONESIA,ejaan/kapitalisasi/spasi,,1
PT. ENVITEC MULTI INDONESIA,PT. ENVITEC MULTI INDONESIA,kanonik,,1
ETONG CHEMICAL INDONESIA,PT. ETONG CHEMICAL INDONESIA,ejaan/kapitalisasi/spasi,,1
PT. FORMULA DISTRIBUSI KIMIA,PT. FORMULA DISTRIBUSI KIMIA,kanonik,,1
FORMULA DISTRIBUSI KIMIA,PT. FORMULA DISTRIBUSI KIMIA,ejaan/kapitalisasi/spasi,,1
PT. GALATTA LESTARINDO,PT. GALATTA LESTARINDO,kanonik,,1
PT. GRESIK NUSANTARA FERTILIZER,PT. GRESIK NUSANTARA FERTILIZER,kanonik,,1
INDAGRO,PT. INDAGRO,ejaan/kapitalisasi/spasi,,1
PT. INDORAYA MITRA PERSADA SERATUS ENAM PULUH DELAPAN,PT. INDORAYA MITRA PERSADA SERATUS ENAM PULUH DELAPAN,kanonik,,1
INTI TANI NIAGA,PT. INTI TANI NIAGA,ejaan/kapitalisasi/spasi,,1
IRQ MAKMUR JAYA,PT. IRQ MAKMUR JAYA,ejaan/kapitalisasi/spasi,,1
INTIDAYA AGROLESTARI,PT. Intidaya Agrolestari,ejaan/kapitalisasi/spasi,,1
PT. Intidaya Agrolestari,PT. Intidaya Agrolestari,kanonik,,1
JIVA AGRICULTURE INDONESIA,PT. JIVA AGRICULTURE INDONESIA,ejaan/kapitalisasi/spasi,,1
KARYA ALAM SUKSES,PT. KARYA ALAM SUKSES,ejaan/kapitalisasi/spasi,,1
PT. KARYA ALAM SUKSES,PT. KARYA ALAM SUKSES,kanonik,,1
PT. KK Indonesia,PT. KK Indonesia,kanonik,,1
KK INDONESIA,PT. KK Indonesia,ejaan/kapitalisasi/spasi,,1
PT. Kristalindo Karunia Internasional,PT. Kristalindo Karunia Internasional,kanonik,,1
PT. LABEZAR UTAMA INDONESIA,PT. LABEZAR UTAMA INDONESIA,kanonik,,1
LABEZAR UTAMA INDONESIA,PT. LABEZAR UTAMA INDONESIA,ejaan/kapitalisasi/spasi,,1
MAKMUR JAYA AGRO,PT. MAKMUR JAYA AGRO,ejaan/kapitalisasi/spasi,,1
PT. MESTIKA KARUNIA UTAMA,PT. MESTIKA KARUNIA UTAMA,kanonik,,1
MITRA KREASIDHARMA,PT. MITRA KREASIDHARMA,ejaan/kapitalisasi/spasi,,1
MITRA GRESIK INDONESIA,PT. Mitra Gresik Indonesia,ejaan/kapitalisasi/spasi,,1
PT. Mitra Gresik Indonesia,PT. Mitra Gresik Indonesia,kanonik,,1
PT. Multidaya Putra Sejahtera,PT. Multidaya Putra Sejahtera,kanonik,,1
NUANSA INDORAYA PERKASA,PT. NUANSA INDORAYA PERKASA,ejaan/kapitalisasi/spasi,,1
PT. NUANSA INDORAYA PERKASA,PT. NUANSA INDORAYA PERKASA,kanonik,,1
PT. NUSA BERKAT ALAM,PT. NUSA BERKAT ALAM,kanonik,,1
PT. NUSA PALAPA GEMILANG,PT. NUSA PALAPA GEMILANG,kanonik,,1
PT. NUSANTARA AGRO FARMA,PT. NUSANTARA AGRO FARMA,kanonik,,1
NUSANTARA AGRO FARMA,PT. NUSANTARA AGRO FARMA,ejaan/kapitalisasi/spasi,,1
ORCHID GLOBAL MAKMUR,PT. ORCHID GLOBAL MAKMUR,ejaan/kapitalisasi/spasi,,1
PLANTSAFE FERTILIZER INDONESIA,PT. PLANTSAFE FERTILIZER INDONESIA,ejaan/kapitalisasi/spasi,,1
PT. PRIMASID ANDALANUTAMA,PT. PRIMASID ANDALANUTAMA,kanonik,,1
PRIMASID ANDALANUTAMA,PT. PRIMASID ANDALANUTAMA,ejaan/kapitalisasi/spasi,,1
PT.PROPADU KONAIR TARAHUBUN,PT. PROPADU KONAIR TARAHUBUN,ejaan/kapitalisasi/spasi,,1
PARAMA AGROINDUSTRI DANAPATI,PT. Parama Agroindustri Danapati,ejaan/kapitalisasi/spasi,,1
PT PERSADA PUPUK INDONESIA,PT. Persada Pupuk Indonesia,tanda-baca,,1
PT. Persada Pupuk Indonesia,PT. Persada Pupuk Indonesia,kanonik,,1
QL AGROFOOD,PT. QL Agrofood,ejaan/kapitalisasi/spasi,,1
PT. QL Agrofood,PT. QL Agrofood,kanonik,,1
RAINBOW AGROSCIENCES,PT. RAINBOW AGROSCIENCES,ejaan/kapitalisasi/spasi,,1
RAWWA ROUNDTEC INDONESIA,PT. RAWWA ROUNDTEC INDONESIA,ejaan/kapitalisasi/spasi,,1
REJEKI AGRO INDONESIA,PT. REJEKI AGRO INDONESIA,ejaan/kapitalisasi/spasi,,1
REJEKI INDO AGROTEC,PT. REJEKI INDO AGROTEC,ejaan/kapitalisasi/spasi,,1
PT. ROJO KOYO MANUNGGAL GROUP,PT. ROJO KOYO MANUNGGAL GROUP,kanonik,,1
ROYAL AGRO INDONESIA,PT. ROYAL AGRO INDONESIA,ejaan/kapitalisasi/spasi,,1
PT. SANTANI AGRO LESTARI,PT. SANTANI AGRO LESTARI,kanonik,,1
SANTANI AGRO MANDIRI,PT. SANTANI AGRO MANDIRI,ejaan/kapitalisasi/spasi,,1
PT. SINAR MAS AGRO RESOURCES AND TECHNOLOGY,PT. SINAR MAS AGRO RESOURCES AND TECHNOLOGY,kanonik,,1
SINAR MAS AGRO RESOURCES AND TECHNOLOGY,PT. SINAR MAS AGRO RESOURCES AND TECHNOLOGY,ejaan/kapitalisasi/spasi,,1
SUMITOMO INDONESIA,PT. SUMITOMO INDONESIA,ejaan/kapitalisasi/spasi,,1
SUNJOY AGRO INDONESIA,PT. SUNJOY AGRO INDONESIA,ejaan/kapitalisasi/spasi,,1
SYNGENTA INDONESIA,PT. SYNGENTA INDONESIA,ejaan/kapitalisasi/spasi,,1
PT. Selaras Alam Sejahtera,PT. Selaras Alam Sejahtera,kanonik,,1
PT. Sitosu Agro Cemerlang,PT. Sitosu Agro Cemerlang,kanonik,,1
SITOSU AGRO CEMERLANG,PT. Sitosu Agro Cemerlang,ejaan/kapitalisasi/spasi,,1
SRI DIPO NUSWANTORO,PT. Sri Dipo Nuswantoro,ejaan/kapitalisasi/spasi,,1
PT. Sri Dipo Nuswantoro,PT. Sri Dipo Nuswantoro,kanonik,,1
PT. Trubus Mitra Swadaya,PT. Trubus Mitra Swadaya,kanonik,,1
PT. UNITED ALACRITY INDONESIA,PT. UNITED ALACRITY INDONESIA,kanonik,,1
WINON INTERNATIONAL,PT. Winon International,ejaan/kapitalisasi/spasi,,1
YUDHA PERDANA ANGESTI,PT. YUDHA PERDANA ANGESTI,ejaan/kapitalisasi/spasi,,1
PT.MANDIRI DASAR UTAMA,PT.MANDIRI DASAR UTAMA,kanonik,,1
MANDIRI DASAR UTAMA,PT.MANDIRI DASAR UTAMA,ejaan/kapitalisasi/spasi,,1
MITRA CIPTA AGRO,PT.MITRA CIPTA AGRO,ejaan/kapitalisasi/spasi,,1
PT. OAT MITOKU AGRIO,PT.OAT MITOKU AGRIO,ejaan/kapitalisasi/spasi,,1
PRAMUDITA DARYA PARMA,PT.PRAMUDITA DARYA PARMA,ejaan/kapitalisasi/spasi,,1
PT.PRAMUDITA DARYA PARMA,PT.PRAMUDITA DARYA PARMA,kanonik,,1
VIETINDO AGRO LESTARI,PT.Vietindo Agro Lestari,ejaan/kapitalisasi/spasi,,1
PT.Vietindo Agro Lestari,PT.Vietindo Agro Lestari,kanonik,,1
PT.WONDERINDO PHARMATAMA,PT.WONDERINDO PHARMATAMA,kanonik,,1
