pemegang_pendaftaran,jumlah_produk,rincian_jenis
PT. CENTA BRASINDO ABADI CHEMICAL INDUSTRY,216,Herbisida:109; Insektisida:74; Fungisida:21; Zat Pengatur Tumbuh Tanaman:5; Moluskisida:4; Rodentisida:3
PT. RAINBOW AGROSCIENCES,182,Herbisida:77; Insektisida:62; Fungisida:34; Zat Pengatur Tumbuh Tanaman:5; Moluskisida:1; Akarisida:1; Nematisida:1; Bakterisida:1
PT. SARI KRESNA KIMIA,161,Herbisida:63; Insektisida:63; Fungisida:24; Zat Pengatur Tumbuh Tanaman:4; Rodentisida:3; Moluskisida:2; Pestisida lain-lain:1; Bakterisida:1
PT. TIGA MUARA EMAS MAKMUR,149,Herbisida:90; Insektisida:41; Fungisida:10; Moluskisida:3; Zat Pengatur Tumbuh Tanaman:3; Rodentisida:2
PT. GODREJ CONSUMER PRODUCTS INDONESIA,144,Pestisida Rumah Tangga:138; Repelen:2; Rodentisida:2; Insektisida:2
PT. INTI EVERSPRING INDONESIA,143,Insektisida:99; Herbisida:31; Fungisida:12; Moluskisida:1
PT. FUMAKILLA INDONESIA,142,Pestisida Rumah Tangga:117; Insektisida:10; Repelen:9; Pestisida Pengendalian Vektor Penyakit Pada Manusia:3; Rodentisida:3
PT. SINAR GENERAL INDUSTRIES,141,Herbisida:59; Insektisida:43; Fungisida:26; Pestisida Pengendalian Vektor Penyakit Pada Manusia:4; Moluskisida:4; Rodentisida:2; Zat Pengatur Tumbuh Tanaman:2; Bahan pengawet kayu:1
PT. MULTI SARANA INDOTANI,138,Herbisida:55; Insektisida:43; Fungisida:29; Zat Pengatur Tumbuh Tanaman:7; Rodentisida:2; Akarisida:2
PT. DALZON CHEMICALS INDONESIA,132,Insektisida:56; Herbisida:53; Fungisida:17; Zat Pengatur Tumbuh Tanaman:4; Rodentisida:1; Moluskisida:1
PT. DELTA GIRI WACANA,129,Insektisida:50; Herbisida:46; Fungisida:21; Moluskisida:5; Rodentisida:3; Zat Pengatur Tumbuh Tanaman:2; Bakterisida:1; Pestisida Pengendalian Vektor Penyakit Pada Manusia:1
PT. BASF INDONESIA,106,Herbisida:36; Insektisida:30; Fungisida:27; Pestisida Pengendalian Vektor Penyakit Pada Manusia:8; Rodentisida:3; Bahan pengawet kayu:1; Pestisida Rumah Tangga:1
PT. SOLO LOGO INDONESIA,104,Herbisida:39; Insektisida:36; Fungisida:19; Zat Pengatur Tumbuh Tanaman:5; Moluskisida:4; Akarisida:1
PT. PRIMA KARYA BERJAYA,102,Herbisida:51; Insektisida:26; Fungisida:12; Zat Pengatur Tumbuh Tanaman:4; Moluskisida:4; Rodentisida:4; Nematisida:1
PT. NUFARM INDONESIA,96,Herbisida:36; Insektisida:35; Fungisida:12; Zat Pengatur Tumbuh Tanaman:11; Bakterisida:1; Pestisida Rumah Tangga:1
PT. DELTAGRO MULIA SEJATI,91,Insektisida:43; Herbisida:19; Fungisida:18; Zat Pengatur Tumbuh Tanaman:7; Moluskisida:3; Rodentisida:1
PT. SYNGENTA INDONESIA,89,Insektisida:31; Fungisida:27; Herbisida:16; Pestisida Pengendalian Vektor Penyakit Pada Manusia:5; Pestisida Rumah Tangga:4; Rodentisida:3; Zat Pengatur Tumbuh Tanaman:2; Bahan pengawet kayu:1
PT. ADVANSIA INDOTANI,86,Insektisida:33; Herbisida:28; Fungisida:20; Bakterisida:2; Akarisida:1; Moluskisida:1; Rodentisida:1
PT. AGRO JAYA INDUSTRI,83,Herbisida:39; Insektisida:31; Fungisida:8; Pestisida Pengendalian Vektor Penyakit Pada Manusia:4; Pestisida untuk peternakan:1
PT. PETROSIDA GRESIK,81,Herbisida:32; Insektisida:29; Fungisida:13; Zat Pengatur Tumbuh Tanaman:4; Rodentisida:1; Moluskisida:1; Akarisida:1
PT. PETROKIMIA KAYAKU,80,Insektisida:30; Herbisida:28; Fungisida:13; Rodentisida:3; Bahan pengawet kayu:2; Zat Pengatur Tumbuh Tanaman:2; Atraktan / Feromon:1; Moluskisida:1
PT. UPL INDONESIA,78,Herbisida:26; Insektisida:25; Fungisida:20; Fumigan:4; Pestisida Pengendalian Vektor Penyakit Pada Manusia:1; Moluskisida:1; Pestisida Rumah Tangga:1
PT. MAXXI AGRI INDONESIA,74,Herbisida:40; Insektisida:17; Fungisida:14; Zat Pengatur Tumbuh Tanaman:2; Akarisida:1
PT. KENSO INDONESIA,71,Insektisida:28; Herbisida:27; Fungisida:13; Moluskisida:2; Zat Pengatur Tumbuh Tanaman:1
PT. REJEKI INDO AGROTEC,70,Herbisida:36; Insektisida:21; Fungisida:6; Zat Pengatur Tumbuh Tanaman:3; Rodentisida:2; Moluskisida:2
PT. INDO-SINO AGROCHEMICAL,70,Insektisida:32; Herbisida:28; Fungisida:8; Zat Pengatur Tumbuh Tanaman:2
CV. AGRO JAYA INDONESIA,69,Herbisida:30; Insektisida:23; Fungisida:11; Zat Pengatur Tumbuh Tanaman:3; Bakterisida:2
PT. CORTEVA AGRISCIENCE MANUFACTURING INDONESIA,66,Herbisida:31; Insektisida:19; Fungisida:14; Bahan pengawet kayu:1; Nematisida:1
PT. BIOTIS AGRINDO,65,Insektisida:29; Herbisida:22; Fungisida:11; Rodentisida:1; Zat Pengatur Tumbuh Tanaman:1; Moluskisida:1
PT. INDOIN BUSINESS GROUP,65,Insektisida:25; Herbisida:19; Fungisida:12; Zat Pengatur Tumbuh Tanaman:4; Akarisida:1; Moluskisida:1; Fumigan:1; Rodentisida:1; Bakterisida:1
PT. Agro Bumi Timur,64,Insektisida:27; Fungisida:19; Herbisida:12; Zat Pengatur Tumbuh Tanaman:5; Pestisida lain-lain:1
PT. DHARMA GUNA WIBAWA,64,Herbisida:22; Insektisida:20; Fungisida:10; Pestisida Pengendalian Vektor Penyakit Pada Manusia:5; Moluskisida:3; Bahan pengawet kayu:2; Zat Pengatur Tumbuh Tanaman:1; Rodentisida:1
PT. BLUE CUBE INDONESIA,63,Pestisida lain-lain:39; Bakterisida:24
PT. BAYER INDONESIA,63,Insektisida:19; Fungisida:18; Herbisida:15; Zat Pengatur Tumbuh Tanaman:4; Pestisida Pengendalian Vektor Penyakit Pada Manusia:4; Moluskisida:1; Nematisida:1; Akarisida:1
PT. BINA GUNA KIMIA,63,Insektisida:36; Herbisida:13; Fungisida:11; Akarisida:1; Pestisida Pengendalian Vektor Penyakit Pada Manusia:1; Bahan pengawet kayu:1
PT. MAJU MAKMUR UTOMO,58,Insektisida:24; Herbisida:8; Fungisida:8; Zat Pengatur Tumbuh Tanaman:6; Pestisida Pengendalian Vektor Penyakit Pada Manusia:5; Moluskisida:3; Bahan pengawet kayu:2; Bakterisida:1; Pestisida Rumah Tangga:1
PT. AGRICULTURE CONSTRUCTION,56,Insektisida:18; Herbisida:16; Fungisida:9; Zat Pengatur Tumbuh Tanaman:5; Rodentisida:3; Bahan pengawet kayu:2; Bakterisida:1; Pestisida Pengendalian Vektor Penyakit Pada Manusia:1; Moluskisida:1
PT. ETONG CHEMICAL INDONESIA,56,Insektisida:21; Herbisida:20; Fungisida:10; Zat Pengatur Tumbuh Tanaman:2; Rodentisida:1; Akarisida:1; Moluskisida:1
PT. ROYAL AGRO INDONESIA,51,Herbisida:16; Insektisida:15; Fungisida:15; Zat Pengatur Tumbuh Tanaman:2; Pestisida Pengendalian Vektor Penyakit Pada Manusia:1; Akarisida:1; Rodentisida:1
PT. DA MING INDONESIA,51,Herbisida:23; Insektisida:17; Fungisida:5; Zat Pengatur Tumbuh Tanaman:4; Moluskisida:2
PT. DANKEN INDONESIA,49,Insektisida:17; Herbisida:14; Fungisida:14; Zat Pengatur Tumbuh Tanaman:2; Pestisida lain-lain:1; Moluskisida:1
PT. SAMUDRA UTAMA NARAPATI,47,Herbisida:24; Insektisida:15; Fungisida:5; Zat Pengatur Tumbuh Tanaman:2; Moluskisida:1
PT. YANNO AGRO SCIENCE INDONESIA,47,Insektisida:19; Herbisida:13; Fumigan:5; Fungisida:4; Moluskisida:4; Zat Pengatur Tumbuh Tanaman:1; Nematisida:1
CV. MULTI AGRO JAYA UTAMA,46,Herbisida:38; Fungisida:4; Insektisida:2; Zat Pengatur Tumbuh Tanaman:2
PT. KINGAGROOT BIOTECHNOLOGY INDONESIA,46,Herbisida:39; Insektisida:6; Fungisida:1
PT. SANTANI AGRO PERKASA,46,Insektisida:18; Herbisida:16; Fungisida:5; Zat Pengatur Tumbuh Tanaman:3; Moluskisida:2; Rodentisida:1; Akarisida:1
PT. CATUR AGRODAYA MANDIRI,43,Insektisida:16; Fungisida:14; Herbisida:10; Fumigan:1; Zat Pengatur Tumbuh Tanaman:1; Bahan pengawet kayu:1
PT. ALBAUGH AGRO INDONESIA,43,Insektisida:19; Fungisida:14; Herbisida:10
PT. ADIL MAKMUR FAJAR,41,Herbisida:27; Insektisida:8; Fungisida:3; Akarisida:1; Zat Pengatur Tumbuh Tanaman:1; Moluskisida:1
PT. TRIDA KIMIA SAKTI,40,Insektisida:19; Fungisida:10; Herbisida:7; Moluskisida:4
PT. INDAGRO,40,Insektisida:22; Fungisida:9; Herbisida:6; Zat Pengatur Tumbuh Tanaman:2; Akarisida:1
PT. AGRORISEN INDOMAKMUR CEMERLANG,40,Herbisida:17; Insektisida:11; Fungisida:10; Zat Pengatur Tumbuh Tanaman:2
PT. BERBAK AGRO SEJATI,39,Herbisida:24; Insektisida:13; Fungisida:1; Zat Pengatur Tumbuh Tanaman:1
PT. JAYA WARINDO ABADI,39,Fungisida:38; Pestisida lain-lain:1
PT. FORAGRO MITRA SEJATI,38,Herbisida:23; Insektisida:9; Fungisida:4; Zat Pengatur Tumbuh Tanaman:1; Moluskisida:1
PT. PERSADA AGRO SUKSES,38,Insektisida:20; Fungisida:16; Herbisida:2
PT. GLOBAL AGROTECH,37,Insektisida:16; Fungisida:13; Herbisida:5; Zat Pengatur Tumbuh Tanaman:2; Akarisida:1
PT. AGRO SENTOSA RAYA,37,Herbisida:14; Insektisida:13; Fungisida:7; Zat Pengatur Tumbuh Tanaman:1; Bakterisida:1; Moluskisida:1
PT. MITRA KREASIDHARMA,37,Insektisida:26; Herbisida:6; Fungisida:5
PT. BEHN MEYER AGRICARE,37,Insektisida:16; Herbisida:13; Fungisida:6; Rodentisida:1; Nematisida:1
PT. MASCO AGRI GENETICS,36,Insektisida:20; Fungisida:11; Herbisida:5
PT. FUMAKILLA NOMOS,35,Pestisida Rumah Tangga:35
PT. SINAMYANG INDONESIA,35,Herbisida:10; Insektisida:10; Fungisida:8; Zat Pengatur Tumbuh Tanaman:4; Moluskisida:2; Bakterisida:1
PT. AGRO SEJAHTERA INDONESIA,34,Insektisida:17; Fungisida:10; Herbisida:5; Zat Pengatur Tumbuh Tanaman:2
PT. EXCEL MEG INDO,33,Insektisida:22; Fungisida:8; Herbisida:2; Rodentisida:1
PT. KRISTALINDO KARUNIA INTERNASIONAL,33,Insektisida:11; Herbisida:8; Pestisida Rumah Tangga:4; Bahan pengawet kayu:3; Pestisida Pengendalian Vektor Penyakit Pada Manusia:2; Moluskisida:2; Fumigan:1; Zat Pengatur Tumbuh Tanaman:1; Repelen:1
CV. KHARISMA AGRI WIJAYA,33,Insektisida:11; Herbisida:9; Fungisida:8; Akarisida:3; Rodentisida:1; Zat Pengatur Tumbuh Tanaman:1
PT. JIRONA AGRITAMA,32,Insektisida:20; Fungisida:7; Bahan pengawet kayu:2; Herbisida:2; Fumigan:1
PT. PILARQUIM AGROSCIENCE INDONESIA,32,Insektisida:13; Fungisida:10; Herbisida:7; Zat Pengatur Tumbuh Tanaman:1; Bakterisida:1
PT. TANAMAN MAKMUR MANDIRI,31,Herbisida:14; Fungisida:5; Insektisida:5; Zat Pengatur Tumbuh Tanaman:5; Nematisida:1; Rodentisida:1
CV. SAPROTAN UTAMA,31,Insektisida:10; Herbisida:9; Fungisida:6; Zat Pengatur Tumbuh Tanaman:4; Moluskisida:2
PT. ROLIMEX KIMIA NUSAMAS,31,Herbisida:16; Insektisida:8; Fungisida:3; Rodentisida:3; Nematisida:1
PT. TRITUNGGAL ARTHAMAKMUR,30,Bakterisida:29; Fungisida:1
PT. AGROMANNA JAYA LESTARI,30,Insektisida:13; Fungisida:8; Herbisida:8; Zat Pengatur Tumbuh Tanaman:1
PT. TRIBINA TANIKARYA,30,Herbisida:20; Insektisida:6; Fungisida:3; Rodentisida:1
PT. ARTHA MAKMUR ABADI,30,Herbisida:20; Insektisida:8; Fungisida:2
PT. SATYA AGRO INDONESIA,29,Insektisida:13; Fungisida:10; Herbisida:4; Moluskisida:1; Zat Pengatur Tumbuh Tanaman:1
CV. SURYA AGROKEMINDO PERKASA,29,Herbisida:15; Insektisida:9; Fungisida:4; Moluskisida:1
PT. SAPROTAN UTAMA NUSANTARA,28,Herbisida:15; Insektisida:7; Fungisida:4; Zat Pengatur Tumbuh Tanaman:1; Rodentisida:1
PT. CROP CARE INDONESIA,27,Fungisida:13; Herbisida:9; Insektisida:5
PT. AGROTECH PESTICIDE INDUSTRY,27,Herbisida:13; Insektisida:10; Fungisida:3; Zat Pengatur Tumbuh Tanaman:1
TUNASHARAPAN MURNI,27,Insektisida:15; Fungisida:8; Herbisida:3; Pestisida Pengendalian Vektor Penyakit Pada Manusia:1
CV. ARTHA BUANA MANDIRI,27,Insektisida:14; Zat Pengatur Tumbuh Tanaman:6; Fungisida:5; Herbisida:2
PT. AGROKIMINDO KURNIABUANA,27,Insektisida:18; Fungisida:4; Herbisida:3; Zat Pengatur Tumbuh Tanaman:2
PT. ASIA GALA KIMIA,26,Herbisida:14; Insektisida:9; Fungisida:2; Akarisida:1
PT. SANTANI AGRO MANDIRI,26,Herbisida:12; Insektisida:11; Fungisida:2; Bakterisida:1
PT. HERLINA INDAH,26,Repelen:16; Pestisida Rumah Tangga:10
PT. TIARA BUANA MANDIRI,25,Insektisida:13; Herbisida:6; Fungisida:4; Moluskisida:2
PT. ARXADA CHEMICALS INDONESIA,25,Pestisida lain-lain:20; Fungisida:2; Bakterisida:2; Bahan pengawet kayu:1
PT. BAHTERA BONIAGA LESTARI,25,Insektisida:14; Herbisida:6; Fungisida:4; Moluskisida:1
PT. SARI KIMIA UNGGUL,25,Insektisida:15; Fungisida:4; Herbisida:4; Moluskisida:1; Bahan pengawet kayu:1
CV. SARAREA PANEN RAYA,24,Insektisida:11; Fungisida:9; Zat Pengatur Tumbuh Tanaman:3; Moluskisida:1
PT. EASTCHEM AGROSCIENCE INDONESIA,24,Insektisida:10; Herbisida:9; Fungisida:3; Rodentisida:1; Bakterisida:1
CV. AGRO CHEMICA,24,Insektisida:11; Fungisida:4; Zat Pengatur Tumbuh Tanaman:4; Herbisida:3; Rodentisida:1; Moluskisida:1
CV. GRAHA AGRO,23,Herbisida:8; Insektisida:6; Zat Pengatur Tumbuh Tanaman:5; Fungisida:2; Rodentisida:1; Moluskisida:1
PT. QILU CROP SCIENCE,23,Insektisida:14; Herbisida:9
PT. TANI MAS SUBUR,21,Insektisida:6; Fungisida:6; Herbisida:4; Rodentisida:2; Moluskisida:2; Zat Pengatur Tumbuh Tanaman:1
CV. UNI AGRO CHEMICA,21,Insektisida:14; Moluskisida:2; Fungisida:2; Herbisida:1; Bahan pengawet kayu:1; Pestisida untuk peternakan:1
PT. AGRO TERRUM INDONESIA,21,Herbisida:13; Insektisida:4; Fungisida:3; Moluskisida:1
PT. HANEARL SCIENCE INDONESIA,21,Insektisida:11; Fungisida:6; Herbisida:3; Moluskisida:1
PT. MUTIARA AGRO SEJATI,21,Herbisida:13; Insektisida:7; Fungisida:1
PT. EXINDO RAHARJA PRATAMA,20,Insektisida:7; Fungisida:7; Zat Pengatur Tumbuh Tanaman:4; Herbisida:2
PT. SUMANS MANDIRI SEJAHTERA,20,Herbisida:6; Insektisida:5; Moluskisida:3; Zat Pengatur Tumbuh Tanaman:3; Fungisida:2; Rodentisida:1
PT. ZHENGBANG CROP PROTECTION INDONESIA,20,Insektisida:11; Fungisida:5; Herbisida:4
PT. MESTIKA NUSANTARA AGROKIMIA,20,Herbisida:14; Insektisida:4; Moluskisida:1; Fungisida:1
PT. SUNJOY AGRO INDONESIA,19,Insektisida:9; Fungisida:6; Herbisida:2; Bakterisida:2
PT. AGRO GUNA MAKMUR,19,Insektisida:7; Herbisida:4; Fungisida:3; Bahan pengawet kayu:3; Pestisida Pengendalian Vektor Penyakit Pada Manusia:2
PT. JAWA AGRINDO INTERNASIONAL,19,Herbisida:7; Insektisida:7; Fungisida:3; Zat Pengatur Tumbuh Tanaman:2
PT. DOUTA UTAMAN INDONESIA,19,Herbisida:14; Insektisida:3; Fungisida:2
CV. GRAHA AGRITECH PRIMA,19,Insektisida:8; Fungisida:6; Zat Pengatur Tumbuh Tanaman:5
PT. SATYA ALAM SEMESTA,19,Insektisida:12; Fungisida:4; Herbisida:3
PT. CHINA JIANGSU INTERNATIONAL INDONESIA,18,Herbisida:11; Insektisida:6; Fungisida:1
PT. BIOTEK SARANATAMA,18,Pestisida Pengendalian Vektor Penyakit Pada Manusia:4; Insektisida:4; Fumigan:3; Fungisida:2; Herbisida:2; Moluskisida:2; Rodentisida:1
PT. INDO HOECHST,18,Herbisida:12; Insektisida:5; Fungisida:1
PT. TANGGUH AGRO NUSA INDONESIA,18,Insektisida:8; Herbisida:5; Fungisida:2; Moluskisida:1; Rodentisida:1; Zat Pengatur Tumbuh Tanaman:1
PT. RABANA AGRO RESOURCES,18,Herbisida:7; Insektisida:6; Fungisida:2; Bahan pengawet kayu:1; Zat Pengatur Tumbuh Tanaman:1; Moluskisida:1
PT. MSR HIJAU LESTARI,18,Insektisida:17; Fumigan:1
PT. ZENITH CROPSCIENCES INDONESIA,17,Fungisida:8; Insektisida:3; Bahan pengawet kayu:2; Rodentisida:1; Herbisida:1; Pestisida Pengendalian Vektor Penyakit Pada Manusia:1; Zat Pengatur Tumbuh Tanaman:1
PT. BIOWORLD BIOSCIENCES MANUFACTURING INDUSTRIES,17,Fungisida:6; Herbisida:5; Insektisida:3; Zat Pengatur Tumbuh Tanaman:2; Moluskisida:1
PT. MITRA INDOTANI ABADI,17,Insektisida:8; Herbisida:4; Fungisida:3; Zat Pengatur Tumbuh Tanaman:1; Moluskisida:1
PT. FOCUSINDO ASIA PACIFIC,17,Insektisida:10; Herbisida:5; Fungisida:2
PT. AGX ASIA INDONESIA,17,Herbisida:9; Fungisida:6; Insektisida:2
PT. AGRO NATURAL TECHNOLOGY,16,Insektisida:7; Herbisida:5; Fungisida:2; Zat Pengatur Tumbuh Tanaman:1; Moluskisida:1
PT. JOHNSON HOME HYGIENE PRODUCTS,16,Pestisida Rumah Tangga:12; Repelen:4
PT. AGRO DYNAMICS INDO,16,Zat Pengatur Tumbuh Tanaman:9; Herbisida:5; Fungisida:1; Insektisida:1
PT. NATHANI CHEMICALS,16,Herbisida:9; Insektisida:4; Zat Pengatur Tumbuh Tanaman:1; Fungisida:1; Moluskisida:1
CV. INDO TANI UTAMA,16,Insektisida:10; Fungisida:5; Moluskisida:1
PT. DISCOVERY ENVIRONMENTAL SCIENCE INDONESIA,16,Pestisida Pengendalian Vektor Penyakit Pada Manusia:9; Bahan pengawet kayu:3; Rodentisida:2; Herbisida:1; Insektisida:1
PT. ARYSTA LIFESCIENCE TIRTA,16,Fungisida:10; Insektisida:4; Herbisida:2
PT. PRIMA AGRO TECH,15,Insektisida:8; Fungisida:5; Nematisida:1; Bakterisida:1
CV. DELTA CHEMICA,15,Insektisida:7; Fungisida:4; Zat Pengatur Tumbuh Tanaman:4
PT. FMC AGRICULTURAL MANUFACTURING,15,Insektisida:14; Herbisida:1
PT. JIVA AGRICULTURE INDONESIA,15,Insektisida:8; Herbisida:5; Fungisida:2
PT. TRUSTCHEM AGRO INDONESIA,15,Herbisida:6; Fungisida:3; Insektisida:3; Zat Pengatur Tumbuh Tanaman:2; Akarisida:1
PT. WINHONOR CONSULTING INDONESIA,15,Herbisida:8; Insektisida:5; Zat Pengatur Tumbuh Tanaman:1; Fungisida:1
PT. IMCD INDONESIA,15,Bakterisida:10; Fungisida:4; Pestisida lain-lain:1
PT. KEMINDO ARTHA JAYA,14,Fungisida:6; Bakterisida:6; Insektisida:2
PT. BIOTEK SARANA INDUSTRI,14,Insektisida:8; Fungisida:2; Pestisida Pengendalian Vektor Penyakit Pada Manusia:1; Herbisida:1; Zat Pengatur Tumbuh Tanaman:1; Bahan pengawet kayu:1
PT. INTER AGRO INDONESIA,14,Insektisida:5; Fungisida:5; Herbisida:4
PT. MAKMUR JAYA AGRO,14,Insektisida:6; Zat Pengatur Tumbuh Tanaman:3; Herbisida:3; Fungisida:1; Moluskisida:1
PT. SAFE CHEMICAL INDONESIA,13,Insektisida:6; Fungisida:2; Moluskisida:1; Rodentisida:1; Zat Pengatur Tumbuh Tanaman:1; Herbisida:1; Bakterisida:1
PT. NUSA MANDIRI UTAMA,13,Herbisida:8; Insektisida:4; Moluskisida:1
CV. AGRO MULIA,13,Insektisida:8; Fungisida:3; Moluskisida:1; Herbisida:1
PT. NUSANTARA AGRO SUKSES,13,Herbisida:6; Insektisida:3; Zat Pengatur Tumbuh Tanaman:2; Fungisida:2
PT. ENFARM CROP SCIENCE,12,Herbisida:6; Insektisida:3; Fungisida:2; Akarisida:1
PT. GONGCHENG BIOTECH INDONESIA,12,Pestisida Rumah Tangga:7; Bahan pengawet kayu:2; Rodentisida:2; Repelen:1
CV. BOMA SAKTI TANI,12,Insektisida:11; Zat Pengatur Tumbuh Tanaman:1
PT. TAPAL KOEDA INDONESIA,12,Insektisida:5; Fungisida:5; Herbisida:2
CV. CV. SAKASAKI INDONESIA,12,Insektisida:11; Fungisida:1
PT. TRITAMA WIRAKARSA,12,Insektisida:5; Fungisida:3; Herbisida:2; Pestisida Pengendalian Vektor Penyakit Pada Manusia:2
PT. AGRO BERJAYA CITRA TANI,12,Insektisida:8; Herbisida:2; Fungisida:1; Moluskisida:1
WINNER AGROCHEM INTERNUSA,11,Herbisida:7; Insektisida:2; Zat Pengatur Tumbuh Tanaman:1; Fungisida:1
CV. KUNIMA JAYA SELARAS,11,Fungisida:7; Insektisida:4
PT. FARMCO KIMIA,11,Herbisida:5; Insektisida:5; Fungisida:1
PT. Agritek Tani Indonesia,10,Atraktan / Feromon:6; Insektisida:3; Fungisida:1
PT. MENARA LAUT BERSATU,10,Pestisida Rumah Tangga:10
PT. SARANA TANI INDONESIA MAKMUR,10,Insektisida:5; Herbisida:3; Fungisida:2
PT. JJM INDONESIA,10,Fungisida:4; Herbisida:3; Insektisida:2; Pestisida Pengendalian Vektor Penyakit Pada Manusia:1
PT. AZELIS INDONESIA DISTRIBUSI,10,Pestisida lain-lain:9; Insektisida:1
PT. CORTEVA AGRISCIENCE INDONESIA,10,Fungisida:5; Herbisida:3; Insektisida:2
CV. ABADI JAYA,10,Insektisida:8; Fungisida:1; Rodentisida:1
PT. RECKITT BENCKISER INDONESIA,10,Pestisida Rumah Tangga:10
PT. SINERGI CHEM INDONESIA,9,Insektisida:4; Herbisida:3; Fungisida:2
PT. FORAGRO MAJU SEJAHTERA,9,Herbisida:9
PT. NUGROHO PRATAMA CHEMICA ASIA,9,Fumigan:3; Pestisida Pengendalian Vektor Penyakit Pada Manusia:3; Bahan pengawet kayu:2; Rodentisida:1
CV. Raja Grafika,9,Insektisida:5; Herbisida:2; Fungisida:2
PT. MIO LIFE SCIENCES INDONESIA,9,Fungisida:4; Insektisida:3; Herbisida:2
PT. AGRO INSANI SEMESTA,9,Fungisida:5; Insektisida:4
PT. BYTER AGRICULTURE INDONESIA,9,Herbisida:5; Fungisida:2; Insektisida:2
PT. NOVINDO AGRITECH HUTAMA,9,Pestisida Pengendalian Vektor Penyakit Pada Manusia:4; Insektisida:3; Pestisida lain-lain:1; Rodentisida:1
PT. EUREEKAGREAT NUSANTARA,9,Insektisida:4; Zat Pengatur Tumbuh Tanaman:3; Fungisida:1; Herbisida:1
PT. GLOBAL AGROTAMA INDONESIA,9,Insektisida:4; Herbisida:3; Zat Pengatur Tumbuh Tanaman:1; Fungisida:1
PT. BENTZ JAZ INDONESIA,9,Pestisida Pengendalian Vektor Penyakit Pada Manusia:5; Bahan pengawet kayu:2; Rodentisida:1; Pestisida Rumah Tangga:1
PT. ORCHID GLOBAL MAKMUR,9,Insektisida:4; Fungisida:2; Herbisida:1; Moluskisida:1; Akarisida:1
CV. TANI MEDIA,9,Herbisida:5; Insektisida:3; Moluskisida:1
CV. GOLDEN FARM INDONESIA,8,Insektisida:7; Zat Pengatur Tumbuh Tanaman:1
PT. BENIH BERKAH BERSERI,8,Insektisida:6; Herbisida:2
PT. RAJA GROUP INDONESIA,8,Insektisida:5; Zat Pengatur Tumbuh Tanaman:2; Herbisida:1
PT. HARINA CHEMICALS INDUSTRI,8,Zat Pengatur Tumbuh Tanaman:4; Insektisida:2; Fungisida:2
PT. MONAGRO KIMIA,8,Herbisida:8
PT. ANDAFA AGRO INDO,8,Insektisida:4; Herbisida:2; Zat Pengatur Tumbuh Tanaman:1; Fungisida:1
CV. DUTA TANI,8,Fungisida:4; Insektisida:3; Herbisida:1
PT. CROPLINK AGRIKULTUR TEKNOLOGI,8,Herbisida:4; Zat Pengatur Tumbuh Tanaman:3; Insektisida:1
PT. BIO SARANA INDONESIA,8,Fungisida:2; Rodentisida:2; Insektisida:2; Atraktan / Feromon:1; Herbisida:1
PT.ASIANA CHEMICALINDO LESTARI,7,Herbisida:6; Insektisida:1
PT. SANBRAND AGRO SEJAHTERA,7,Insektisida:4; Herbisida:3
PT. BERSAMA SATU TEGUH,7,Herbisida:5; Fungisida:1; Insektisida:1
PT. FORTUNA MULIA SEJATI,7,Insektisida:3; Herbisida:3; Fungisida:1
PT. MAHKOTA AGRO INDUSTRI,7,Herbisida:5; Insektisida:2
PT. SAFEEKO BIO INDONESIA,7,Insektisida:5; Fungisida:2
PT. MARGA DWI KENCANA,7,Pestisida lain-lain:7
PT. GELPI KURNIALESTARI,7,Insektisida:7
PT. VISION CROP PROTECTION,7,Pestisida Rumah Tangga:3; Insektisida:1; Pestisida Pengendalian Vektor Penyakit Pada Manusia:1; Zat Pengatur Tumbuh Tanaman:1; Herbisida:1
PT. BUMI MAKMUR LESTARI UTAMA,7,Insektisida:4; Moluskisida:1; Rodentisida:1; Bahan pengawet kayu:1
PT. MC TRADING INDONESIA,7,Insektisida:4; Fungisida:2; Herbisida:1
PT. PUSRI AGRO LESTARI,7,Insektisida:4; Herbisida:2; Fungisida:1
PT. ALISHAN NUSA INDAH,7,Insektisida:4; Herbisida:2; Fungisida:1
PT. SANTANI SEJAHTERA,7,Herbisida:4; Moluskisida:1; Insektisida:1; Fungisida:1
PT. SOLUSI TANI INDONESIA,6,Fungisida:3; Insektisida:2; Herbisida:1
PT. BELIRANG KALISARI,6,Insektisida:4; Zat Pengatur Tumbuh Tanaman:1; Herbisida:1
PT. FADJARPURNAMA PRATAMA INTI,6,Herbisida:4; Insektisida:1; Zat Pengatur Tumbuh Tanaman:1
PT. ANDALL HASA PRIMA,6,Herbisida:6
CV. PRIMA AGRO PERKASA,6,Insektisida:4; Herbisida:2
PT. SUMBER AGRO PERKASA,6,Herbisida:6
PT. TRI AGRO CHEMICALS,6,Insektisida:4; Moluskisida:1; Herbisida:1
PT. SUPRA TUSAMAN ABADI,6,Pestisida Rumah Tangga:4; Repelen:2
PT. AGROLAND INDO SYNERGY,6,Herbisida:3; Insektisida:2; Moluskisida:1
PT. ALFA BETA AGROCHEMICAL,6,Insektisida:5; Fungisida:1
PT. ARENA HORMON INDONUSA,6,Zat Pengatur Tumbuh Tanaman:6
PT. MEKAR WARNA SARI,6,Insektisida:4; Fungisida:1; Zat Pengatur Tumbuh Tanaman:1
CV. JATI EMAS UNGGUL,6,Insektisida:3; Fungisida:2; Zat Pengatur Tumbuh Tanaman:1
PT. INDONESIA BENXING INDUSTRIAL,6,Herbisida:6
PT. AMPUH PERKASA JAYA,6,Pestisida Rumah Tangga:6
PT. SENTRAL TANI NUSANTARA,6,Herbisida:4; Insektisida:2
CV. BINANGUN AGRO LESTARI,6,Insektisida:2; Herbisida:2; Moluskisida:1; Zat Pengatur Tumbuh Tanaman:1
PT. BINTANG RAPESTRA ABADI,6,Insektisida:3; Fungisida:2; Moluskisida:1
PT. SURAT TANI,6,Herbisida:5; Fungisida:1
PT. AGRINDO SANDARAN MAS,6,Insektisida:4; Zat Pengatur Tumbuh Tanaman:1; Herbisida:1
PT. PANEN AGRO PERKASA INDONESIA,5,Herbisida:4; Insektisida:1
PT. BERKAH SUMBER SUKSES,5,Insektisida:2; Fungisida:2; Moluskisida:1
PT. OSIMO INDONESIA,5,Pestisida Rumah Tangga:5
PT. ANKEWA CHEMICAL INDONESIA,5,Herbisida:3; Insektisida:2
PT. PUTRA TIMUR AGRO NUSANTARA,5,Herbisida:3; Insektisida:2
PT. DWIAGRI MAKMUR INTERTRADE,5,Herbisida:4; Zat Pengatur Tumbuh Tanaman:1
PT. BINGEI AGUNG,5,Herbisida:2; Fungisida:1; Insektisida:1; Zat Pengatur Tumbuh Tanaman:1
PT. ENSYSTEX INTERNATIONAL INDONESIA,5,Pestisida Pengendalian Vektor Penyakit Pada Manusia:3; Bahan pengawet kayu:2
PT. PRIMA LESTARI AGROSCIENCES INDONESIA,5,Fungisida:2; Herbisida:2; Insektisida:1
PT Indo Pest Biochem,5,Pestisida Pengendalian Vektor Penyakit Pada Manusia:3; Insektisida:1; Bahan pengawet kayu:1
PT. SEGORO INTERNASIONAL,5,Pestisida Pengendalian Vektor Penyakit Pada Manusia:3; Bahan pengawet kayu:1; Insektisida:1
CV. NUSA NUR AGRO,5,Zat Pengatur Tumbuh Tanaman:4; Insektisida:1
CV. TUNAS SUBUR,5,Insektisida:4; Fungisida:1
PT. INDO GLOBAL TRADE,5,Fumigan:5
PT. TEXCHEM INDONESIA,5,Insektisida:5
PT. KIMIKA USAHA PRIMA,5,Insektisida:2; Fungisida:2; Herbisida:1
PT. TAKBIR SUKMA TRADA INDONESIA,5,Insektisida:3; Pestisida lain-lain:1; Pestisida Rumah Tangga:1
PT. INTER AGRO TECHNOLOGY INDONESIA,5,Rodentisida:2; Insektisida:2; Repelen:1
PT. PERDANA AGRO MANDIRI,5,Insektisida:3; Herbisida:1; Moluskisida:1
PT. BRILLIANCE AGROSCIENCES INDONESIA,5,Herbisida:5
PT. NUSAMAS KIMIA PERSADA,5,Herbisida:4; Insektisida:1
PT. CATUR MANUNGGAL JAYA ABADI,5,Herbisida:2; Insektisida:2; Fungisida:1
PT. ACE BIOCHEM INDONESIA,5,Insektisida:2; Fungisida:2; Zat Pengatur Tumbuh Tanaman:1
PT. NIROGA SUMBER SEJAHTERA,5,Pestisida Pengendalian Vektor Penyakit Pada Manusia:4; Insektisida:1
PT Belirang Perkasa Agro,5,Insektisida:4; Fungisida:1
PT. KATAYA ABADI,4,Pestisida Pengendalian Vektor Penyakit Pada Manusia:4
PT. ARENA AGRO UTAMA,4,Fungisida:2; Zat Pengatur Tumbuh Tanaman:2
PT. WIRAJAYA MITRA SUKSESTAMA,4,Pestisida Rumah Tangga:3; Moluskisida:1
PT. DITYA CHEMINDO,4,Zat Pengatur Tumbuh Tanaman:2; Fungisida:1; Herbisida:1
PT. SOLUSI MAJU AGRO TANI,4,Insektisida:3; Fungisida:1
PT. FAJAR BUANA CHEMICAL,4,Herbisida:4
PT. MULTI GLOBAL CENTRO,4,Fumigan:3; Insektisida:1
PT. LUMBUNG AGRO MAKMUR,4,Insektisida:2; Zat Pengatur Tumbuh Tanaman:1; Herbisida:1
PT. Spektra Global Intiagro,4,Herbisida:3; Insektisida:1
PT. MEDION FARMA JAYA,4,Insektisida:2; Pestisida Rumah Tangga:1; Pestisida lain-lain:1
PT. BESTANI AGRO SEJAHTERA,4,Herbisida:4
CV. CENTRAL BUKIT MORIA,4,Pestisida Rumah Tangga:4
CV. MUTIARA KERATON JIMMY&CO TRANS BISNIS INDONESIA,4,Insektisida:3; Herbisida:1
PT. SINGA KIMIA INDONESIA,4,Pestisida Pengendalian Vektor Penyakit Pada Manusia:3; Pestisida Rumah Tangga:1
PT. LANGGENG MUSTIKA CHEMINDO,4,Herbisida:4
PT. PARAMA AGROINDUSTRI DANAPATI,4,Herbisida:3; Insektisida:1
CV. SINAR AGRO KIMIA INDONESIA,4,Insektisida:3; Fungisida:1
PT. EKA SALA ALFAINDO,4,Herbisida:4
PT. TIENYEN INTERNATIONAL,4,Insektisida:4
PT. KUDA RAYA KARYANUSA,4,Pestisida Rumah Tangga:4
PT. SEJAHTERA AGRONUSA LESTARI,4,Herbisida:4
PT. MULTIGUNA GEMILANG,4,Fumigan:4
PT. BRAVO DINAMIKA,4,Insektisida:2; Herbisida:1; Moluskisida:1
PT. SPEKTRUM GEO INAGRO,4,Herbisida:4
PT. SUMITOMO INDONESIA,4,Fungisida:3; Herbisida:1
PT. PT. Perusahaan Perdagangan Indonesia (Persero),4,Insektisida:4
PT. PT.BARU TOTAL SOLUSINDO,4,Herbisida:2; Rodentisida:2
PT. AVEL PESTINDO,4,Zat Pengatur Tumbuh Tanaman:3; Herbisida:1
CV. SUBUR TANI AGRO RAYA SEJAHTERA,4,Herbisida:4
PT. INDO ASIA TIRTA MANUNGGAL,4,Bakterisida:3; Fungisida:1
PT. SANJAYA SEJAHTERA LESTARI,4,Herbisida:4
PT. CAKRA AGRO INDONESIA,4,Insektisida:2; Fungisida:1; Zat Pengatur Tumbuh Tanaman:1
CV. JOYO MAKMUR SUKSES,4,Insektisida:2; Fungisida:1; Zat Pengatur Tumbuh Tanaman:1
CV. BUMINDO ABADI MAKMUR,4,Fungisida:4
CV. SARANA TANI MAKMUR,3,Insektisida:2; Fungisida:1
PT. RIA INDO AGRI,3,Insektisida:3
PT. SYNAGRO PERKASA,3,Herbisida:3
PT. CIPTA KARYA UNGGULAN,3,Pestisida Rumah Tangga:2; Repelen:1
PT. SURYA KARYA ANDALAN,3,Herbisida:3
CV PLANET AGRONUSA,3,Zat Pengatur Tumbuh Tanaman:3
PT. GLOBAL AGRO MANDIRI,3,Fungisida:1; Insektisida:1; Herbisida:1
PT. ZAMRUD LINTAS KATULISTIWA,3,Pestisida Pengendalian Vektor Penyakit Pada Manusia:2; Insektisida:1
PT. MULTIKIMIA AGRO SEJAHTERA,3,Herbisida:2; Zat Pengatur Tumbuh Tanaman:1
PT. KALATHAM,3,Zat Pengatur Tumbuh Tanaman:2; Insektisida:1
PT. Duta Alam Prima,3,Insektisida:2; Fungisida:1
CV. PRIMA BERKAH NUSANTARA,3,Fungisida:2; Insektisida:1
CV. SUGI TEKNIK PANGAN,3,Insektisida:3
PT. Guthrie Agri Bio,3,Rodentisida:2; Atraktan / Feromon:1
CV. TRUBUS PRIMA,3,Insektisida:2; Fungisida:1
CV. FLORA DAN FAUNA,3,Herbisida:2; Zat Pengatur Tumbuh Tanaman:1
PT. PUTRISARI KIMIANUSA,3,Herbisida:3
PT. RAGAM MANDIRI,3,Herbisida:3
PT. PHOSPHINDO JAYA UTAMA,3,Fumigan:2; Insektisida:1
CV. DMA,3,Insektisida:3
CV. BIMAGRO INDONESIA,3,Herbisida:3
PT. AGROW USAHA TANI INDONESIA,3,Insektisida:2; Herbisida:1
PT. AGRI KIMIA NUSANTARA,3,Herbisida:3
PT. AGROSID MANUNGGAL SENTOSA,3,Atraktan / Feromon:1; Fungisida:1; Bakterisida:1
PT. RAWWA ROUNDTEC INDONESIA,3,Insektisida:2; Zat Pengatur Tumbuh Tanaman:1
PT. GOLDEN MAKMUR AGRI,3,Herbisida:3
CV. ASRITANI UTAMA,3,Fungisida:2; Insektisida:1
PT. TOYOTA TSUSHO INDONESIA,3,Fungisida:3
PT. ZAINI MAKMUR SENTOSA,3,Insektisida:1; Fungisida:1; Herbisida:1
PT. AGRICULTURE CONSTRUCTION INDONESIA,3,Insektisida:3
PT. VADEL KSATRIA SAMUDRA INDONESIA,3,Pestisida Pengendalian Vektor Penyakit Pada Manusia:2; Pestisida Rumah Tangga:1
PT. AGRI KEMIA NATURA,3,Herbisida:2; Fumigan:1
CV. CULTURE AGRITECH INTERZONA,3,Insektisida:2; Fungisida:1
PT. PESTINDO SOLUTION,3,Rodentisida:2; Pestisida Rumah Tangga:1
PT. AGRIVA CROPSCIENCE INDONESIA,3,Insektisida:3
PT. AGROSIDA SELARAS BERSAMA,3,Fungisida:2; Insektisida:1
PT. GOODFARM CHEMICAL INDONESIA,3,Insektisida:1; Fungisida:1; Herbisida:1
PT. JUBARO AGRO INDONESIA,3,Insektisida:2; Fungisida:1
PT. MODERN AGRICULTURE INDONESIA,3,Insektisida:3
PT. NUSANTARA SURYA BENIH,3,Bahan pengawet kayu:3
PT. BIO AGRITECH NUSANTARA,3,Bahan pengawet kayu:1; Insektisida:1; Moluskisida:1
CV. SEMESTA AGRO MAKMUR,3,Rodentisida:1; Zat Pengatur Tumbuh Tanaman:1; Insektisida:1
CV. SAKASAKI,2,Fungisida:1; Insektisida:1
PD. GARUDA,2,Moluskisida:2
PT. FLORA FAUNA MANGGALA,2,Herbisida:2
PT. PANCA AGRO NIAGA LESTARI,2,Atraktan / Feromon:1; Herbisida:1
CV. AGRO MANDIRI SEJAHTERA,2,Insektisida:1; Fungisida:1
CV. JAVAMAS AGROPHOS,2,Fungisida:1; Zat Pengatur Tumbuh Tanaman:1
CV. BANGKIT JAYA,2,Insektisida:2
CV. MULTIGRO MAKMUR ABADI,2,Herbisida:2
PT. INTISUBUR KIMINDO RAYA,2,Herbisida:2
PT. AGSPEC INDONESIA,2,Insektisida:2
PT. MENARA BERLIAN,2,Zat Pengatur Tumbuh Tanaman:2
PT. SANITAS,2,Zat Pengatur Tumbuh Tanaman:1; Insektisida:1
PT. GEKA MITRA NIAGA,2,Fungisida:1; Herbisida:1
PT. SEJUK ALAM LESTARI,2,Herbisida:2
PT. KENCANA AGRO GOLDENSIDA,2,Insektisida:2
PT. PT BESTAGRO INDO SUKSES,2,Rodentisida:1; Insektisida:1
CV. MASTERGREEN AGROCHEMICAL INDONESIA,2,Insektisida:1; Zat Pengatur Tumbuh Tanaman:1
PT. GRAHA AGRO MAKMUR,2,Herbisida:2
PT. PERTIWI INTERTRADE,2,Fungisida:2
PT LION WINGS,2,Repelen:2
PT. FLORA FAUNA AGRO,2,Herbisida:2
PT. TUNAS HARMONI ABADI,2,Fungisida:1; Insektisida:1
PT. BINTANG CAHAYA AGRO PLANET,2,Herbisida:2
PT. MASTRA INDOKORPORA,2,Herbisida:2
CV. BINTANG TANI SEJAHTERA,2,Herbisida:2
PT. AGRO SENTOSA INDAH KARUNIA,2,Herbisida:2
CV. SURYA AGRO PERKASA,2,Herbisida:2
PT. TRI AYUMON TERPADU,2,Fumigan:2
PT. WIHADIL,2,Herbisida:2
PT. GREEN ORGANIC DAILY,2,Pestisida Rumah Tangga:2
PT. INTI TANI NIAGA,2,Herbisida:2
PT. YASIDA MAKMUR ABADI,2,Herbisida:1; Insektisida:1
PT. CHEMIFIN JAYA UTAMA,2,Pestisida lain-lain:2
PT. FAJAR NASIONAL CIPTA,2,Insektisida:2
PT. DAYA MUDA AGUNG,2,Insektisida:1; Pestisida Pengendalian Vektor Penyakit Pada Manusia:1
PT. V MAX ASIA TANI,2,Herbisida:2
PT. SEMESTA HARAPAN INDONESIA,2,Herbisida:2
PT. FABINDO SEJAHTERA,2,Repelen:1; Pestisida Rumah Tangga:1
PT BIO AGRITECH NUSANTARA,2,Bahan pengawet kayu:1; Insektisida:1
PT. DYRIZ INDONESIA,2,Zat Pengatur Tumbuh Tanaman:2
PT. PROPADU KONAIR TARAHUBUN,2,Fungisida:2
PT. POLARCHEM,2,Herbisida:1; Insektisida:1
PT. CENTRA BIOTECH INDONESIA,2,Fungisida:1; Insektisida:1
PT. NATHANI INDONESIA,2,Fungisida:2
PT. AGROCHEM JAYA,2,Insektisida:1; Fungisida:1
PT. LOTUS GLOBALINDO SENTOSA,2,Bahan pengawet kayu:2
PT. UTOMO UTOMO,2,Insektisida:1; Pestisida Rumah Tangga:1
PT. ESSENCE AGRO CHEMICAL,2,Insektisida:1; Fungisida:1
PT. INTITANI AGROKIMINDO,2,Herbisida:2
CV. PRADIPTA PARAMITA,2,Pestisida Rumah Tangga:1; Fungisida:1
PT. TURRIMA AGRO MASS BORNEO,2,Herbisida:2
PT. ANUGRAH SENTANA AGRO,2,Zat Pengatur Tumbuh Tanaman:2
PT. MAKUTA AGRO SEJATI,2,Zat Pengatur Tumbuh Tanaman:2
CV. TANI LESTARI,2,Herbisida:2
PT. NOPOSION AGROCHEMICALS INDONESIA,2,Moluskisida:1; Herbisida:1
PT. REJEKI AGRO INDONESIA,2,Insektisida:1; Herbisida:1
PT. PRIMA AGRO NETWORK,2,Herbisida:2
CV. ANGKASA DIGITAL NIAGA,2,Rodentisida:2
PT. TRIKA SAKA JAYA,2,Bahan pengawet kayu:2
PT. DOVER CHEMICAL,2,Fungisida:2
PT. DHARMA AYU TANI,2,Insektisida:2
PT. SANOVA,2,Fungisida:1; Herbisida:1
PT. GIGA PUTRA TANI,2,Pestisida Pengendalian Vektor Penyakit Pada Manusia:2
PT. OGINESIA MULTI TANI,2,Herbisida:1; Insektisida:1
PT. WAHANA PUNDIKARSA ABADI,1,Zat Pengatur Tumbuh Tanaman:1
CV. TANI ABADI,1,Herbisida:1
PT. NUTRI AGRO INDONESIA,1,Insektisida:1
CV INDO AGRO CHEMICAL,1,Insektisida:1
PT. BRENNTAG,1,Bakterisida:1
PT. KAO INDONESIA DISTRIBUTION,1,Repelen:1
CV. ALAM NABATI ANACARDIUM,1,Fungisida:1
PT. BAHANA HANNELA MASSIMA,1,Pestisida Rumah Tangga:1
CV. INDO TANI,1,Herbisida:1
PT. MITRA SUKSES AGRINDO,1,Fungisida:1
PT. PRIMA AGRO LANCAR,1,Insektisida:1
CV. AMARTA BUANA SEJAHTERA,1,Herbisida:1
PT. PELITA AGUNG,1,Herbisida:1
PT. GALENIUM PHARMASIA LABORATORIES,1,Repelen:1
PT. HALIM SAKTI PRATAMA,1,Fungisida:1
PT. BINTANG ANUGERAH CAHAYA ABADI,1,Pestisida Pengendalian Vektor Penyakit Pada Manusia:1
PT. SMARTZ AGRO LESTARI,1,Insektisida:1
SARAYA.LF.MANDIRI,1,Insektisida:1
CV. INDAH TANI SEJAHTERA,1,Insektisida:1
PT. GOLDEN STEP INDONESIA,1,Fungisida:1
PT. DEWARI AGRO SAKTI,1,Insektisida:1
PT. SANTANI AGRO LESTARI,1,Herbisida:1
PT. PUPUK KUJANG,1,Fungisida:1
PT. DWI PRIMA REZEKY,1,Pestisida Rumah Tangga:1
PT. KINGLAB INDONESIA,1,Pestisida Pengendalian Vektor Penyakit Pada Manusia:1
PT. DELITAL LEEFREN AGROINDUSTRI,1,Herbisida:1
PT. GOENA WAHANA AGRO NIAGA,1,Insektisida:1
PT. ASTORIA PRIMA,1,Pestisida Rumah Tangga:1
PT. Joenoes Ikamulya,1,Repelen:1
PT. MALINDO AGROTEK PERKASA,1,Herbisida:1
PT. Hamka Multi Karya,1,Insektisida:1
PT. UPI CROPSCIENCE INDONESIA,1,Fungisida:1
CV. AGRIJAYA,1,Fumigan:1
PT. PROVIVI PHEROMONES INDONESIA,1,Atraktan / Feromon:1
PT. DERAS KARET PRIMA,1,Zat Pengatur Tumbuh Tanaman:1
PT. BIO AGRI LINK,1,Insektisida:1
PT. Kiagus Syaiful Anwar,1,Pestisida Rumah Tangga:1
CV. TANI ABADI BORNEO,1,Insektisida:1
CV. H.C.S. POWERINDO,1,Insektisida:1
PT. PUTRA SWADAYA PERKASA,1,Bahan pengawet kayu:1
PT. GREENLIFE BIOSCIENCE,1,Insektisida:1
PT. OAT MITOKU AGRIO,1,Zat Pengatur Tumbuh Tanaman:1
PT. BINTANG KENCANA ANUGRAH,1,Pestisida Rumah Tangga:1
CV. BUMI LESTARI KINTAMANI,1,Insektisida:1
PT. MEDPHOS CITRA MANDIRI,1,Fumigan:1
CV. CINDE LARAS,1,Insektisida:1
PT. LADANG SUBUR SENTOSA,1,Herbisida:1
PT. AGRO TUNAS RAYA,1,Fungisida:1
PT. SARI SARANA KIMIATAMA,1,Fungisida:1
PT. CATUR KARTIKA JAYA,1,Pestisida Pengendalian Vektor Penyakit Pada Manusia:1
PATIH GAJAHMADA,1,Fungisida:1
AROMA,1,Fungisida:1
PT. INTER ANEKA LESTARI KIMIA,1,Bahan pengawet kayu:1
CV. TANI MUJUR,1,Herbisida:1
PT. SIFA SAUDARA ABADI,1,Herbisida:1
PT. MENARA JAYA LESTARI,1,Pestisida Rumah Tangga:1
CV. AGRINDO PERSADATAMA,1,Fungisida:1
PT. SEJAHTERA EKOLOGIKA DUTA QUEMIKA,1,Atraktan / Feromon:1
PT. SML AGRO INDONESIA,1,Insektisida:1
PT. SURYAMAS MENTARI,1,Insektisida:1
PT. SINAR MAS AGRO RESOURCES AND TECHNOLOGY,1,Atraktan / Feromon:1
PT. SINAR HIDUP SATWA,1,Zat Pengatur Tumbuh Tanaman:1
PT. TEJA UTAMA INDOPAMENANG,1,Pestisida Rumah Tangga:1
PT. PANCA TALENTAMAS,1,Pestisida Rumah Tangga:1
PT. BUANA NATURA KIRANA,1,Pestisida Rumah Tangga:1
CV. SAHABAT AGRI SEJATI,1,Herbisida:1
CV. BARU INDONESIA,1,Rodentisida:1
CV. SURYA UTAMA NIAGA TANI,1,Herbisida:1
PT. MESTIKA KARUNIA UTAMA,1,Herbisida:1
CV. DITAMA RAYA,1,Zat Pengatur Tumbuh Tanaman:1
PT. NORVUS INDONESIA,1,Pestisida Rumah Tangga:1
PT. FARM HANNONG INDONESIA,1,Herbisida:1
CV. AZKIA BINTANG NUSANTARA,1,Zat Pengatur Tumbuh Tanaman:1
PT. MITRA BIOSEKURITI SOLUSI,1,Fumigan:1
MEGAN GALUS KINANTAN,1,Insektisida:1
PT. PRIMASID ANDALANUTAMA,1,Zat Pengatur Tumbuh Tanaman:1
CV. KOLEKTIF SURYA CEMERLANG,1,Rodentisida:1
PT. AVIA AVIAN,1,Pestisida lain-lain:1
PT. MULTIKRIDA JAYA UTAMA,1,Zat Pengatur Tumbuh Tanaman:1
CV. BERKAT MANNA MAJU,1,Fungisida:1
PT. LABEZAR UTAMA INDONESIA,1,Insektisida:1
PT. SINAR RAFLESIA SELATAN,1,Herbisida:1
PT. LUAS BIRUS UTAMA,1,Pestisida Rumah Tangga:1
PT. FADJAR PURNASARANA,1,Herbisida:1
PT. PT. Anugerah Sarana Hayati,1,Atraktan / Feromon:1
PT. SURYA AGROCHEM MITRA ABADI,1,Bahan pengawet kayu:1
CV. AGRO MIFTAHUL KHISBA,1,Fungisida:1
PT. DAYA MERRY PERSADA,1,Herbisida:1
PT. WAHANA MAS,1,Fungisida:1
PT. GERBANG CAHAYA UTAMA,1,Moluskisida:1
CV. EUREEKA INDONESIA,1,Insektisida:1
CV. MANDIRI ANUGERAH ABADI,1,Bahan pengawet kayu:1
PT. CITA AGUNG JAYA,1,Herbisida:1
PT. INDESSO AROMA,1,Repelen:1
CV. NUSAGRI,1,Atraktan / Feromon:1
PT. MEDION ARDHIKA BHAKTI,1,Fungisida:1
CV. RAJA BENUA MAS,1,Fungisida:1
PT. UNITED ALACRITY INDONESIA,1,Insektisida:1
PT. BUDI MUTU PRIMA,1,Pestisida Rumah Tangga:1
PT. DWIJAYA PERKASA ABADI,1,Moluskisida:1
PT. GRAHA ESA,1,Pestisida Pengendalian Vektor Penyakit Pada Manusia:1
CV. NAZA AGRO'S,1,Fungisida:1
PT. BIOJOYO TEKNOLOGI INDUSTRI,1,Pestisida Pengendalian Vektor Penyakit Pada Manusia:1
CV. LIVE ANGKASA,1,Zat Pengatur Tumbuh Tanaman:1
PT. KOIN TUNGGAL JAYA,1,Zat Pengatur Tumbuh Tanaman:1
PT. ETOS INDONUSA,1,Pestisida Rumah Tangga:1
CV. GRAHA FERTICON PERKASA,1,Zat Pengatur Tumbuh Tanaman:1
PT. SINAR ANTJOL,1,Repelen:1
PT. NATUR AGRI TANI,1,Akarisida:1
PT. FADJAR AGRO SARANA,1,Herbisida:1
PT. WAHANA KENCANA INDONESIA,1,Pestisida Rumah Tangga:1
PT. TANI PERKASA KIMINDO,1,Moluskisida:1
PT. SANDAR INTERNATIONAL,1,Insektisida:1
