pemegang_pendaftaran,jumlah_produk,sumber
MEST INDONESIY,100,SIMPEL
BEHN MEYER AGRICARE,83,SIMPEL
PT. Multi Mas Chemindo,77,LEGACY+SIMPEL
PT.MEROKE TETAP JAYA,77,LEGACY
PETROKIMIA GRESIK,70,SIMPEL
SAPROTAN UTAMA,66,SIMPEL
PT. SANLEX MALINDO,64,LEGACY+SIMPEL
MEROKE TETAP JAYA,64,SIMPEL
MULTI NIAGA NUSANTARA INDONESIA,57,SIMPEL
CV. SAPROTAN UTAMA,56,LEGACY
PERMATA AGRO PERSADA,53,SIMPEL
MAJU MAKMUR UTOMO,52,SIMPEL
SANTANI SEJAHTERA,51,SIMPEL
DGW PUPUK INDONESIA,51,SIMPEL
SENTANA ADIDAYA PRATAMA,49,SIMPEL
PT. Asia Pupuk Guna Lestari,49,LEGACY+SIMPEL
SASCO INDONESIA,48,SIMPEL
FERTILIZER INTI TECHNOLOGY,48,SIMPEL
DHARMA AYU TANI,45,SIMPEL
SAPROTAN UTAMA NUSANTARA,45,SIMPEL
RAJA GROUP INDONESIA,43,SIMPEL
PT. Hextar Fertilizer Indonesia,43,LEGACY
CIPTA MAKMUR PERTIWI,41,SIMPEL
MULTI SARANA INDOTANI,40,SIMPEL
WILMAR CHEMICAL INDONESIA,40,SIMPEL
JADI MAS,40,SIMPEL
KERTOPATEN KENCANA,38,SIMPEL
AGROFARM NUSA RAYA,37,SIMPEL
SARASWANTI ANUGERAH MAKMUR,35,SIMPEL
PT. MEST INDONESIY,34,LEGACY
AGROTAMA TUNAS SARANA,32,SIMPEL
PUPUK KALIMANTAN TIMUR,31,SIMPEL
PUPUT TANI MANDIRI,29,SIMPEL
UD Primagro,29,SIMPEL
ANTARIKSA NUSANTARA INDONESIA GROUP,29,SIMPEL
PT AGRI HIKAY INDONESIA,28,LEGACY+SIMPEL
ABADI AGROSINDO PERSADA,27,SIMPEL
PT.TANINDO INTERTRACO,27,LEGACY
DUPAN ANUGERAH LESTARI,26,SIMPEL
NUSA PALAPA GEMILANG,26,SIMPEL
INDO ACIDATAMA,25,SIMPEL
PETROSIDA GRESIK,25,SIMPEL
PUPUK KUJANG,25,SIMPEL
PRIMA AGRO TECH,25,SIMPEL
DYRIZ INDONESIA,25,SIMPEL
DITYA CHEMINDO,25,SIMPEL
PT. Permata Agro Persada,25,LEGACY
AGRO TRADISI,24,SIMPEL
PT. HANAMPI SEJAHTERA KAHURIPAN,24,LEGACY+SIMPEL
JAVAMAS AGROPHOS,24,SIMPEL
GREENLIFE BIOSCIENCE,23,SIMPEL
AGRI TANIMAS SELARAS,23,SIMPEL
PT. SENTANA ADIDAYA PRATAMA,23,LEGACY
HANAMPI SEJAHTERA KAHURIPAN,22,SIMPEL
PT. Sasco Indonesia,22,LEGACY
MULYO TANI MAKMUR,21,SIMPEL
ANUGERAH PUPUK MAKMUR,20,SIMPEL
TRUBUS PRIMA,20,SIMPEL
KALATHAM,20,SIMPEL
PT. WILMAR CHEMICAL INDONESIA,20,LEGACY+SIMPEL
Perusahaan Perseroan (Persero) PT. Pupuk Indonesia,20,SIMPEL
AGRO JAYA INDONESIA,20,SIMPEL
YARA INDONESIA,20,SIMPEL
SARI KRESNA KIMIA,19,SIMPEL
KRISTALINDO KARUNIA INTERNASIONAL,19,SIMPEL
PT. Gemilang Eka Dharma,19,LEGACY+SIMPEL
MAXXI AGRI INDONESIA,19,SIMPEL
PRIMAGRO PRIMA INDONESIA,18,SIMPEL
ARTHA PRIMA HUMATINDO,18,SIMPEL
ANUGERAH PUPUK LESTARI,18,SIMPEL
AGRO BERJAYA NUSANTARA,18,SIMPEL
PT Bumi Indo Raharja,18,LEGACY+SIMPEL
LAKU AGUNG BAHAGIA INDONESIA,17,SIMPEL
GOAUTAMA SINARBATUAH,17,SIMPEL
AGINDA RIAU ABADI,17,SIMPEL
MUTIARA KERATON JIMMY&CO TRANS BISNIS INDONESIA,17,SIMPEL
PT Petrokimia Gresik,17,LEGACY
PT. AGRO TRADISI,17,LEGACY
NUSA NUR AGRO,16,SIMPEL
ECO AGRO MANDIRI,16,SIMPEL
TAZAR GUNA MANDIRI,16,SIMPEL
MESTIKA KARUNIA UTAMA,16,SIMPEL
PETROKIMIA KAYAKU,16,SIMPEL
CARLINDO SERASI ABADI,15,SIMPEL
CV. Raja Grafika,15,SIMPEL
ROLIMEX KIMIA NUSAMAS,15,SIMPEL
PT JADI MAS,15,LEGACY
ADIDAYA NIRBATAS,14,SIMPEL
SINAR SURYA,14,SIMPEL
CENTRA BIOTECH INDONESIA,14,SIMPEL
SARAREA PANEN RAYA,14,SIMPEL
AGRO NUSANTARA INDONESIA,14,SIMPEL
CV. Varia Chemika,14,LEGACY+SIMPEL
PT Pupuk Kalimantan Timur,14,LEGACY
PT. BEHN MEYER AGRICARE,14,LEGACY
PT. Parama Agroindustri Danapati,14,LEGACY
CIPTO LANGGENG JOYO,13,SIMPEL
SAFA AGROTEK INDONESIA,13,SIMPEL
POLOWIJO GOSARI,13,SIMPEL
SANTANI AGRO LESTARI,13,SIMPEL
BUMI SUBUR SENTOSA,13,SIMPEL
PT. ECO AGRO MANDIRI,13,LEGACY+SIMPEL
AGRI MANDIRI SEJAHTERA,13,SIMPEL
AGRO NUSA INDAH,13,SIMPEL
PT. Dharma Ayu Tani,13,LEGACY
PT. Cipta Makmur Pertiwi,13,LEGACY
PT. AGRO AFIAT NUSANTARA,12,SIMPEL
MANO AGRI NUSANTARA,12,SIMPEL
SABANG MAKMUR SENTOSA,12,SIMPEL
PRIMA KARYA BERJAYA,12,SIMPEL
HAMAS PANDJI INDONESIA,12,SIMPEL
ASIA KIMINDO PRIMA,12,SIMPEL
ANJARI ATHA TANAYA,12,SIMPEL
MITRA MERDEKA TANI,12,SIMPEL
MAKMUR JAYA ABADI,12,SIMPEL
PT. Rolimex Kimia Nusamas,12,LEGACY
PROSPER BIOTECH INDONESIA,11,SIMPEL
MITRA TANI ABADI JAYA,11,SIMPEL
ARINDAMA NAWASENA AMERTA,11,SIMPEL
PT. KARISMA INDOAGRO UNIVERSAL,11,LEGACY+SIMPEL
CHEIL JEDANG INDONESIA,11,SIMPEL
WAHANA PUNDIKARSA ABADI,11,SIMPEL
SINAR GENERAL INDUSTRIES,11,SIMPEL
MULTIDAYA PUTRA SEJAHTERA,11,SIMPEL
PT. SOJITZ INDONESIA,11,SIMPEL
PT. CATUR AGRODAYA MANDIRI,11,LEGACY
PT. Maju Makmur Utomo,11,LEGACY
UD. PRIMAGRO,11,LEGACY
PT. Agrotama Tunas Sarana,11,LEGACY
AGRIVERE TRANSFORMA INTERNASIONAL,10,SIMPEL
LABA INDOAGRO NUSANTARA,10,SIMPEL
YAN UTAMA CORPORATION,10,SIMPEL
GALATTA LESTARINDO,10,SIMPEL
INDORAYA MITRA PERSADA SERATUS ENAM PULUH DELAPAN,10,SIMPEL
TRIAGRO HIJRAH JAYA,10,SIMPEL
SUMBER AGUNG JAYA,10,SIMPEL
UTOMO UTOMO,10,SIMPEL
ANUGERAH MUSTIKA OSTINDO,10,SIMPEL
AGRO MULYA LESTARI,10,SIMPEL
GREEN PLANET INDONESIA,10,SIMPEL
BUMI INDO RAHARJA,10,SIMPEL
ECA TANI BAROKAH,10,SIMPEL
LOTUS AGROKIMIA INDONESIA,10,SIMPEL
TANAMAN MAKMUR MANDIRI,10,SIMPEL
MITRA TANI ABADI,10,SIMPEL
PUPUK SRIWIDJAJA PALEMBANG,10,SIMPEL
DRAGON DISTRIBUSI INDONESIA,10,SIMPEL
SCORLETS,10,SIMPEL
KAYUAN INFARM INDONESIA,10,SIMPEL
PT. Agritek Tani Indonesia,10,LEGACY+SIMPEL
PT. TIARA BUANA MANDIRI,10,LEGACY
PT. Nusa Mandiri Utama,10,LEGACY
PT Pupuk Iskandar Muda,10,LEGACY
JATI EMAS UNGGUL,9,SIMPEL
NATURAL NUSANTARA,9,SIMPEL
BIO ENERGI RIMBA,9,SIMPEL
BINA GUNA KIMIA,9,SIMPEL
PT. Sido Muncul Pupuk Nusantara,9,LEGACY+SIMPEL
SMARTSOFT DIGITAL TEKNOLOGI,9,SIMPEL
WELLS PRIMA GLOBAL,9,SIMPEL
EVERCHEM RESOURCES INDONESIA,9,SIMPEL
AGRO PASTI INDONESIA,9,SIMPEL
WASTEK AGRO INDONESIA,9,SIMPEL
GEMAH RIPAH LOH JINAWI INDUSTRI,9,SIMPEL
BINA AGROSIWI MANDIRI,9,SIMPEL
FORMULA TOP INDONESIA,9,SIMPEL
BIOSINDO MITRA JAYA,9,SIMPEL
CV PLANET AGRONUSA,9,SIMPEL
ADVANSIA INDOTANI,9,SIMPEL
PT. FERTA INDONESIA PERSADA,9,LEGACY+SIMPEL
PT. Winon International,9,LEGACY+SIMPEL
PT. SEMESTA JAYA ABADI,9,LEGACY+SIMPEL
PT. INDO ACIDATAMA Tbk,9,LEGACY
PT Carlindo Serasi Abadi,9,LEGACY
PT Gresik Cipta Sejahtera,9,LEGACY
Agro Bumi Timur,8,SIMPEL
AGRI HIKAY INDONESIA,8,SIMPEL
SERUNIANDAL CITRA MANDIRI,8,SIMPEL
CIPTA GUNA MUKTI,8,SIMPEL
SURYA CIPTA PERKASA YOGYAKARTA,8,SIMPEL
ANDAFA AGRO INDO,8,SIMPEL
MEGA ORGANOFERTILISER,8,SIMPEL
MULIA SUKSES BAHAGIA,8,SIMPEL
MITRA FINEX ANTARNUSA,8,SIMPEL
BIO INDUSTRI NUSANTARA,8,SIMPEL
SARASWANTI ANUGERAH INDONESIA,8,SIMPEL
TUNAS AGRO PERSADA,8,SIMPEL
MEGA PRIMATANI LESTARI,8,SIMPEL
PT.Antariksa Nusantara Indonesia Group,8,LEGACY+SIMPEL
CV.TABITA JAYA,8,LEGACY+SIMPEL
IMEXINDO NUSANTARA,8,SIMPEL
MULTI HARA AGRO,8,SIMPEL
SAFEEKO BIO INDONESIA,8,SIMPEL
MITRA TANI INDONESIA,8,SIMPEL
PERMATA NEGERI INDONESIA,8,SIMPEL
PT.GEMILANG ANDALAN PRATAMA,8,LEGACY+SIMPEL
PT. DAMAI AGRO MANUNGGAL,8,SIMPEL
ULTI GROW NUSANTARA,8,SIMPEL
POMAL BEKA MANDIRI,8,SIMPEL
AGRO GUNA MAKMUR,8,SIMPEL
AGRINDO PERSADATAMA,8,SIMPEL
UD. Makmur Jaya,8,LEGACY+SIMPEL
FERTA INDONESIA PERSADA,8,SIMPEL
CV.BUNGA TANI,8,LEGACY+SIMPEL
Alwi Konsultan - TEST,8,LEGACY
PT. MITRA FINEX ANTARNUSA,8,LEGACY
PT SRI REJEKI FERTILIZER,8,LEGACY
PT. Kingenta Pupuk Indonesia,8,LEGACY
CAHAYA ABADI,7,SIMPEL
TANIKAYA MULTI AGRO,7,SIMPEL
DANA INDO AGRI,7,SIMPEL
RUINS SARANA TANI,7,SIMPEL
AGRICULTURE CONSTRUCTION,7,SIMPEL
GRAHA SIRTU,7,SIMPEL
TAPAL KOEDA INDONESIA,7,SIMPEL
LAUTAN LUAS,7,SIMPEL
INDOIN BUSINESS GROUP,7,SIMPEL
SAYAP EMAS CITRA PERSADA,7,SIMPEL
AZZA MULIA RAHMAN,7,SIMPEL
BULINDO AGRO TEKNOLOGI,7,SIMPEL
AGRO TANI MARISI,7,SIMPEL
PT. Agro Indah Permata,7,LEGACY+SIMPEL
WEHA AGRO SEJAHTERA,7,SIMPEL
SARI BUMI KEDU,7,SIMPEL
EXINDO RAHARJA PRATAMA,7,SIMPEL
PT Alam Makmur Anuri,7,SIMPEL
FORMITRA MULTI PRAKARSA,7,SIMPEL
ENPEKA AGROKIMIA,7,SIMPEL
PT. Pemohon (DUMMY),7,SIMPEL
PT. Bumi Subur Sentosa,7,LEGACY+SIMPEL
PANCAPUTRA AGRO NIAGA,7,SIMPEL
SURYA ARTHA SENTOSA,7,SIMPEL
POLARCHEM,7,SIMPEL
SARASWANTI AGRO MAKMUR,7,SIMPEL
PT. Sumber Agrindo Sejahtera,7,LEGACY+SIMPEL
MESTIKA NUSANTARA AGROKIMIA,7,SIMPEL
PT Pupuk Kujang,7,LEGACY
CV. Nusa Nur Agro,7,LEGACY
PT PUPUK SRIWIDJAJA PALEMBANG,7,LEGACY
cv.nusatani,7,LEGACY
BROMO INDAH LESTARI,6,SIMPEL
SINERGI INTI PANEN,6,SIMPEL
KARYA TANI INDONESIA,6,SIMPEL
NOUSINDO NUSANTARA AGRI,6,SIMPEL
PT Agrimas Utama Indonesia,6,LEGACY+SIMPEL
CV. Bima Agung Sejahtera,6,LEGACY+SIMPEL
FARMINDO ANN CHEMICAL,6,SIMPEL
BANDUNG INOVASI ORGANIK,6,SIMPEL
AGROTECH PESTICIDE INDUSTRY,6,SIMPEL
BANGKIT TANI NUSANTARA,6,SIMPEL
CV. Sumber Buana Perkasa,6,LEGACY+SIMPEL
CEMPAKA BUMI NUSANTARA,6,SIMPEL
MANUNGGAL AGRO TANI,6,SIMPEL
STANLEY AGRO NUSANTARA,6,SIMPEL
ADITYA TANI PERKASA,6,SIMPEL
SUMBER SUBUR SEJATI,6,SIMPEL
BESTANI AGRO SEJAHTERA,6,SIMPEL
ARSISTHA KIMIA CITRA LESTARI,6,SIMPEL
TOYA INDO MANUNGGAL,6,SIMPEL
REDSTONE INDONESIA MAKMUR,6,SIMPEL
RAJAWALI BUANA KREASI,6,SIMPEL
CENTRA AGRO PRATAMA,6,SIMPEL
NOVIE AGRO INDUSTRI,6,SIMPEL
BUMI TANI SUBUR,6,SIMPEL
MULTIFARM INTI SEJAHTERA,6,SIMPEL
PT. CIPTA AGRIFARMERINDO,6,SIMPEL
INDUSTRI KEBUN NUSANTARA,6,SIMPEL
SENTRA TANI SEJAHTERA,6,SIMPEL
GREAT GIANT PINEAPPLE,6,SIMPEL
SUMBER MURNI GRUP,6,SIMPEL
ALIF RAYA,6,SIMPEL
SINKA SINYE AGROTAMA,6,SIMPEL
SUMBER ALAM BAROKAH,6,SIMPEL
AJINOMOTO INDONESIA,6,SIMPEL
PT. KUSUMA DIPA NUGRAHA,6,LEGACY+SIMPEL
EUREEKAGREAT NUSANTARA,6,SIMPEL
WINNERS AVENUE SURABAYA,6,SIMPEL
BOMA SAKTI TANI,6,SIMPEL
PT. SHADANI INSAN MULIA ABADI,6,SIMPEL
MZ MEDICAL,6,SIMPEL
STEFES INDONESIA,6,SIMPEL
ALL COSMOS INDONESIA,6,SIMPEL
PT. Agspec Indonesia,6,LEGACY
CV. Bintang Asri Arthauly,6,LEGACY
PT. SANTANI SEJAHTERA,6,LEGACY
CV. Multi Agro Jaya Utama,6,LEGACY
PT. ASIA KIMINDO PRIMA,6,LEGACY
PT Kertopaten Kencana,6,LEGACY
PT. AGROINDO,6,LEGACY
PT. Agro Nusantara Indonesia,6,LEGACY
PT. Graha Inti Jaya,6,LEGACY
CV Makmur Jaya Bekasi,6,LEGACY
CV. SARAREA PANEN RAYA,6,LEGACY
PT. AGRITANI MAKMUR MANDIRI,6,LEGACY
PT. MULTI NIAGA NUSANTARA INDONESIA,6,LEGACY
AGSPEC INDONESIA,5,SIMPEL
GATEWAY INTERNUSA,5,SIMPEL
GREEN AGRI INDONESIA,5,SIMPEL
AGRO INSANI SEMESTA,5,SIMPEL
AGRITAMA TUMBUH PERKASA,5,SIMPEL
RAJA ARTHA AGRO,5,SIMPEL
MON LEON INDONESIA,5,SIMPEL
WONDERINDO PHARMATAMA,5,SIMPEL
AGRO MAKMUR MANDIRI,5,SIMPEL
DHARMA GUNA WIBAWA,5,SIMPEL
PUPUK SWADAYA PURIMAS,5,SIMPEL
PRADIPTA PARAMITA,5,SIMPEL
BINTANG TIMUR PASIFIK,5,SIMPEL
ALL COSMOS BIOTEK,5,SIMPEL
ATS INTI SAMPOERNA,5,SIMPEL
ELIT SOLUSI NIAGA,5,SIMPEL
MITRA AGUNG SAWITA SEJATI,5,SIMPEL
PT. IRQ MAKMUR JAYA,5,SIMPEL
BUMI NUSANTARA,5,SIMPEL
AGRO NUSANTARA INTERNASIONAL,5,SIMPEL
PT. Andalan Chemist Indonesia,5,SIMPEL
BAKTI ALAM NUSANTARA,5,SIMPEL
CV. Tiga Tunas Bangsa,5,SIMPEL
PUPUK ISKANDAR MUDA,5,SIMPEL
DWIAGRI MAKMUR INTERTRADE,5,SIMPEL
PT ARIGOLD YOOHA CORP,5,LEGACY+SIMPEL
MOLINDO RAYA INDUSTRIAL,5,SIMPEL
RABANA AGRO RESOURCES,5,SIMPEL
ANDI JAYA INDUSTRI,5,SIMPEL
PT. Tranquerah Nusantara Cerah,5,LEGACY+SIMPEL
PROPADU KONAIR TARAHUBUN,5,SIMPEL
MILLENIS MITRA INDONESIA,5,SIMPEL
PUTERA RAYA ABADI,5,SIMPEL
BINTANG ASRI ARTHAULI,5,SIMPEL
DWI JAYA EKAPRIMA,5,SIMPEL
BUMIKITA MAKMUR,5,SIMPEL
DMG PHARMA LABORATORIES,5,SIMPEL
PT. GOAUTAMA SINARBATUAH,5,LEGACY+SIMPEL
WIKA JAYA MANDIRI,5,SIMPEL
CV. KUJANG MAS AGRO KENCANA,5,LEGACY+SIMPEL
FEMU ENVIRO RISORINDO,5,SIMPEL
GRESIK CIPTA SEJAHTERA,5,SIMPEL
BERKAT MITRA MAKMUR,5,SIMPEL
PT. Triasindo Subur Prima,5,SIMPEL
AGROLAND MANDIRI UTAMA,5,SIMPEL
CV IMEXINDO NUSANTARA,5,LEGACY
PT Petrokimia Kayaku,5,LEGACY
PT. SINAR  GENERAL INDUSTRIES,5,LEGACY
PT. Agro Berjaya Nusantara,5,LEGACY
PT. Dupan Anugerah Lestari,5,LEGACY
CV. Javamas Agrophos,5,LEGACY
SINAR EMPAT PILAR UTAMA,4,SIMPEL
LINTANG MAS AGRO,4,SIMPEL
PT. Tani Karya Makmur Sejahtera,4,LEGACY+SIMPEL
GEMA TANI ETAM,4,SIMPEL
SEA SIX ENERGY INDONESIA,4,SIMPEL
DELTA GIRI WACANA,4,SIMPEL
NUSA TANI,4,SIMPEL
RISET PERKEBUNAN NUSANTARA,4,SIMPEL
SEMESTA AGRO MAKMUR,4,SIMPEL
CV. Sumber Agung Jaya,4,SIMPEL
NICO MANDIRI SEJAHTERA,4,SIMPEL
TUNAS HARMONI ABADI,4,SIMPEL
UNITED ALACRITY INDONESIA,4,SIMPEL
PT. Super Tani Indonesia,4,SIMPEL
GLOBAL MANTEP LESTARI,4,SIMPEL
GREENTECH INTERNATIONAL,4,SIMPEL
TANINDO TETAP JAYA,4,SIMPEL
ZENITH CROPSCIENCES INDONESIA,4,SIMPEL
SEJUK ALAM LESTARI,4,SIMPEL
KERTO KENCANA ABADI,4,SIMPEL
MISSION TANI,4,SIMPEL
PT INDMIRA,4,SIMPEL
MANDIRI DUASATU,4,SIMPEL
SAKURA FISHERIES,4,SIMPEL
ESTU SEBA AGRINUSA,4,SIMPEL
CEVE SINAR ARAS,4,SIMPEL
ALAM HIJAU,4,SIMPEL
OAT MITOKU AGRIO,4,SIMPEL
REZEKI BERSAMA INDONESIA,4,SIMPEL
HABDHI NEGORO MANDIRI,4,SIMPEL
SOBAT TANI,4,SIMPEL
PT.CENTRAL ALAM RESOURCES LESTARI,4,SIMPEL
PT TRIASINDO ROYAL AGRO,4,LEGACY+SIMPEL
AGRO NATURAL TECHNOLOGY,4,SIMPEL
SINAR MAS MALAKA,4,SIMPEL
UPL INDONESIA,4,SIMPEL
SURYA NUSANTARA SEJATI,4,SIMPEL
TUNAS FOREST GEMILANG,4,SIMPEL
POSPORINDO NUSANTARA,4,SIMPEL
DUTA LIMAS,4,SIMPEL
ALAM SEMESTA INDONESIA,4,SIMPEL
JAYA TANI,4,SIMPEL
PRIMA AGRO NETWORK,4,SIMPEL
PUTRA HAKA PERKASA,4,SIMPEL
AGRO UNGGUL JAYAMAKMUR,4,SIMPEL
CV MAKMUR ABADI,4,SIMPEL
SARIMAKMUR SULTAN NUSANTARA,4,SIMPEL
MANUNGGAL MERDEKA MAKMUR,4,SIMPEL
BHADRA CEMERLANG,4,SIMPEL
PT. DELAPAN ENAM BERLIAN,4,SIMPEL
AGRO ZYM JAYA,4,SIMPEL
PT.MITRA CIPTA AGRO,4,LEGACY+SIMPEL
MANDIRI PALMERA AGRINDO,4,SIMPEL
PT. CEVE SINAR ARAS,4,SIMPEL
CV. INTI TANI MAKMUR,4,SIMPEL
SUBUR PERKASA NUSANTARA,4,SIMPEL
CV. Cahaya Agro Persada,4,SIMPEL
CV. TUMBUH BERKEMBANG SEJAHTERA,4,SIMPEL
DELIMA MANDALA SURYA,4,SIMPEL
KARUNIA NIAGA SEJAHTERA,4,SIMPEL
BIO KONVERSI INDONESIA,4,SIMPEL
UTAMA KARYA TANI,4,SIMPEL
KERINA MARGA PLANTATION,4,SIMPEL
NITIS PUSAKA KUSUMA,4,SIMPEL
BISATANI SUKSES UTAMA,4,SIMPEL
PT TRI TUNGGAL ABADI MULIA,4,SIMPEL
NIVIDIA PRATAMA KHATULISTIWA,4,SIMPEL
JAWA AGRINDO INTERNASIONAL,4,SIMPEL
ALFA BETA AGROCHEMICAL,4,SIMPEL
TIMURAYA TUNGGAL,4,SIMPEL
AGRO INDAH PERMATA 21,4,SIMPEL
BUMI GEMILANG ARTHA,4,SIMPEL
CV. Mulyo Tani Makmur,4,LEGACY
UD. MITRA MERDEKA TANI,4,LEGACY
PT AJINOMOTO INDONESIA,4,LEGACY
PT.ALL COSMOS INDONESIA,4,LEGACY
PT. UTOMO UTOMO,4,LEGACY
CV. Jaya Tani,4,LEGACY
PT. Formitra Multi Prakarsa,4,LEGACY
PT. Laku Agung Bahagia Indonesia,4,LEGACY
CV. MITRA AGRO SENTOSA,4,LEGACY
PT Tunas Agro Persada,4,LEGACY
PT. Molindo Raya Industrial,4,LEGACY
PT Pupuk Indonesia (Persero),4,LEGACY
PT. RIZKY FAJAR AGRO,4,LEGACY
PT HARVESTMORE MULTITRADE INDONESIA,4,LEGACY
CV. Agro Nusa Indah,4,LEGACY
CV. Anugerah Tani Makmur,4,LEGACY
PT Lamandau Subur Sejahtera,4,LEGACY
PT. PLANTSAFE FERTILIZER INDONESIA,4,LEGACY
PT. Indevco Internusa,4,LEGACY
PT. Setia Bersama,4,LEGACY
CV. Ruthani Mandiri,4,LEGACY
PT SAFA AGROTEK INDONESIA,4,LEGACY
PUPUK LAPAN HARSA,3,SIMPEL
DUA POHON BESAR,3,SIMPEL
HYDRO FARM INDONESIA,3,SIMPEL
PUPUK PARIT KITANG,3,SIMPEL
PT. SOLUSI LINGKUNGAN INDUSTRI NUSANTARA,3,SIMPEL
CV. Karya Tani Indonesia,3,SIMPEL
AGROMAX MAKMUR SEKAWAN,3,SIMPEL
CATUR AGRODAYA MANDIRI,3,SIMPEL
ANKEWA CHEMICAL INDONESIA,3,SIMPEL
NOVACHEM ADAMANTINA,3,SIMPEL
INDOFAST AGRO NUSANTARA,3,SIMPEL
NUGEN CROP INDONESIA,3,SIMPEL
PT. PERINTIS NIAGA INDONESIA,3,SIMPEL
RUCI TANI JAYA ABADI,3,SIMPEL
FERTILINDO AGROLESTARI,3,SIMPEL
SUBUR MAKMUR SEJAHTERA,3,SIMPEL
ANARD BUMI SENTOSA,3,SIMPEL
JASA TAMBANG ACEH,3,SIMPEL
BERKAH TANI LESTARI,3,SIMPEL
PT RENER INTI INTERNASIONAL,3,SIMPEL
GUNUNG BERKAT SEJAHTERA,3,SIMPEL
CV. Makmur Sembada,3,SIMPEL
SURYA MENTARI SAKTINDO,3,SIMPEL
ANGPUTRA GLOBAL ORGANIK,3,SIMPEL
INDO BAY BIO,3,SIMPEL
PT. SERA AGRO NUTRINDO,3,SIMPEL
REKATANI INDONESIA,3,SIMPEL
BUMI IMPERIUM INDONESIA,3,SIMPEL
PRIMA TANI MANDIRI,3,SIMPEL
SARANA GLOBAL PHOSPHORINDO,3,SIMPEL
KURNIA MAS,3,SIMPEL
NATHANI INDONESIA,3,SIMPEL
CV. Tani Subur Perkasa,3,LEGACY+SIMPEL
AGRI PRIME INTERNATIONAL,3,SIMPEL
BUMI REKAYASA PERSADA,3,SIMPEL
MAGNESIUM GOSARI INTERNASIONAL,3,SIMPEL
HIKMAH TANI,3,SIMPEL
JENAWI SUBURINDO REJEKI,3,SIMPEL
RAJAWALI CITRA ALAM,3,SIMPEL
CHEMSTAR AGRO INDONESIA,3,SIMPEL
SULTAN ISKANDAR MUDA,3,SIMPEL
RUHISA PERSADA,3,SIMPEL
TIGA UNGGUL SEJAHTERA,3,SIMPEL
LAMPOKO TERNAK INDONESIA,3,SIMPEL
NEO SINAR MEDAN,3,SIMPEL
NEO CROP SOLUTIONS,3,SIMPEL
DELTA CHEMICA,3,SIMPEL
KAKIMAS PRIMA PERKASA,3,SIMPEL
MULTI ALAM RAYA SEJAHTERAA,3,SIMPEL
MITRA AGRO SENTOSA,3,SIMPEL
AGRIBISNIS TECHNOLOGY INDONESIA,3,SIMPEL
PT. NUSANTARA AGRO TAMA,3,SIMPEL
SELARAS ALAM SEJAHTERA,3,SIMPEL
BAROKAH PRIMA TANI,3,SIMPEL
SUMBER ALAM UNGGUL,3,SIMPEL
CV AGRO PERSADA,3,SIMPEL
BUNGA TANI,3,SIMPEL
BUMI PERSADA SIDAYU,3,SIMPEL
ASIA MIKRO PUPUK,3,SIMPEL
KUSUMA DIPA NUGRAHA,3,SIMPEL
SUTERA AGRINDO UTAMA,3,SIMPEL
CV Arisna Jaya,3,SIMPEL
PT. JASINDO KREASI MANDIRI,3,SIMPEL
SANG HYANG SERI,3,SIMPEL
SARI BUMI SIDAYU,3,SIMPEL
ARICTON EXIM INDONESIA,3,SIMPEL
WIRAPUTRA AGRO MANDIRI,3,SIMPEL
ARTHA MAKMUR ABADI,3,SIMPEL
AGRITAMA PRIMA MANDIRI,3,SIMPEL
BINGEI AGUNG,3,SIMPEL
PRIMA BERKAH NUSANTARA,3,SIMPEL
ARENA HORMON INDONUSA,3,SIMPEL
INTI MIKRO INDONESIA,3,SIMPEL
BASISCROP INDONESIA,3,SIMPEL
REJEKI INDAH MANDIRI,3,SIMPEL
TANGGUH AGRO NUSA INDONESIA,3,SIMPEL
KENSO INDONESIA,3,SIMPEL
PINAGO UTAMA,3,SIMPEL
NUSANTARA GREEN LAND,3,SIMPEL
AGRO RAYA TIMUR GROUP,3,SIMPEL
DEWI SRI RAMA I,3,SIMPEL
PT. DWI AGRO HAYATI,3,SIMPEL
AGRO LESTARI JAYA,3,SIMPEL
SIGMA KARYA BUANA,3,SIMPEL
PT AGRI MULTI LESTARI,3,SIMPEL
ARTHA CHRISTA,3,SIMPEL
AGROSID MANUNGGAL SENTOSA,3,SIMPEL
SUKINDO SUPRASEMESTA,3,SIMPEL
PT. Gemah Ripah Loh Jinawi Industri,3,LEGACY+SIMPEL
DELTA GREEN ZONE,3,SIMPEL
CV. GHANDI PUTRA,3,LEGACY+SIMPEL
AGRO FARMERY INDONESIA,3,SIMPEL
PRATAMA AGRO SENTOSA,3,SIMPEL
JOYO MAKMUR SUKSES,3,SIMPEL
DUNIA KIMIA JAYA,3,SIMPEL
ARTHA BUANA,3,SIMPEL
"""CAHYA SEJATI""",3,SIMPEL
CIPTA AGRO NUSANTARA,3,SIMPEL
GOLDEN FARM INDONESIA,3,SIMPEL
PT. PERMATA NEGERI INDONESIA,3,LEGACY+SIMPEL
PANEN AGRO NIAGA,3,SIMPEL
PERMANA AGRO LESTARI,3,SIMPEL
BURSATANI GLOBAL NIAGA,3,SIMPEL
NELAYAN INDONESIA JAYA,3,SIMPEL
MABARFEED INDONESIA,3,SIMPEL
RAHMA JAYA BERSAMA,3,SIMPEL
BIO SARANA INDONESIA,3,SIMPEL
SAF AGRO JAYA,3,SIMPEL
JENGGONG MAGTASIDA GRUP,3,SIMPEL
BIMAGRO INDONESIA,3,SIMPEL
BUMI SUBUR RIZQUNA,3,SIMPEL
CIPTA SARANA INDOTANI,3,SIMPEL
CV AGRO PETANI MAJU,3,LEGACY+SIMPEL
PT. Perdagangan Indo Mandiri Sejati,3,LEGACY+SIMPEL
PT. WAHANA PUNDIKARSA ABADI,3,LEGACY
CV Alam Hijau,3,LEGACY
PT PRIMA AGRO TECH,3,LEGACY
CV. Agronusa Mandiri,3,LEGACY
PT. DWIAGRI MAKMUR INTERTRADE,3,LEGACY
CV.MITRA TANI ABADI JAYA,3,LEGACY
PT. POMAL BEKA MANDIRI,3,LEGACY
PT Nusamas Kimia Persada,3,LEGACY
PT BIOTIS AGRINDO,3,LEGACY
PT. MULTIKIMIA AGRO SEJAHTERA,3,LEGACY
PT Exindo Raharja Pratama,3,LEGACY
PT Greenlife Bioscience,3,LEGACY
PT Kalatham,3,LEGACY
PT. Angputra Global Organik,3,LEGACY
PT Bio Sarana Indonesia,3,LEGACY
CV.UTAMA KARYA TANI,3,LEGACY
PT TOYA INDO MANUNGGAL,3,LEGACY
CV. Duta Surya Alam,3,LEGACY
PT. PUPUT TANI MANDIRI,3,LEGACY
CV. Sumber Rejeki,3,LEGACY
PT. PRIMA MULIA ABADI,3,LEGACY
PT. Polowijo Gosari,3,LEGACY
PT. Centra Agro Pratama,3,LEGACY
MAHITALA MIRA INDONESIA,2,SIMPEL
BASF DISTRIBUTION INDONESIA,2,SIMPEL
MANIS SPORTIF,2,SIMPEL
KURNIA AGRO,2,SIMPEL
SAWIT CENTER INDONESIA,2,SIMPEL
SELLA SANGIANG ASRI,2,SIMPEL
PT.Alas Metuah Perdana,2,SIMPEL
BIO NUSANTARA ALAMI,2,SIMPEL
ROJO KOYO MANUNGGAL GROUP,2,SIMPEL
BIOTECH FERTILIZER INDONESIA,2,SIMPEL
TUNAS JAVA MANDIRI,2,SIMPEL
PANDAWA AGRI INDONESIA,2,SIMPEL
RAJA BENUA MAS,2,SIMPEL
PT. Pakar Pupuk Nusantara,2,SIMPEL
BIOTIS AGRINDO,2,SIMPEL
BENE PYTO TANI JAYA,2,SIMPEL
BERKAT MANNA MAJU,2,SIMPEL
PRIMA AGRO LANCAR,2,SIMPEL
CV. SUMBER MULYO SEJAHTERA,2,SIMPEL
TANI MAS SUBUR,2,SIMPEL
TIGA MUARA EMAS MAKMUR,2,SIMPEL
DEWARI AGRO SAKTI,2,SIMPEL
CV. Intan Permata Dunia,2,SIMPEL
PT.NOVACHEM ADAMANTINA,2,SIMPEL
SURYA DUTA GREENINDO,2,SIMPEL
RAYON UTAMA KHATULISTIWA,2,SIMPEL
GLOBALINDO INTI PERSADA,2,SIMPEL
KIRANI AGRINUSANTARA,2,SIMPEL
DWI KENCANA ABADI,2,SIMPEL
SUMATERA MINERAL SEJAHTERA,2,SIMPEL
ADITYA MANDIRI UTAMA,2,SIMPEL
INTER AGRO INDONESIA,2,SIMPEL
PT. Tri Mukti Nusantara Indonesia,2,SIMPEL
PT. SINAR PERSADA JAYA,2,SIMPEL
WIRA TANI MAKMUR,2,SIMPEL
AGRI KEMIA NATURA,2,SIMPEL
TRITAMA WIRAKARSA,2,SIMPEL
AGRO SANTANINDO,2,SIMPEL
SAGARA PRIMA PERKASA,2,SIMPEL
ELEVASI AGRI INDONESIA,2,SIMPEL
PT. VERONA MULTIKIMIA ABADI,2,SIMPEL
AGUNG PRATAMA INDONESIA,2,SIMPEL
PT. Balohan Jaya Utama,2,SIMPEL
MULTIKIMIA AGRO SEJAHTERA,2,SIMPEL
MUSTIKA AGRO TANI,2,SIMPEL
BAHAGIA ALAM SEJATI,2,SIMPEL
DIAMOND INTEREST INTERNATIONAL,2,SIMPEL
SUMBER AGUNG PUTRA JAYA,2,SIMPEL
PUNDI NUSANTARA RAYA,2,SIMPEL
MESUNJA PRIMA TECH,2,SIMPEL
PT. REJOSO MANIS INDO,2,SIMPEL
JAYA SRI BERSAMA,2,SIMPEL
GEMOLONG SUCI,2,SIMPEL
SAHABAT TANI MANDIRI,2,SIMPEL
KHARISMA MUTIARA AGRO,2,SIMPEL
SRI REJEKI FERTILIZER,2,SIMPEL
PUTRA NUSA,2,SIMPEL
KARFOS,2,SIMPEL
CV. SAMI JAYA AGRO,2,SIMPEL
ANUGRAH CEMERLANG INDONESIA,2,SIMPEL
GRAHA BIOFARM SOLUSI,2,SIMPEL
CV. BUMI AGRO FERTILIZER,2,SIMPEL
BIO AGRO REVOLUTIONARY UTILITY,2,SIMPEL
SUMANS MANDIRI SEJAHTERA,2,SIMPEL
MEDIA BUANA PERSADA,2,SIMPEL
CV. PRIMA TANI MANDIRI,2,SIMPEL
CIBADAK AGRI,2,SIMPEL
PENTA AGROCHEM MULIA,2,SIMPEL
DASTRA KARYA SEMESTA,2,SIMPEL
BERJAYA INTI PERKASA,2,SIMPEL
CV. SAHABAT TANI MANDIRI,2,SIMPEL
NUSANTARA SEJAHTERA MEDICA,2,SIMPEL
CV. PARI MAS,2,SIMPEL
CENTA BRASINDO ABADI CHEMICAL INDUSTRY,2,SIMPEL
SUAKABUMI,2,SIMPEL
PT. Inovasi Natural Bio Organik,2,SIMPEL
REZEKI UTAMA JAYA,2,SIMPEL
PT. Menara Dwikarya Prima,2,SIMPEL
ADAMAS MAKMUR SEJAHTERA,2,SIMPEL
WINDU KENCANA MULYA,2,SIMPEL
AMANAH JAYA TANI,2,SIMPEL
CV. BRISH WATE,2,SIMPEL
CV. SABAR BERSAUDARA,2,SIMPEL
CV.PETRO INTI PERKASA,2,LEGACY+SIMPEL
GADASAKTI AGRITEK PRATAMA,2,SIMPEL
PT.SUBUR ALAM SEJAHTERA,2,SIMPEL
BUMI SUBUR KHATULISTIWA,2,SIMPEL
BUMI PARIGI,2,SIMPEL
PROFARM FERTILINDO,2,SIMPEL
GAUDY BARCA PUTRA,2,SIMPEL
AGRO JAYA OKTAVIANT,2,SIMPEL
CV. Randu Aji,2,SIMPEL
TRIDI AGENG GEMILANG,2,SIMPEL
HASYA JAYA SHAFADILA,2,SIMPEL
CV REZKI UTAMA MANDIRI,2,SIMPEL
PESANGGEM MITRA ABADI,2,SIMPEL
INDONESIA GREEN INNOVATION,2,SIMPEL
SETIA USAHA TANI MANDIRI,2,SIMPEL
AGRO LESTARI MAKMUR NUSANTARA,2,SIMPEL
LUMBUNG AGRO MAKMUR,2,SIMPEL
GOLDEN SUMMIT JAYA,2,SIMPEL
MAHESA PANTURA GRESIK,2,SIMPEL
PT. AGRO NIAGA GLOBALINDO,2,SIMPEL
BIOMINO INDONESIA PERSADA,2,SIMPEL
AWM ELITE INTERNATIONAL,2,SIMPEL
PRIMA MULIA ABADI,2,SIMPEL
WISH INDONESIA,2,SIMPEL
DIRA LIMINDO PUTRA,2,SIMPEL
BARU INDONESIA,2,SIMPEL
JOS AGRO MANDIRI,2,SIMPEL
SUMBER REJEKI,2,SIMPEL
AGRO BIO MAHLIGAI,2,SIMPEL
ANUGERAH DOLOMIT INDONESIA,2,SIMPEL
SAMUDERA ATLANTIK JAYA ABADI,2,SIMPEL
SUKSES ABADI TANI INDONESIA,2,SIMPEL
MANUVERE EGLORY CHEMAGRI,2,SIMPEL
EKARAYA,2,SIMPEL
CV. Sinar Surya,2,SIMPEL
SOLUSI TANI INDONESIA,2,SIMPEL
FERTINDO AGRONUSA PERSADA,2,SIMPEL
CV. Pilar Fasa Mandiri,2,SIMPEL
ESA DISTRIBUSI NUSANTARA,2,SIMPEL
CINDE LARAS,2,SIMPEL
JAVA KARLOS INDONESIA,2,SIMPEL
SAFE CHEMICAL INDONESIA,2,SIMPEL
PT. Satya Agrindo Perkasa,2,SIMPEL
PRIMA AGRO ORGANIC,2,SIMPEL
EKA TIMUR RAYA,2,SIMPEL
PT.PRATAMA SUBUR AGRITAMA,2,SIMPEL
GRHA FERRY INDUSTRI,2,SIMPEL
SIDENRENG AGRO INNO TECH,2,SIMPEL
YIH SHENNINDO MAKMUR JAYA,2,SIMPEL
CV. Bumi Agro Indonesia,2,SIMPEL
AGRO TANI MAJU SEJAHTERA,2,SIMPEL
CV. PUSAKA ALAM,2,LEGACY+SIMPEL
BORNEO INTECH,2,SIMPEL
KHANSA CITRA BUANA,2,SIMPEL
AGRI MAKMUR MEGA PERKASA INDO,2,SIMPEL
DHARMA GUNA,2,SIMPEL
GRESIK NUSANTARA FERTILIZER,2,SIMPEL
PT SATYA PADMA AGRISOL,2,SIMPEL
CV. Sinar Sejahtera,2,SIMPEL
PT.MITRA UTAMA MAKMUR,2,SIMPEL
CV SURYA CITRA PERKASA,2,SIMPEL
BENIH BERKAH BERSERI,2,SIMPEL
WIBAWA MUKTI,2,SIMPEL
MITRA TANI GROUP INDONESIA,2,SIMPEL
MEGARHIZO EGA PERSADA,2,SIMPEL
MEGAH AGRI MEDIA BAROKAH,2,SIMPEL
CV. Bambu Emas,2,SIMPEL
CV. PUPUK AGRI MANDIRI,2,SIMPEL
BEKTI JOYO SAMPURNO,2,SIMPEL
AGRO GEMILANG INDONESIA,2,SIMPEL
AZELIS INDONESIA DISTRIBUSI,2,SIMPEL
MULTI AGRINDO NUSANTARA,2,SIMPEL
GUANO BERKAH SEJAHTERA,2,SIMPEL
MENTHOBI HIJAU LESTARI,2,SIMPEL
TECHNER INDO RAYA,2,SIMPEL
HUMAN LIFE INDONESIA,2,SIMPEL
HIMALAYA AGRO INVESTAMA,2,SIMPEL
NAKULA AGRI JAYA,2,SIMPEL
DEKA AGRO PRODUCT,2,SIMPEL
ANUGERAH DOLOMIT LESTARI,2,SIMPEL
MARZUQ,2,SIMPEL
PT.BUMI PERKASA AGRINDO,2,SIMPEL
GRAHA AGRITECH PRIMA,2,SIMPEL
GREENTRACK TECHNOLOGY INDONESIA,2,SIMPEL
MERDEKA BAHARI INDONESIA,2,SIMPEL
INOVASI FERTILIZER GROWPLANT,2,SIMPEL
ANSELL AGRO INDONESIA,2,SIMPEL
AGAPE SINAR NUSANTARA,2,SIMPEL
TIGA DARA JAYA,2,SIMPEL
INTER ALL,2,SIMPEL
PILAR LIMA,2,SIMPEL
MAKRO CHEMINDO,2,SIMPEL
RILIS,2,SIMPEL
PT. MITRA CHEMICAL WISESA,2,SIMPEL
MAMORA MARTUA JAYA,2,SIMPEL
"Tiara Kurnia, PT",2,SIMPEL
TANATANI,2,SIMPEL
KANANITORA,2,SIMPEL
PT.MYCO AGRO LESTARI,2,SIMPEL
PT. BIOGREEN AGRO NUSA,2,SIMPEL
BUMI AGRO FERTILIZER,2,SIMPEL
PROSPER MEGA NUSANTARA,2,SIMPEL
CV. AGRO MITRA BERJAYA,2,SIMPEL
HABIBI PUTRA TANI,2,SIMPEL
PT. INDOGAL AGRO TRADING,2,SIMPEL
CV. BAROKAH ZA,2,SIMPEL
PT. Catur HIdayah Lestari,2,SIMPEL
EMPAT LIMA NUSWANTORO,2,SIMPEL
DHARMA KARTAPURA,2,SIMPEL
GRAHA AGRO,2,SIMPEL
ALAM MANFAAT BERKAH,2,SIMPEL
PT. Sarana Agro Panata,2,SIMPEL
BINTANG MARGOMULYA ORGANIK,2,SIMPEL
PETROKIMIA KEBOMAS GRESIK,2,SIMPEL
LINTANG BORNEO MANDIRI INDONESIA,2,SIMPEL
KUTAI AGROLESTARI MAKMUR,2,SIMPEL
PUTRA KIMIA GRESIK,2,SIMPEL
PT. Bio Takemi Global,2,SIMPEL
BAYER INDONESIA,2,SIMPEL
AGRO MARITIM NUSANTARA,2,SIMPEL
NUSANTARA SURYA BENIH,2,SIMPEL
EKO SUNGKONO,2,SIMPEL
CV ALAM MAKMUR TANI AGRO,2,SIMPEL
AGRONIKO NUSANTARA,2,SIMPEL
PUTRA BARAGE RAYA,2,SIMPEL
PT. BINTANG CHEMICAL ABADI,2,SIMPEL
JAKE AGRO JAYA,2,SIMPEL
CV. CENTRA AGRINUSA,2,SIMPEL
BIO CYCLE INDO,2,SIMPEL
SUBUR MAKMUR ORGANIK,2,SIMPEL
PT Mycotech Agro Asia,2,SIMPEL
KKI NUSANTARA SUKSES,2,SIMPEL
AGRI JAYA MANGGALA,2,SIMPEL
PT. TIMUR ALAM RAYA,2,SIMPEL
CV. Rachma Farm Sejahtera,2,SIMPEL
TRI MITRA AGRO UTAMA,2,SIMPEL
HANEARL SCIENCE INDONESIA,2,SIMPEL
MEREK INDAH LESTARI,2,SIMPEL
SEHAT CEMERLANG SEJAHTERA,2,SIMPEL
CV Pandu Pratama Karya,2,SIMPEL
SUMBER AGRO PERKASA,2,SIMPEL
ALISHAN NUSA INDAH,2,SIMPEL
PRIMA AGRO LESTARI,2,SIMPEL
MITRA SUKSES AGRINDO,2,SIMPEL
BAKAPINDO,2,SIMPEL
PT. SURYA PRATAMA ALAM,2,SIMPEL
SONGGOLANGIT PERSADA,2,SIMPEL
SARI MAHAPHALA INDONESIA,2,SIMPEL
UD. Mitra Merdeka Tani,2,SIMPEL
INDOSOL MAKMUR,2,SIMPEL
PT. Saribumi Dewatalestari,2,SIMPEL
SHINAMJAYA ABADI,2,SIMPEL
KRISNA CAKRA CYRILLA,2,SIMPEL
AGROCHEM MEGA GLOBALINDO,2,SIMPEL
BIO AGRITECH NUSANTARA,2,SIMPEL
SATRIA JAYA,2,SIMPEL
NUSA BERKAT ALAM,2,SIMPEL
KARUNIA ROTORINDO TANI,2,SIMPEL
CV. Bulaksari Farm,2,LEGACY+SIMPEL
GEMA MITRA ANDALAN,2,SIMPEL
HUSNA AGRO PERKASA,2,SIMPEL
ANEKA NUTRISI GLOBAL INDONESIA,2,SIMPEL
LOH JINAWI AKSHAYA,2,SIMPEL
PT ISARU TEKNOLOGI NUSANTARA,2,SIMPEL
CV. BUMI AGRO MANDIRI,2,SIMPEL
META JAYA,2,SIMPEL
TRUBUS MITRA SWADAYA,2,SIMPEL
SEMERU 23 GROUP,2,SIMPEL
PT. Soko Tani Sejagad,2,SIMPEL
PT. AGROMAX ALAMI SUKSES,2,SIMPEL
SARANA UTAMA LESTARI ALAM,2,SIMPEL
CV. Casa Farm Hidroponik,2,SIMPEL
AGRO BEN INDONESIA,2,SIMPEL
BUKIT RAYA,2,SIMPEL
MERPORIZAD BERKAH ABADI,2,SIMPEL
RESTU MANDIRI INDONESIA,2,SIMPEL
BELIRANG KALISARI,2,SIMPEL
KARUNIA PERMATA UTAMA,2,SIMPEL
PT DIC Graphics,2,LEGACY+SIMPEL
Koperasi Puspa Kencana,2,SIMPEL
PT. Hasya Jaya Shafadila,2,SIMPEL
HSP CITRA GLOBAL,2,SIMPEL
PT. YUDHA PERDANA ANGESTI,2,LEGACY
CV. PERSADA MAKMUR TANI SENTOSA,2,LEGACY
CV. BUMIKITA MAKMUR,2,LEGACY
PT. BUKIT PRIMA NIAGA,2,LEGACY
CV. PRIMA AGRO LANCAR,2,LEGACY
PT. Andalan Usaha Indonesia,2,LEGACY
PT. Dwi Mitra,2,LEGACY
CV. Cahaya Abadi,2,LEGACY
PT. Cahaya Inti Tunggal,2,LEGACY
CV. BUMI INDO RAHARJA,2,LEGACY
PT. Makro Chemindo,2,LEGACY
CV. Satria Jaya,2,LEGACY
CV PALUGADA SUKSES BERSAMA,2,LEGACY
PT. SURYA CIPTA PERKASA YOGYAKARTA,2,LEGACY
PT. Bhadra Cemerlang,2,LEGACY
CV.Sekar Sari,2,LEGACY
C.V. Berkat Eya Pratama,2,LEGACY
CV. GRAHA AGRITECH PRIMA,2,LEGACY
PT. Sarana Utama Lestari Alam,2,LEGACY
CV. Yoland Tani Indonesia,2,LEGACY
PT. BUMI TANI SUBUR,2,LEGACY
CV Agro Niaga Sejati,2,LEGACY
PT POLARCHEM,2,LEGACY
CV AGRO JAYA OCTAVIANT,2,LEGACY
Koperasi Karyawan Puspa Kencana,2,LEGACY
PT FAJAR BUANA CHEMICAL,2,LEGACY
PT. SUBUR INDAH SUKSES GEMILANG,2,LEGACY
CV. Empat Serangkai,2,LEGACY
PT. Bayer Indonesia,2,LEGACY
CV.Mitra Tani Abadi,2,LEGACY
PT Agri Maju Perkasa,2,LEGACY
CV DUTA LIMAS,2,LEGACY
CV. AGRO BIO MAHLIGAI,2,LEGACY
PT. Petrosida Gresik,2,LEGACY
PT.OAT MITOKU AGRIO,2,LEGACY
PT. AGROABADI MAKMUR PERSADA,2,LEGACY
PT. Anugerah Pupuk Lestari,2,LEGACY
CV. Rejeki Lumintu Makmur,2,LEGACY
PT. Bandung Inovasi Organik,2,LEGACY
PT. Tiara Kurnia,2,LEGACY
CV. Jaya Makmur Sentausa,2,LEGACY
CV. Rahma Jaya,2,LEGACY
PT. Ria Indo Agri,2,LEGACY
CV. Blessindo Maju Bersama,2,LEGACY
PT.MULTI SARANA INDOTANI,2,LEGACY
PT ANUGERAH PUPUK MAKMUR,2,LEGACY
PT.GUNUNG BERKAT SEJAHTERA,2,LEGACY
PT. Alam Lestari Maju Indonesia,2,LEGACY
PT .PLANETBIRU INDONESIA,2,LEGACY
PT PRIMASID ANDALAN UTAMA,2,LEGACY
SUMBER UTAMA TANI,1,SIMPEL
DAMAI SINERGI NUSANTARA,1,SIMPEL
HATTARA CITRA ARGO,1,SIMPEL
SAMAWA AGRO PERSADA,1,SIMPEL
STELLAR AGRI INDONESIA,1,SIMPEL
SAWONGGALING NUSANTARA,1,SIMPEL
CV. SURYA PETANI,1,SIMPEL
FAJAR RIZQY TANI,1,SIMPEL
GEMILANG BERKAH USAHA,1,SIMPEL
PUTRA SHB SEJAHTERA,1,SIMPEL
BERKATINDO NUSANTARA BERSINAR,1,SIMPEL
CV.KWADRAN JAYA MANDIRI,1,SIMPEL
PT. Sitosu Agro Cemerlang,1,SIMPEL
BENIH ROMAN AGRO,1,SIMPEL
CV. SAKINA AGRO INDUSTRI,1,SIMPEL
PT.AGRITEK SUKSES INDONESIA,1,SIMPEL
BUMI MAKMUR WIDYADHANA,1,SIMPEL
RATAMA ELON PERKASA,1,SIMPEL
HIDUP TUMBUH BERJAYA,1,SIMPEL
ULIE HOPE SO,1,SIMPEL
PT.MANDIRI DASAR UTAMA,1,SIMPEL
BIOTEK AGRO NUSANTARA,1,SIMPEL
PATIH GAJAHMADA,1,SIMPEL
ASTINA MEGAH ABADI,1,SIMPEL
ANAYA GLOBAL INDONESIA,1,SIMPEL
SINAR ADHIKARI ARYASATYA,1,SIMPEL
SITOSU AGRO CEMERLANG,1,SIMPEL
BERKAH ALAM NUSANTARA FERTILIZER,1,SIMPEL
JANTHO MAJU TANI,1,SIMPEL
ORGANIK KARYA INDONESIA,1,SIMPEL
HARMONI INCORPORATION,1,SIMPEL
POSCO INTERNATIONAL INDONESIA,1,SIMPEL
TOGA CIPTA FLORA,1,SIMPEL
CV. DARMAPURI AGRO SEMESTA,1,SIMPEL
CV. Agroxplore Indonesia,1,SIMPEL
WILDO NATURAL INDONESIA,1,SIMPEL
RIZKY AGRO MAKMUR,1,SIMPEL
MESS JAYA INDONESIA,1,SIMPEL
BIOCARE INDONESIA LANGGENG,1,SIMPEL
JENGGONG MULYA JAYA SENTOSA,1,SIMPEL
PANEN INTI NUSANTARA,1,SIMPEL
GUNUNG MAS MAHRAJA GURAH,1,SIMPEL
SINERGI CATALIS INDONESIA,1,SIMPEL
SOIL AGRO SOLUTION,1,SIMPEL
PELITA SAWIT NUSANTARA,1,SIMPEL
TANAHMERAH BERKAT BESTARI,1,SIMPEL
JAL SANI,1,SIMPEL
MANDIRI SAPROTAN JAYA,1,SIMPEL
MINARET CROWN ENERGY INTERNATIONAL,1,SIMPEL
BULAN BINTANG JAYA,1,SIMPEL
COKRO JOYO MITRA TANI,1,SIMPEL
PT. Barokah Pinilih Agrotama,1,SIMPEL
FITRIINDO LITE,1,SIMPEL
SUPRANUSA INDOGITA,1,SIMPEL
JAVANICA AGROSCIENCE INDONESIA,1,SIMPEL
KAYA ALAM INDUSTRI,1,SIMPEL
PRIMA PANCA AGRO,1,SIMPEL
PUPUK INDONESIA NIAGA,1,SIMPEL
PUTRA KEMBAR BINJAI,1,SIMPEL
DANGIANG SRI,1,SIMPEL
PT HIJAU BUMI INDONESIA,1,SIMPEL
PABRIK GULA RAJAWALI II,1,SIMPEL
RIZQI SEMESTA,1,SIMPEL
MAYANGKARA INDO TANAM,1,SIMPEL
CAHAYA AGROLEV KENCANA,1,SIMPEL
MUTU AGROBIOCHEM NUSANTARA,1,SIMPEL
GAHENDRA ABADI JAYA,1,SIMPEL
PEKEBUN SWADAYA KELAPA SAWIT LABUHANBATU,1,SIMPEL
TAKA SARANA TEKNO,1,SIMPEL
BIO AGRO LESTARI INDONESIA,1,SIMPEL
MUTIARA BENIH NUSANTARA,1,SIMPEL
PETRO BUMI HIJAU GRESIK,1,SIMPEL
BARDLIN PRAWARA LOKA,1,SIMPEL
TATA TANI INDONESIA,1,SIMPEL
MAHAMERU ASTANA SRIYA,1,SIMPEL
BERKAH AUTO SUKSES SEJAHTERA,1,SIMPEL
VIETINDO AGRO LESTARI,1,SIMPEL
SEHAT BUMI SEMESTA,1,SIMPEL
CV. BIR ALI JAYA,1,SIMPEL
SUMBER MAKMUR AGROINDO,1,SIMPEL
PT. FORMULA DISTRIBUSI KIMIA,1,SIMPEL
PRATAMA BUANA RAYA,1,SIMPEL
IRSYAM BINA FLORA,1,SIMPEL
SHANI PURA,1,SIMPEL
AGRO CULTURE,1,SIMPEL
MTW LAM BLANG,1,SIMPEL
BUNAYYA AGRI,1,SIMPEL
BINTANG WARNA,1,SIMPEL
SASA INTI,1,SIMPEL
CV. Bintang Berlian,1,SIMPEL
ZPT NATURE INDONESIA,1,SIMPEL
PUTRA KRUENG JREU,1,SIMPEL
JAYA ABADI JAYA,1,SIMPEL
PT. BIO MARAJA NUSANTARA,1,SIMPEL
KRT GREEN INDONESIA,1,SIMPEL
CV.MITRA FARM MAJU BERSAMA,1,SIMPEL
ZEE LORA GLOBAL INTERNASIONAL,1,SIMPEL
WASKITA INTI NUSANTARA,1,SIMPEL
CV. Flow Utama Nusantara,1,SIMPEL
GEMILANG AGRO AGRAMIN,1,SIMPEL
SOMPOAN SULAWESI SEJAHTERA,1,SIMPEL
PETRO BUMI HIJAU,1,SIMPEL
LAWOY BUMI ANUGERAH,1,SIMPEL
CAHAYA BUANA ASIA,1,SIMPEL
ETHAN GROUP,1,SIMPEL
PT. AWAL TIGA MANDIRI,1,SIMPEL
BIO SAMURAI JAPKORI,1,SIMPEL
SUNAN DRAJAT LAMONGAN,1,SIMPEL
CEPOGO AGRO LESTARI,1,SIMPEL
KARYA BIRU INOVASI,1,SIMPEL
HAYATI MAKMUR INDONESIA,1,SIMPEL
CV. GAZALA SEJAHTERA MADANI,1,SIMPEL
CIN KOREA NUSANTARA INDONESIA,1,SIMPEL
SUGI TEKNIK PANGAN,1,SIMPEL
CV JAYA FARMINDO,1,SIMPEL
CV. HMS GLOBAL,1,SIMPEL
WIJAYA SAKTI ABADI AGRIKULTUR,1,SIMPEL
BUANA HIJAU PRATAMA,1,SIMPEL
BAROKAH TANI JAYA BERSAMA,1,SIMPEL
DAKSA YEKTI PRATAMA,1,SIMPEL
DAVIANDRA NIAGA NUSANTARA,1,SIMPEL
AGRIMAS CITRA MANDIRI,1,SIMPEL
KARUNIA AGRI UTAMA,1,SIMPEL
MATAHARI AGRI BERSAMA,1,SIMPEL
PT Agri Timur Mas,1,SIMPEL
AL HADID DUA PULUH,1,SIMPEL
MAULANA WIJAYA MANDIRI,1,SIMPEL
PRODUKSI TERNAK MAJU SEJAHTERA,1,SIMPEL
AGRO TANI PERTIWI,1,SIMPEL
POLARIS ORBIT INDONESIA,1,SIMPEL
MEKAR TANI SUKSES,1,SIMPEL
HIDAYAH AGRO MULYA,1,SIMPEL
PT. KK Indonesia,1,SIMPEL
PT KREASI SADAWIRA UTAMA,1,SIMPEL
GEMA FAJAR NUSANTARA,1,SIMPEL
CV. SUMBER USAHA ABADI,1,SIMPEL
BIOCHEM INTI GLOBAL,1,SIMPEL
ZAHRA INDO GREEN FARMERS,1,SIMPEL
WASTEX TECHNOLOGY INDONESIA,1,SIMPEL
TANI AGRI SUKSES,1,SIMPEL
ANUGRAH LESTARI INDONESIA,1,SIMPEL
PT. Zamrud Bumi Indonesia,1,SIMPEL
UD. KASIHAN JAYA,1,SIMPEL
BINA ZHINOFA INDUSTRI,1,SIMPEL
AUMA MAJU JAYA,1,SIMPEL
ANEKA FLORA INDONESIA,1,SIMPEL
AGRO BERKAH MANDIRI JAYA,1,SIMPEL
CV ANANTA WINANGUN,1,SIMPEL
CV TOYOPAMA,1,SIMPEL
SATRIA GUNUNG SAKTI,1,SIMPEL
ZEO BENT AGRO,1,SIMPEL
YORIYUSAKIFA YUKI KOMPOS,1,SIMPEL
LEMBAH NUSA ALAM,1,SIMPEL
SURYA BAHARI PERSADA,1,SIMPEL
MAKASSAR AGRO MANDIRI,1,SIMPEL
TELSAP UTAMA,1,SIMPEL
TERRA BARU INDONESIA,1,SIMPEL
CIPTA ALAM MUKTI,1,SIMPEL
JEMBATAN MERAH INDAH,1,SIMPEL
ASRI JAYA RAYA,1,SIMPEL
PT. ARTHASIDDHI SUKSES ANUGERAH,1,SIMPEL
ARYSTA LIFESCIENCE TIRTA,1,SIMPEL
SEKAR SARI JAYA,1,SIMPEL
SRI DIPO NUSWANTORO,1,SIMPEL
MENARA AGRO PRIMA,1,SIMPEL
AGRO MUJIZAT INTEGRASI NUSANTARA,1,SIMPEL
LENTERA KENCANA ABADI,1,SIMPEL
CV. Bunga Agro Lestari,1,SIMPEL
SAMUDRA PUTRA SEJAHTERA,1,SIMPEL
BUNGA AGRO LESTARI,1,SIMPEL
SARI TANI,1,SIMPEL
BUMI MAKMUR SEJAHTERA LAMONGAN,1,SIMPEL
CHRISTDO TITIAN JAYA,1,SIMPEL
BLANG RAYA INDO,1,SIMPEL
SINAR BUKIT SIAUR,1,SIMPEL
AGRI NUSA TANI,1,SIMPEL
PUTRA MAKMUR BERJAYA,1,SIMPEL
TRASH FORMER INDONESIA,1,SIMPEL
PETERNAKAN MAJU BERSAMA,1,SIMPEL
SUSIANTO TANUDJAJA,1,SIMPEL
ARPINDO PERKASA,1,SIMPEL
AGROJAYA LESTARI,1,SIMPEL
SUWARNI GLOBAL PERSADA,1,SIMPEL
JAVA INDAH,1,SIMPEL
GHM FARM TECH,1,SIMPEL
NAGAMAS ARIF SEJATI,1,SIMPEL
FERTILE ECOGREEN INDONESIA,1,SIMPEL
SARI SUBUR LANGGENG JAYA,1,SIMPEL
J.J TIGA PUTRI AGRICA,1,SIMPEL
MEGA KARYA GRESIK,1,SIMPEL
KOPERASI PRODUSEN KARYA NUGRAHA JAYA KUNINGAN,1,SIMPEL
RIAU TANI BERSATU,1,SIMPEL
KEMINDO INTERNATIONAL,1,SIMPEL
PETROKIMIA GRESIK INDONESIA,1,SIMPEL
REJEKI AGRO INDONESIA,1,SIMPEL
PT FIRDAUS BERJAYA INDAH,1,SIMPEL
FIDEC CIRCLE INDONESIA,1,SIMPEL
DUA RODA AGRO TERPADU,1,SIMPEL
DJUARA TANI NUSANTARA,1,SIMPEL
PARAMA AGROINDUSTRI DANAPATI,1,SIMPEL
PUTRA SIHOBON JAYA,1,SIMPEL
CV. KIAT AGRO MANDIRI,1,SIMPEL
HARVANITA AGRO NUSA,1,SIMPEL
ANTASENA TAMBANG MAKMUR,1,SIMPEL
DUA POETRA JAYA AGROLINK,1,SIMPEL
BERKAH SUKSES TEKNOLOGI,1,SIMPEL
WILMA RAGAM INFOPEN,1,SIMPEL
RIAU PRIMA ENERGI,1,SIMPEL
DUPA WANGI FERTILINDO,1,SIMPEL
SUMBER BERKAH AGRO SANTOSA,1,SIMPEL
TERRA AGRO PERSADA,1,SIMPEL
CV. Mino Tangguh Mandiri,1,SIMPEL
DELTA ANUGRAH SUBUR SEJAHTERA,1,SIMPEL
ZHEN TIAN WANG SOUTH EAST ASIA BIOLOGICAL TECHNOLOGY,1,SIMPEL
SATYALOKA PARAMA SIDHI,1,SIMPEL
BYTER AGRICULTURE INDONESIA,1,SIMPEL
BERSAMA SATU TEGUH,1,SIMPEL
BIO POLLEN INDONESIA,1,SIMPEL
YUKI MINERALINDO PERSADA,1,SIMPEL
WIDAYA AGROKIMIA NUSANTARA,1,SIMPEL
KENCANA BHUMI SELARAS,1,SIMPEL
TRION GENI UTAMA NUSANTARA,1,SIMPEL
CV. Anugerah Prima Lestari,1,SIMPEL
ARIF FIZAH FERTILIZER,1,SIMPEL
AGROSMART,1,SIMPEL
HUMUS AGRO LESTARI,1,SIMPEL
NIAGA RAYA,1,SIMPEL
SANG SURYA INDAH,1,SIMPEL
PETROTECH INDO ENGINEERING,1,SIMPEL
ALGATROPIA INDONESIA RAYA,1,SIMPEL
WIJIMAS AGRI LESTARI,1,SIMPEL
PASAROA KREASI ANAK NEGERI,1,SIMPEL
EMJ AGRO NUSANTARA,1,SIMPEL
GLOBAL ALAM PERKASA GRUP,1,SIMPEL
CV. APDIL APDILAH SUPER BUAH,1,SIMPEL
KELAPA NUSANTARA GROP,1,SIMPEL
PERFEKTA LINTAS SEMESTA,1,SIMPEL
SERASI MAHARAYA INDONESIA,1,SIMPEL
SEMESTA ALAM INDO,1,SIMPEL
ST UNGGUL JAYA,1,SIMPEL
AGRANAS KARYA MANDIRI,1,SIMPEL
AGRO NIAGA SEJATI,1,SIMPEL
SULTAN AGRO NUSANTARA,1,SIMPEL
PUTRA ABIMANYU UTAMA,1,SIMPEL
LIM KOEI HOCK/UD SALIM JAYA,1,SIMPEL
PT CENTRANUSA INTI PRIMA INDUSTRY,1,SIMPEL
AGROLAND INDO SYNERGY,1,SIMPEL
SANG SURYA BERSINAR,1,SIMPEL
SARANA DAUN HIJAU,1,SIMPEL
PT. HARAKU JAYA SINERGY,1,SIMPEL
ABU NAWAS MEU ADAB,1,SIMPEL
TEKNO ORGANIK PAPUA,1,SIMPEL
CATUR INTI PERSADA,1,SIMPEL
TIRTA MITRA PRATAMA,1,SIMPEL
GAPOKTAN SUKA MAKMUR,1,SIMPEL
MPS ORGANIK SUPER,1,SIMPEL
SUMBER RAYA,1,SIMPEL
CLAREXINDO MAKMUR SEJAHTERA,1,SIMPEL
NUANSA INDORAYA PERKASA,1,SIMPEL
ALAM KIMIA BLITZ PERKASA,1,SIMPEL
NIAGA BERKAH ANUGRAH,1,SIMPEL
CV. Subur Makmur Nusantara,1,SIMPEL
QL AGROFOOD,1,SIMPEL
INTI MINERAL INDUSTRI,1,SIMPEL
BATARAGENI KARYA MANDIRI,1,SIMPEL
PERDANA AGRO PERSADA,1,SIMPEL
AGRO INDO MANDIRI,1,SIMPEL
TRI HARMONI ABADI,1,SIMPEL
RAINBOW AGROSCIENCES,1,SIMPEL
CV.BERNAS ANDALAN SEJATI,1,SIMPEL
PANCA MULYA TANIMAS LESTARI,1,SIMPEL
BINTANG BERLIAN,1,SIMPEL
AGRO LESTARINDO,1,SIMPEL
BAROKAH ABADI TANI,1,SIMPEL
DNA TECHNOLOGY INDUSTRI,1,SIMPEL
CV AGRO SENTOSA ABADI,1,SIMPEL
CV. LESTARI INTI AGRO,1,SIMPEL
HIDAYAT BINTANG ASIA,1,SIMPEL
MORAWA ORGANIK,1,SIMPEL
MANDIRI DASAR UTAMA,1,SIMPEL
PT Biodiversitas Bioteknologi Indonesia,1,SIMPEL
TIGA KREASI BERSAMA,1,SIMPEL
PT. BERKAT KARUNIA DAMAI,1,SIMPEL
SAHABAT TANI TV,1,SIMPEL
MEKAR SARI JAYA,1,SIMPEL
ASPA SEMBILAN TUJUH FARMER INDUSTRY,1,SIMPEL
CV. ZEO BENT INDONESIA,1,SIMPEL
BHETOCHAR ENERGI NUSANTARA,1,SIMPEL
YKB MERAH PUTIH,1,SIMPEL
BATARA SUBUR TANI,1,SIMPEL
MONTREAL JAYA INDO,1,SIMPEL
KUR AGRO LESTARI,1,SIMPEL
SURYAPRATAMA CITRALESTARI,1,SIMPEL
MUKTI GRAHA PERKASA,1,SIMPEL
INDO FERT CORP,1,SIMPEL
CV. Rimba Jaya,1,SIMPEL
GRESIK GOLD BLESSING,1,SIMPEL
LAHAN MAS MEKAR,1,SIMPEL
SEMBILAN JAYA ABADI RESOURCES,1,SIMPEL
ARTA PUTRI,1,SIMPEL
CV. PRIMA SAKTI,1,SIMPEL
BUKIT MAS MURTI PERSADA,1,SIMPEL
BERKAH BUMI BARU,1,SIMPEL
NS CROPS ORGANIC,1,SIMPEL
ALOVE BALI IND,1,SIMPEL
APDIL APDILAH SUPER BUAH,1,SIMPEL
JASARESI MANDIRI,1,SIMPEL
PT. SETIA ALAM SINERGI,1,SIMPEL
TRIASPUTRA AGRO MAJU SEJAHTERA,1,SIMPEL
BUMI SRIWIJAYA INDONESIA,1,SIMPEL
BERSAMA AGRI MAKMUR,1,SIMPEL
PT Cipta Ulang Sumberdaya Indonesia,1,SIMPEL
DEWI MURNI SAMPURNA,1,SIMPEL
TRANS BUMI SUBUR SEJAHTERA,1,SIMPEL
WINON INTERNATIONAL,1,SIMPEL
UD Jonhson,1,SIMPEL
MAJJAMA AGRO INDUSTRI,1,SIMPEL
MEGA KIMIA INDUSTRI,1,SIMPEL
TUNAS MAKMUR JAYA ABADI,1,SIMPEL
AGROABADI MAKMUR PERSADA,1,SIMPEL
MITRA TANINDO,1,SIMPEL
ARTHASIDDHI SUKSES ANUGERAH,1,SIMPEL
DEWADARU KARYAUTAMA JAYA,1,SIMPEL
INFINITI SUMBER ALAM,1,SIMPEL
TUNAS LESTARI ALAM INDAH,1,SIMPEL
PRAMUDITA DARYA PARMA,1,SIMPEL
LIBO FARMING,1,SIMPEL
PT DYNAPHARM NUSANTARA GEMILANG,1,SIMPEL
SAMOR ARGA MAKMUR,1,SIMPEL
INTIDAYA AGROLESTARI,1,SIMPEL
CV.JABAL REZKI,1,SIMPEL
ZENTIDE BIOTEKNOLOGI GLOBAL,1,SIMPEL
CIWANGI NUTRISI TANAMAN,1,SIMPEL
ARJUNA GRESIK BUMI PERKASA,1,SIMPEL
PT. NUSANTARA AGRO FARMA,1,SIMPEL
CANTIGA,1,SIMPEL
MANDIRI CEMERLANG ABADI,1,SIMPEL
SEDAYA AGRO,1,SIMPEL
PT UNGGUL SEJAHTERA PERTANIAN,1,SIMPEL
PELITA SUSUN BENTANG ORGANIK,1,SIMPEL
PT GLOBAL GROWTH,1,SIMPEL
PRINALTIA JUNTA PERKASA,1,SIMPEL
BELERANG GUNUNG KAWAH IJEN,1,SIMPEL
INSAN LESTARI,1,SIMPEL
MUNCUL BERKAH TANI,1,SIMPEL
UD. HARAPAN ABADI,1,SIMPEL
PABRIK GULA RAJAWALI I,1,SIMPEL
ZAQ INDONESIA,1,SIMPEL
SURYA SEMI SENTOSA,1,SIMPEL
BIOKLANTEK NUSANTARA,1,SIMPEL
GEUSAN WIRA PERKASA,1,SIMPEL
DAVARI ANUGERAH SEJAHTERA,1,SIMPEL
PT. Kemoza Mandiri Grup,1,SIMPEL
WIRA ADHI SATYA PERTIWI,1,SIMPEL
BUMI LAVANAA AGRO INDUSTRI,1,SIMPEL
SINAR MAS AGRO RESOURCES AND TECHNOLOGY,1,SIMPEL
BIO BATARA JAYA,1,SIMPEL
WILIS MULYO NUSWANTORO JOYO,1,SIMPEL
INDOHAYATI AGRO SEJAHTERA,1,SIMPEL
RAHMA JAYA,1,SIMPEL
PT. BLANG THOEI LUAH,1,SIMPEL
ORCHID GLOBAL MAKMUR,1,SIMPEL
CV. Marson Syah,1,SIMPEL
HAFISA ANUGERAH MAKMUR,1,SIMPEL
TRUBUS MAS LESTARI,1,SIMPEL
IKASHI SABDA AGUNG,1,SIMPEL
NAVATI GEMILANG MANDIRI,1,SIMPEL
TATANAN ALAM SEGAR,1,SIMPEL
ARGO WIRA BUANA,1,SIMPEL
IJO,1,SIMPEL
SINAR JAYA SAE,1,SIMPEL
BIO NUSA LESTARI,1,SIMPEL
MUTIARA ZIOSOVIQ,1,SIMPEL
RAMBATE RATAHAYU,1,SIMPEL
DEWI,1,SIMPEL
SUMBER PANGAN GRESIK,1,SIMPEL
KUDJANG PUTRA PRATAMA,1,SIMPEL
ADHI MANGGALA,1,SIMPEL
FAN JAYA MANUNGGAL,1,SIMPEL
AGROTANI,1,SIMPEL
NAWASENA UNGGUL SANTOSA,1,SIMPEL
KARYA ALAM SUKSES,1,SIMPEL
MADUBARU,1,SIMPEL
PUTRA JAYA RAHARJA,1,SIMPEL
SURYA NUSA PERKASA,1,SIMPEL
HERKREASI,1,SIMPEL
VALENTA JAYA BERSAMA,1,SIMPEL
PT. LAJU PERSADA UTAMA,1,SIMPEL
CV. RIAU AGROFERT,1,SIMPEL
ANAGATA AGRO ABADI,1,SIMPEL
ARINAKI MULIA BERSAMA,1,SIMPEL
RIMBA ALAM NUSANTARA,1,SIMPEL
CLEAN AND WELL PACK INDONESIA,1,SIMPEL
PT. DAHLIAH DUTA UTAMA,1,SIMPEL
BIN ZEIN AGRICULTURE,1,SIMPEL
BERLIAN ANUGERAH JAYA,1,SIMPEL
HUMACARE INDONESIA ABADI,1,SIMPEL
CV. MANUNGGAL ABADI SENTOSA,1,SIMPEL
HERDANIC AFDA DIHESA,1,SIMPEL
CV. INDAH PRATAMA SARI,1,SIMPEL
KK INDONESIA,1,SIMPEL
SEMANGAT BERSAMA ENTREPRENEURSHIP,1,SIMPEL
ARMAFAN BAKTI SESAMA,1,SIMPEL
LEGASI ALAM INDONESIA,1,SIMPEL
"TANI JAYA, UD",1,SIMPEL
GUNUNG DONO PUTRA,1,SIMPEL
CV. DITAMA RAYA,1,SIMPEL
DELTA FORTUNA,1,SIMPEL
ALAM SEMESTA TEKHNOVASI,1,SIMPEL
LABEZAR UTAMA INDONESIA,1,SIMPEL
BENATA,1,SIMPEL
ANDALAS DOLOMIT SEJAHTERA,1,SIMPEL
NUSANTARA TETAP JAYA,1,SIMPEL
BASIMBAH TANI SYAHDILATA,1,SIMPEL
MITRA KREASIDHARMA,1,SIMPEL
SUMBER MULYA GRAND ORGANIK,1,SIMPEL
MITRA GRESIK INDONESIA,1,SIMPEL
EMIRA AGRITANI,1,SIMPEL
ASIA PACIFIC MARKETING INTERNATIONAL,1,SIMPEL
ASIA PACIFIC RAYON,1,SIMPEL
CV. PONDANGI,1,SIMPEL
DUTA AGRO LESTARI,1,SIMPEL
PUPUK KELAPA SAWIT JAYA,1,SIMPEL
CV. Argo Pundi Lestari,1,SIMPEL
MAHKOTA JAYA RAYA,1,SIMPEL
ARTHA BUANA MANDIRI,1,SIMPEL
JAYA MAKMUR SENTAUSA,1,SIMPEL
PUTRO JOYO GROUP,1,SIMPEL
PT. POLOWIJO GRAHA NIAGA,1,SIMPEL
TASMA PUJA,1,SIMPEL
CV. BINA AGRO PACIFIC,1,SIMPEL
BUMI MAKMUR,1,SIMPEL
EKOTANI SINAR ANUGERAH,1,SIMPEL
LAMPOH LADA,1,SIMPEL
GROWING PLANTS INTERNASIONAL,1,SIMPEL
ALAMI ORION AGROTAMA,1,SIMPEL
CV. Sinar Agro Sejati,1,SIMPEL
ENERGI AGRO NUSANTARA,1,SIMPEL
DASA VAYU ALAM SARI,1,SIMPEL
NETA AGRINDO SANTOSA,1,SIMPEL
BIMA JAYA FARM,1,SIMPEL
BANGBARA SADULUR MAKMUR,1,SIMPEL
KOPERASI PRODUSEN BRAHMAN SEJAHTERA SUBANG,1,SIMPEL
ETONG CHEMICAL INDONESIA,1,SIMPEL
JAYA PERKASA,1,SIMPEL
EVA SUKSES MAKMUR,1,SIMPEL
DARMAWANGSA PUTRA,1,SIMPEL
IRQ MAKMUR JAYA,1,SIMPEL
RIZKI FERTILA SEJAHTERA,1,SIMPEL
PT Tri Dharma Internasional,1,SIMPEL
CV. Putri Gresik,1,SIMPEL
RODAME INDONESIA,1,SIMPEL
PESONA HERBAL INDONESIA,1,SIMPEL
KARYA MANUNGGAL JAYA,1,SIMPEL
CV. AL HADID 20,1,SIMPEL
BERKAH ALAM GEMILANG,1,SIMPEL
HAYATI MAKMUR NUSANTARA,1,SIMPEL
SEJAHTERA ABADI,1,SIMPEL
BIOTEK AGRI LESTARI,1,SIMPEL
ARWANA TANI MAKMUR,1,SIMPEL
TIRTA UTAMA GLOBAL,1,SIMPEL
OMTEC PRIMA MANDIRI,1,SIMPEL
MULIA REZEKI ABADI,1,SIMPEL
NUTRISI INDONESIA RAYA,1,SIMPEL
TRIJAYA ANUGRAH SENTOSA,1,SIMPEL
Yayasan Pemilahan Sampah Temesi,1,SIMPEL
DHARMA PERTIWI,1,SIMPEL
PT.LINTAS INDO SEJAHTERA,1,SIMPEL
BIO DITA ORGANIK,1,SIMPEL
CV. Cipta Agrifarmerindo,1,SIMPEL
GREEN PHOSKA SEJAHTERA,1,SIMPEL
CV. CEMIKA OPTIMA,1,SIMPEL
PT. BIO INOVASINDO HAYATI,1,SIMPEL
PT.Madura Guano,1,SIMPEL
MAKMUR JAYA AGRO,1,SIMPEL
FORMULA DISTRIBUSI KIMIA,1,SIMPEL
KELOMPOK USAHA BERSAMA SIDO TENTREM,1,SIMPEL
KUMISIK BERKAH SEJAHTERA,1,SIMPEL
REJEKI INDO AGROTEC,1,SIMPEL
PT. KARYA ALAM SUKSES,1,SIMPEL
SUMITOMO INDONESIA,1,SIMPEL
SUPER GRADE ROSINDO,1,SIMPEL
PT. NUANSA INDORAYA PERKASA,1,SIMPEL
MAHAJAYA MULTI SINERGI,1,SIMPEL
PT. Hikari Agro Indonesia,1,SIMPEL
PT DIANATA ADIKARYA SENTOSA,1,SIMPEL
COKRO JOYO PASTI CUAN,1,SIMPEL
SOLUSI AGRONUSA PRATAMA,1,SIMPEL
MINERAL JAYA ALAM NUSANTARA,1,SIMPEL
DAHLIAH DUTA UTAMA,1,SIMPEL
BAHAGIA JAYA SINERGY,1,SIMPEL
SURYA BUMI ADILMAKMUR,1,SIMPEL
SIMAR ALAM BERKAH,1,SIMPEL
CV BIO SENTRATAMA,1,SIMPEL
ANUGRAHA ALAM SENTOSA,1,SIMPEL
ESA ILHAM PERSADA,1,SIMPEL
MARCO JAYA SEJAHTERA,1,SIMPEL
MITRA TEMASEK NUSANTARA,1,SIMPEL
AURORA SABANGSATIA,1,SIMPEL
CIPTA MAKMUR BERSAMA,1,SIMPEL
PT.BINTANG ANANDA MANDIRI,1,SIMPEL
EMINEN GLOBALINDO RAYA,1,SIMPEL
ADAMAS ASABHUMI,1,SIMPEL
SENTRA PETERNAKAN RAKYAT (SPR),1,SIMPEL
ORGANIC FARMING INDONESIA,1,SIMPEL
MADA PUTRA NUSANTARA,1,SIMPEL
AGROTIS GAIA INDONESIA,1,SIMPEL
ULI AGRO MAKMUR,1,SIMPEL
EBISU GLOBALTRADING INDONESIA,1,SIMPEL
CAKRA DHARMA USAHA,1,SIMPEL
SAUNG AGRO NUSANTARA,1,SIMPEL
BIAN JAYA MAKMUR,1,SIMPEL
MAJU JAYA,1,SIMPEL
REGENERASI KEHIDUPAN NUSANTARA,1,SIMPEL
PT BANDUNG ECO SINERGI TEKNOLOGI,1,SIMPEL
NAZRAH AGRO MANDIRI,1,SIMPEL
TIARA AGRO HITA KENCANA,1,SIMPEL
PALAPA GRESIK,1,SIMPEL
PANGAN INDO MAJU ABADI,1,SIMPEL
PT. Anugerah Sarana Hayati,1,SIMPEL
PT. Sri Munarti Supakat Indoputra,1,SIMPEL
BUKIT KAPUR ALAM RAYA,1,SIMPEL
CV. ANUGERAH BERSAMA,1,SIMPEL
INOVASI ANAK INDONESIA,1,SIMPEL
CITRA ANUGRAH MALINOTAMA,1,SIMPEL
AGRO GALBA RABUKA,1,SIMPEL
PT. BIOTEK AGRO INDONESIA,1,SIMPEL
PERSADA HIJAU,1,SIMPEL
DELTAGRO MULIA SEJATI,1,SIMPEL
SUMINDO,1,SIMPEL
HARVEST BERKAH ABADI,1,SIMPEL
AGRO INVESTAMA LESTARI,1,SIMPEL
PUPUK AGRO JAYA,1,SIMPEL
PUTRA KURNIA MAS,1,SIMPEL
PT KIBO AGRI JAYA,1,SIMPEL
MAHA DWIPA NUSANTARA,1,SIMPEL
SEPAKAT GLOBAL,1,SIMPEL
MAKMUR BUMI ABADI,1,SIMPEL
NIRANKARA MAKMUR AGRO,1,SIMPEL
TAWANG AGRO FARM,1,SIMPEL
PESONA PETANI NUSANTARA,1,SIMPEL
GALIH JATI,1,SIMPEL
TIMAN AGUNG,1,SIMPEL
BANGKIT SOLUSI AGRINDO,1,SIMPEL
SUNJOY AGRO INDONESIA,1,SIMPEL
HARI AGRO HAYATI,1,SIMPEL
LOBO KRIS UNIKKA,1,SIMPEL
SYNGENTA INDONESIA,1,SIMPEL
ASA MANDIRI SEJAHTERA,1,SIMPEL
TARUM SINERGI INDONESIA,1,SIMPEL
MULIA AGRO SEJAHTERA,1,SIMPEL
CIPTA USAHA SANTOSA,1,SIMPEL
SUBURI PUTRA MANDIRI,1,SIMPEL
CV. HANGSON,1,SIMPEL
CIHURIP AGRO NUSA,1,SIMPEL
TANIKITA BERKAH,1,SIMPEL
MITRA TERBAIK NUSANTARA,1,SIMPEL
CV.PRATAMA LESTARI,1,SIMPEL
BARATAYUDA AGRO TANI,1,SIMPEL
SUMBER ALAM REJEKI,1,SIMPEL
RJ MANDIRI,1,SIMPEL
PT PERSADA PUPUK INDONESIA,1,SIMPEL
TAN TJUN HOA/UD. NAGA MAS SAKTI,1,SIMPEL
CV. Wahana Putra Mandiri,1,SIMPEL
AGRO RIZVIK PRADANA,1,SIMPEL
H.C.S. POWERINDO,1,SIMPEL
ULTRAMIC INDONESIA,1,SIMPEL
SEMULUR JAYA MAKMUR,1,SIMPEL
CV. INDO SAMADA,1,SIMPEL
BIO HARUN INDONESIA,1,SIMPEL
INAMAS ANUGERAH SEMESTA,1,SIMPEL
TOKYO DELAPAN INDONESIA,1,SIMPEL
PLANTSAFE FERTILIZER INDONESIA,1,SIMPEL
ALAMO GREENLIFE INTERNATIONAL,1,SIMPEL
INOVASI NAGA LAUT BIRU,1,SIMPEL
RICH DIGITAL NATURE,1,SIMPEL
MOZAIKS JAYA MAKMUR,1,SIMPEL
DAYA MERRY PERSADA,1,SIMPEL
BERKAH FIQRI KERINCI,1,SIMPEL
AGRO MUSTIKA ABADI,1,SIMPEL
DAESANG INGREDIENTS INDONESIA,1,SIMPEL
DEDANDU UTAMA,1,SIMPEL
PADI DAMAI BALI,1,SIMPEL
INOVASI TANI ALHIDAYAH GORONTALO,1,SIMPEL
OMYA DISTRIBUTION INDONESIA,1,SIMPEL
PT. MULYO TANI MAKMUR,1,SIMPEL
SARI JAYA AGRO,1,SIMPEL
BADAN USAHA MILIK PETANI (BUMP) PT. PENGAYOM TANI SEJAGAD,1,SIMPEL
IJO INOVASI INDONESIA,1,SIMPEL
MITRA SABDA,1,SIMPEL
AKHTARINDO CHEMICAL SPECIALIST,1,SIMPEL
GLOBAL NUTRI AGRINUSA,1,SIMPEL
CV. Hattara Citra Argo,1,SIMPEL
CV. BERKAH MAKMUR NUSANTARA,1,SIMPEL
BUMI ASIH LELUHUR,1,SIMPEL
PT. TANCIMAS WISIN JAYA,1,SIMPEL
AGRO UNGGUL,1,SIMPEL
AGAR SARI JAYA,1,SIMPEL
MITRA CIPTA AGRO,1,SIMPEL
KOPERASI KONSUMEN KSM SEHAT SEJAHTERA,1,SIMPEL
TOMATEC INDONESIA,1,SIMPEL
TRINITY MULTI,1,SIMPEL
BUMI NOTO ROGO,1,SIMPEL
CV BINA AGRO JAYA MAKMUR,1,SIMPEL
SINAR MUTIARA GRESIK,1,SIMPEL
SUMBER INTI CEMERLANG,1,SIMPEL
ALAM PERKASA JAYA,1,SIMPEL
PT.CITRA GIZEL MANDIRI,1,SIMPEL
JASA TANI SUBUR,1,SIMPEL
CAHAYA BARU,1,SIMPEL
BUMI ALAM JATI,1,SIMPEL
ADHIESTA NUGRAHA,1,SIMPEL
CV. Maju Dua Sahabat,1,SIMPEL
NUVALA MAKMUR SEJAHTERA,1,SIMPEL
ARTHA MUARA FERTILIZER,1,SIMPEL
CV. Mandiri Massadidu,1,SIMPEL
ANUGERAH TANI MAKMUR,1,SIMPEL
PLANET CHEMICALS,1,SIMPEL
ANUGRAH TUNAS MANDIRI,1,SIMPEL
INSAN TANI MANDIRI,1,SIMPEL
PT. GRESIK NUSANTARA FERTILIZER,1,SIMPEL
NOGYO ALAM SWASTIKA,1,SIMPEL
PT. DUWIPA AGRO PERSADA,1,SIMPEL
KARYA KOMPOS ORGANIK,1,SIMPEL
MANDALA AGRO MAKMUR,1,SIMPEL
CV. INDOZEZAR,1,SIMPEL
MUTIARA TIMUR GRESIK,1,SIMPEL
PT Pupuk Agung Sentosa,1,SIMPEL
SAMRSAR,1,SIMPEL
THIA ORGANIK,1,SIMPEL
KARWALIP ROCHIS INDONESIA,1,SIMPEL
BINANGUN GEMILANG SEMBADA,1,SIMPEL
CATUR KARTIKA JAYA,1,SIMPEL
SAMBONG PUTRA MARGO UTOMO,1,SIMPEL
NUSANTARA AGRO HAYATI,1,SIMPEL
MAS LESTARI INDONESIA,1,SIMPEL
TANIRA YASA UTAMA,1,SIMPEL
AGRO MAKMUR BERSAMA,1,SIMPEL
EUREEKA INDONESIA,1,SIMPEL
WULAN PUPUK INDONESIA,1,SIMPEL
YUDHA PERDANA ANGESTI,1,SIMPEL
ENNO CORPORATION,1,SIMPEL
ARGA TANI MANDIRI,1,SIMPEL
CARIU AGRO NATURA,1,SIMPEL
JIVA AGRICULTURE INDONESIA,1,SIMPEL
RAJA BORNEO FARM,1,SIMPEL
MINERINDO TRIFABUANA,1,SIMPEL
LUAS ARUNG SEJAHTERA,1,SIMPEL
MITRA TANI MAKMUR,1,SIMPEL
PT SURYA JAYA PRAKARSA SELARAS,1,SIMPEL
WAHANA ALAM INDONESIA,1,SIMPEL
CV. MEISA ADELIA PRIMA PRO,1,SIMPEL
BIO AGRI LINK,1,SIMPEL
SUKA BUMI LESTARI,1,SIMPEL
PATAQU USAHA EXELEN,1,SIMPEL
PT. ROJO KOYO MANUNGGAL GROUP,1,SIMPEL
ANISA AGRO LESTARI,1,SIMPEL
KITA TUMBUH SUBUR,1,SIMPEL
PT. Bahra Eco Semesta Tani,1,SIMPEL
UNIVERSAL BIOGRO AGRO,1,SIMPEL
DIENG AGRO VANJAVA,1,SIMPEL
BUMI SUBUR UTAMA,1,SIMPEL
RAWWA ROUNDTEC INDONESIA,1,SIMPEL
RAHMAD JAYA SANTOSO,1,SIMPEL
CV. Baraya Maju Bersama,1,SIMPEL
PANCARAN DARMA FARMINDO,1,SIMPEL
MARGO UTOMO MULYO,1,SIMPEL
PT. LINGGA HSB ABADI,1,SIMPEL
PT. KAPUR PUTIH LAMPUNG,1,SIMPEL
KERAMBITAN AGRO,1,SIMPEL
SORIK ANGKOLA SINERGI,1,SIMPEL
SUWARNADWIPA GREEN FERTILIZER,1,SIMPEL
INDAGRO,1,SIMPEL
MULIA SUKSES ABADI SENTOSA,1,SIMPEL
PT. ARYA SUPRA NUGRAHA,1,SIMPEL
EKADWI SELO UNGGUL,1,SIMPEL
CV. KANA MAKMUR,1,SIMPEL
AGROBION SEJAHTERA,1,SIMPEL
SEKAWAN JAYA BESTINDO,1,SIMPEL
NATURAL EVERGREEN ORGANIK,1,SIMPEL
NUSANTARA AGRO FARMA,1,SIMPEL
DINAR MULIA LESTARI,1,SIMPEL
PT. Amory Multi Quality,1,SIMPEL
PT JAVA MINING FERTILIZO,1,SIMPEL
TUMBUH SUBUR MAKMUR,1,SIMPEL
SUBUR INDO AMERTA,1,SIMPEL
PT. ARENA AGRO UTAMA,1,SIMPEL
BENGKEL MIMPI NUSANTARA,1,SIMPEL
PT. SEKAWAN MAJU BERSAMA PRIMA,1,SIMPEL
SAKTI BERJAYA,1,SIMPEL
PT. Pupor Sejahtera Makmur,1,SIMPEL
MANDRAGUNA PUSAKA INDONESIA,1,SIMPEL
CV. AGRO BIO ORGANIK,1,SIMPEL
ANTARES MULTI ENERGI,1,SIMPEL
REZKY BERSAUDARA,1,SIMPEL
KAMPAR SYNERGI ABADI,1,SIMPEL
SINAR AGRI UTAMA,1,SIMPEL
PT. Berkah Indonesiaraya Sukses,1,SIMPEL
TOBA AGRO CHEMICAL,1,SIMPEL
AGRIVEST ALAM ASIA,1,SIMPEL
LAKSMANA MULIA SENTOSA,1,SIMPEL
PT. VIBEST SUKSES ABADI,1,SIMPEL
MUSTIKA TANAH NUSANTARA,1,SIMPEL
AJE PRATAMA GEMILANG,1,SIMPEL
PT. ANUGRAHA ALAM SENTOSA,1,SIMPEL
AGROSINDO UTAMA,1,SIMPEL
CV. DUTA MAS PADJADJARAN,1,SIMPEL
RESEP MAKMUR JAYA,1,SIMPEL
CAHYA TANI INDONESIA,1,SIMPEL
PUTRA PATIKALA MAJU,1,SIMPEL
PETRO PUPUK KIMIA,1,SIMPEL
ANGSA MAS JAYA,1,SIMPEL
PT. MANDALA PRATAMA NUSANTARA,1,SIMPEL
TRUBUS SWADAYA,1,SIMPEL
ARFADA TIGAPUTRA BUDIWIBOWO,1,SIMPEL
AZKA MANDIRI,1,SIMPEL
ST. MANDIRI,1,SIMPEL
CV. SURYA INDAH MULIA,1,SIMPEL
CV . Berkah Tani Mandiri,1,SIMPEL
TRIJAVA MAJU BERSAMA,1,SIMPEL
BINA TANI MULIA,1,SIMPEL
BERKAH TANI PERKASA,1,SIMPEL
GOPIN TEGAR ABADI,1,SIMPEL
PRIMASID ANDALANUTAMA,1,SIMPEL
BAWANA INDO UNIVERSAL,1,SIMPEL
PT. Bilquis Jaya Perkasa,1,SIMPEL
ECONOVA PRIMA INTERNATIONAL,1,SIMPEL
GLORIENTA MINERAL PERKASA,1,SIMPEL
MARIO MARAJA,1,SIMPEL
AGRARIA SENTOSA NUSANTARA,1,SIMPEL
ERAKARYA PUPUK LESTARI,1,SIMPEL
BIO DEMETER SUBUR BERKAH,1,SIMPEL
AMINDOWAY JAYA,1,SIMPEL
PT. TEKNO INOVASI ASIA,1,SIMPEL
MAJULAH SOLUSI PARAGON,1,SIMPEL
PASCAL BIOTECH INDONESIA,1,SIMPEL
PT. Dewi Samudra Bumi Makmur,1,SIMPEL
NAZA AGRO'S,1,SIMPEL
GANCARGEMILANG JAYASAKTI,1,SIMPEL
INOVASI JAYA ORGANIK,1,SIMPEL
LESAFFRE SARI NUSA,1,SIMPEL
PUTRA ANANDIRI,1,SIMPEL
MITRA AGRONIAGA NUSANTARA,1,SIMPEL
TION AGRO NUSANTARA,1,SIMPEL
ARTHA TANI UNGGUL,1,SIMPEL
POESRI RAYA,1,SIMPEL
PT. SINAR MAKMUR ORGANIK,1,SIMPEL
SETIA AGUNG SINERGI,1,SIMPEL
CV Trubus Mas Lestari,1,SIMPEL
KIMIA KARYANUSA CARAKA,1,SIMPEL
PT. WAHANA MAKMUR BERSAMA,1,SIMPEL
ENVITEC MULTI INDONESIA,1,SIMPEL
BERNIAGA SINERGI NUSANTARA,1,SIMPEL
BERDI ORGANIK INTERNASIONAL,1,SIMPEL
GOLDEN PLANTER INDONESIA,1,SIMPEL
INTI TANI NIAGA,1,SIMPEL
MASARO SENTRA MAKMUR,1,SIMPEL
TUAH INDATU,1,SIMPEL
LENTERA WIJAYA,1,SIMPEL
ASIA GALA KIMIA,1,SIMPEL
PONDOK PESANTREN ASSALAFIE,1,SIMPEL
CENTRAL INDO PRIMA GROUP,1,SIMPEL
MULIA AGRO HAYATI,1,SIMPEL
CV. AGRO MITRA SEJAHTERA,1,SIMPEL
HAYATI FORTUNA INDONESIA,1,SIMPEL
PUPUK SUBURKAN NEGERI,1,SIMPEL
CV SUNDAG AGRO FERTILIZER,1,SIMPEL
KSM SEHAT SEJAHTERA,1,SIMPEL
MUTIARA MAS,1,SIMPEL
DWI AGRO MANUNGGAL,1,SIMPEL
WAHANA ORGANIK MULIAJAYA,1,SIMPEL
ORSINIL INDO MITRA PATEN,1,SIMPEL
JAVA AGRO SEMESTA,1,SIMPEL
BIOPOR SINERGY NUSANTARA,1,SIMPEL
UDKHABI BUN NAJAR,1,SIMPEL
KOPERASI JASA PUSLIT KELAPA SAWIT,1,SIMPEL
KURNIA AGRO LESTARI,1,SIMPEL
RASYA RIZKI PRATAMA PHD,1,SIMPEL
RAMIN MINERAL JAYA,1,SIMPEL
ACE BIO CARE,1,SIMPEL
SALIMAS CITRA KENCANA,1,SIMPEL
PT. BAHAGIA JAYA INDO,1,SIMPEL
ROYAL AGRO INDONESIA,1,SIMPEL
PT. Sinar Deli Mandiri,1,SIMPEL
PT Buana Hijau Pratama,1,SIMPEL
JAGAD SUMBER MAKMUR,1,SIMPEL
GERDU GENENG SIDAYU,1,SIMPEL
POWER NIAGA SUKSES,1,SIMPEL
MITRA TANI SEMESTA,1,SIMPEL
PT. SEMERU JAYA GEMILANG,1,SIMPEL
CV. Semangat Baru Agro,1,SIMPEL
SINAR AGRO MULTIHARA,1,SIMPEL
SANTANI AGRO MANDIRI,1,SIMPEL
MIKHA TANINDO MAKMUR,1,SIMPEL
PUPUK KARYA POLOWIJO,1,SIMPEL
BERKAT HIJAU SUBUR MELIMPAH,1,SIMPEL
SANYO TRADING INDONESIA,1,SIMPEL
MAKMUR AGRISARANA,1,SIMPEL
AGRO ANDALAS JAYA,1,SIMPEL
PT BERKAH MANDIRI SEJATI,1,SIMPEL
SUBU GREEN INDONESIA,1,SIMPEL
PT CHEIL JEDANG INDONESIA,1,LEGACY
CV. MANDIRI PANGAN SEJAHTERA,1,LEGACY
CV.TRI MULTI DAYA.,1,LEGACY
PT. Kristalindo Karunia Internasional,1,LEGACY
PT. AGRO BIO KEMINDO,1,LEGACY
PT PALMARIN AGRO INDONESIA,1,LEGACY
PT. ADAMAS ASABHUMI,1,LEGACY
CV. Deka Agro Product,1,LEGACY
PT Kertopaten Agro Sejahtera,1,LEGACY
PT BIOZYM PRATAMA,1,LEGACY
PT. Mega Tri Utama,1,LEGACY
PT. Agro Max Asia,1,LEGACY
PT. Agri Jaya Manggala,1,LEGACY
PT. Sri Dipo Nuswantoro,1,LEGACY
PT BIO PLANMATE INDONESIA,1,LEGACY
CV. BOMA SAKTI TANI,1,LEGACY
PT. Multidaya Putra Sejahtera,1,LEGACY
CV. AGRO BISNIS INDONESIA,1,LEGACY
PT Ambagiri Nusantara,1,LEGACY
PT. DRAGON PUPUK INDONESIA,1,LEGACY
PT Bukit Mas Murti Persada,1,LEGACY
PT.Sumberaya Kendimasindo,1,LEGACY
CV. Sinar Agung,1,LEGACY
PT. ARTHA MAKMUR ABADI,1,LEGACY
PT. MITOKU SUKSES MAKMUR,1,LEGACY
PT. QL Agrofood,1,LEGACY
PT Bursatani Global Niaga,1,LEGACY
CV. Subur Makmur Sejahtera,1,LEGACY
PT Lautan Luas Tbk,1,LEGACY
CV. Dewi,1,LEGACY
PT Prosper Biotech Indonesia,1,LEGACY
PT. Biotrack Technology Indonesia,1,LEGACY
CV JAYA SRI BERSAMA,1,LEGACY
PT PRIMA AGRO MANDIRI,1,LEGACY
PT DOBEL F JAYA,1,LEGACY
PT.PRAMUDITA DARYA PARMA,1,LEGACY
CV. HERBASARI,1,LEGACY
PT. Agrofarm Nusa Raya,1,LEGACY
PT.WONDERINDO PHARMATAMA,1,LEGACY
CV. Tani Hijau LestariI,1,LEGACY
PT. AGRO TANI MAJU SEJAHTERA,1,LEGACY
PT. NUSA PALAPA GEMILANG,1,LEGACY
PT.NOVELVAR,1,LEGACY
CV. Rahayu,1,LEGACY
CV. Organic Farming Indonesia,1,LEGACY
PT. Kamar Maeso Harapan,1,LEGACY
PT NUTRIMAS AGRO INDONESIA,1,LEGACY
CV. SURYA TANI TIMUR SANTOSA,1,LEGACY
CV. JAVA INDAH,1,LEGACY
PT PUPUK KELAPA SAWIT JAYA,1,LEGACY
PT Tunas Makmur Jaya Abadi,1,LEGACY
CV MANUNGGAL ABADI SENTOSA,1,LEGACY
UD. Primaagro,1,LEGACY
CV. Bakti Alam Nusantara,1,LEGACY
PT.PROPADU KONAIR TARAHUBUN,1,LEGACY
PT. Intidaya Agrolestari,1,LEGACY
CV. Agro Santanindo,1,LEGACY
Ud.sarana tani utama,1,LEGACY
PT Arindo Utama Perkasa,1,LEGACY
CV. Tresno Bumi Lestari,1,LEGACY
CV. Sejahtera Abadi,1,LEGACY
CV. Mega Organofertlizer,1,LEGACY
PT GREEN PLANET INDONESIA,1,LEGACY
PT SASA INTI,1,LEGACY
PT. JNS Sejahtera Bersama,1,LEGACY
CV MULTIAGRO SARANA CEMERLANG,1,LEGACY
CV. SASANDO,1,LEGACY
PT Mitra Sukses Agrindo,1,LEGACY
PT.Vietindo Agro Lestari,1,LEGACY
PT. DAMAI AGRO MANDIRI,1,LEGACY
PT. Agrosid Manunggal Sentosa,1,LEGACY
PT. ENDRA TANI MAKMUR,1,LEGACY
CV. TRUBUS PRIMA,1,LEGACY
CV. Arta Putri,1,LEGACY
CV. Tunggal Tri Panca,1,LEGACY
CV SUKA AYU BIONITRAT,1,LEGACY
CV. Jago Jasa,1,LEGACY
PT. Harvest Ariake Indonesia,1,LEGACY
PT PUPUK NUTRIFIT INDONESIA,1,LEGACY
PT. ORCHID GLOBAL MAKMUR,1,LEGACY
PT. SARI KRESNA KIMIA,1,LEGACY
U.D Daun Mas,1,LEGACY
PT. Selaras Alam Sejahtera,1,LEGACY
PT.Silva Tropika Kultura,1,LEGACY
PT. Trubus Mitra Swadaya,1,LEGACY
PT. Bahagia Jaya Sinergy,1,LEGACY
PT. PERKEBUNAN NUSANTARA XI,1,LEGACY
PT.BUMI TANI INDONESIA SEJAHTERA,1,LEGACY
PT Dwitama Agro Makmur,1,LEGACY
CV. BUMI NUSANTARA,1,LEGACY
PT.Surya Agung Unggul,1,LEGACY
PT. UMG INDONESIA,1,LEGACY
PT. NUSA BERKAT ALAM,1,LEGACY
PT. ENVITEC MULTI INDONESIA,1,LEGACY
CV. CIPTO LANGGENG,1,LEGACY
CV. PESANGGEM MITRA ABADI,1,LEGACY
CV MEGAH JAYA SEVENTIES,1,LEGACY
PT ELKABE BIOTEK INDONESIA,1,LEGACY
CV. Mutiara Agro Persada,1,LEGACY
CV. DELTA FORTUNA,1,LEGACY
PT. Mitra Gresik Indonesia,1,LEGACY
PT. Aneka Nutrisi Global Indonesia,1,LEGACY
PT Dunia Kimia Jaya,1,LEGACY
PT. Persada Pupuk Indonesia,1,LEGACY
CV MARZUQ,1,LEGACY
PT.Greenland Agrotech Industries,1,LEGACY
PT CROP CHECK INDONESIA,1,LEGACY
PT. Artha Prima Humatindo,1,LEGACY
PT. SAFE CHEMICAL INDONESIA,1,LEGACY
CV. Agro Lestari,1,LEGACY
CV. PANTRAS AGROLESTRI,1,LEGACY
KOPERASI KARYAWAN RISPA MEDAN,1,LEGACY
CV. Duta Oreza Indonesia,1,LEGACY
PT. GALATTA LESTARINDO,1,LEGACY
PT. AGRO PARKIM INDONESIA,1,LEGACY
CV. Agro Sumber Subur,1,LEGACY
CV. Telsap Utama,1,LEGACY
PT. INDUSTRI JAMU DAN FARMASI SIDO MUNCUL,1,LEGACY
CV RAJAWALI USAHA NABATI,1,LEGACY
CV. TERUS JAYA PUTRA,1,LEGACY
CV. NOVIE AGRO INDUSTRI,1,LEGACY
PT. Biosindo Mitra Jaya,1,LEGACY
PT. INDORAYA MITRA PERSADA SERATUS ENAM PULUH DELAPAN,1,LEGACY
CV. SUBURI PUTRA MANDIRI,1,LEGACY
CV. MAKMUR SEMBADA,1,LEGACY
CV Karsa Jaya,1,LEGACY
CV.AGROTANI,1,LEGACY
PT. Shiraishi Calcium Indonesia,1,LEGACY
CV. Citra Berlian,1,LEGACY
CV. PATIH GAJAH MADA,1,LEGACY
CV. Gunung Dono Putra,1,LEGACY
CV. CONS PRIMA SENTOSA,1,LEGACY
PT. INDOBAY BIO,1,LEGACY
PT. Agro Tani Marisi,1,LEGACY
CV. TUNAS HARAPAN,1,LEGACY
CV. Christdo Titian Jaya,1,LEGACY
CV. Multi Guna,1,LEGACY
CV. Fian Agro Industri,1,LEGACY
CV. DANA INDO AGRI,1,LEGACY
