principal,total_pupuk,Hara Majemuk,Organik & Humat,Hayati,Hara Tunggal/An-organik,Pembenah Tanah/Amelioran,Makro-Mikro Campuran,Tidak Tercantum
MEST INDONESIY,100,51,0,0,28,0,1,20
BEHN MEYER AGRICARE,83,43,0,1,9,0,3,27
PETROKIMIA GRESIK,70,33,6,9,9,2,0,11
SAPROTAN UTAMA,66,48,0,0,8,1,0,9
MEROKE TETAP JAYA,64,21,3,0,20,0,0,20
PT. Multi Mas Chemindo,57,13,0,0,28,1,0,15
MULTI NIAGA NUSANTARA INDONESIA,57,31,4,1,15,4,0,2
PERMATA AGRO PERSADA,53,23,0,0,22,0,0,8
MAJU MAKMUR UTOMO,52,27,11,5,0,0,0,9
SANTANI SEJAHTERA,51,17,0,0,12,1,0,21
DGW PUPUK INDONESIA,51,23,0,0,10,0,0,18
SENTANA ADIDAYA PRATAMA,49,36,0,0,0,0,2,11
SASCO INDONESIA,48,0,0,0,38,0,0,10
FERTILIZER INTI TECHNOLOGY,48,18,5,0,13,0,2,10
DHARMA AYU TANI,45,6,7,6,0,8,1,17
SAPROTAN UTAMA NUSANTARA,45,12,3,0,11,2,1,16
PT. Asia Pupuk Guna Lestari,43,31,0,0,11,0,0,1
RAJA GROUP INDONESIA,43,14,0,0,0,2,1,26
CIPTA MAKMUR PERTIWI,41,16,2,1,6,12,0,4
MULTI SARANA INDOTANI,40,29,0,1,0,0,0,10
PT. SANLEX MALINDO,40,23,0,0,14,0,0,3
WILMAR CHEMICAL INDONESIA,40,1,1,0,22,0,0,16
JADI MAS,40,27,2,0,9,0,0,2
KERTOPATEN KENCANA,38,22,0,0,9,1,0,6
AGROFARM NUSA RAYA,37,12,1,1,4,0,0,19
SARASWANTI ANUGERAH MAKMUR,35,34,0,0,0,0,0,1
AGROTAMA TUNAS SARANA,32,18,0,0,1,0,0,13
PUPUK KALIMANTAN TIMUR,31,19,2,5,5,0,0,0
UD Primagro,29,14,1,0,1,3,0,10
ANTARIKSA NUSANTARA INDONESIA GROUP,29,13,2,1,9,2,0,2
PUPUT TANI MANDIRI,27,14,3,1,3,1,0,5
ABADI AGROSINDO PERSADA,27,19,0,0,3,0,0,5
DUPAN ANUGERAH LESTARI,26,26,0,0,0,0,0,0
NUSA PALAPA GEMILANG,26,24,0,0,1,0,0,1
PETROSIDA GRESIK,25,7,3,6,2,0,0,7
PUPUK KUJANG,25,19,2,2,2,0,0,0
PRIMA AGRO TECH,25,0,8,11,1,0,0,5
DYRIZ INDONESIA,25,12,0,0,0,0,0,13
DITYA CHEMINDO,25,11,1,0,0,0,0,13
AGRO TRADISI,24,0,0,0,18,0,0,6
JAVAMAS AGROPHOS,24,7,2,0,3,4,0,8
GREENLIFE BIOSCIENCE,23,1,9,13,0,0,0,0
AGRI TANIMAS SELARAS,23,10,0,0,10,0,0,3
HANAMPI SEJAHTERA KAHURIPAN,22,12,0,0,7,0,0,3
INDO ACIDATAMA,22,0,10,11,0,0,0,1
ANUGERAH PUPUK MAKMUR,20,20,0,0,0,0,0,0
TRUBUS PRIMA,20,5,10,1,1,1,0,2
KALATHAM,20,16,0,0,0,0,0,4
Perusahaan Perseroan (Persero) PT. Pupuk Indonesia,20,13,1,0,6,0,0,0
AGRO JAYA INDONESIA,20,2,11,0,3,2,0,2
YARA INDONESIA,20,10,2,0,2,0,0,6
SARI KRESNA KIMIA,19,15,1,1,1,0,0,1
KRISTALINDO KARUNIA INTERNASIONAL,19,1,12,2,0,0,0,4
MAXXI AGRI INDONESIA,19,10,2,0,4,0,0,3
PRIMAGRO PRIMA INDONESIA,18,9,0,0,0,3,0,6
ARTHA PRIMA HUMATINDO,18,0,18,0,0,0,0,0
ANUGERAH PUPUK LESTARI,18,18,0,0,0,0,0,0
AGRO BERJAYA NUSANTARA,18,15,0,0,0,0,0,3
LAKU AGUNG BAHAGIA INDONESIA,17,0,0,3,1,0,0,13
GOAUTAMA SINARBATUAH,17,5,0,0,10,2,0,0
AGINDA RIAU ABADI,17,13,0,0,0,0,0,4
MUTIARA KERATON JIMMY&CO TRANS BISNIS INDONESIA,17,0,4,12,0,0,0,1
NUSA NUR AGRO,16,6,0,2,1,2,0,5
ECO AGRO MANDIRI,16,0,9,6,0,0,0,1
TAZAR GUNA MANDIRI,16,9,0,0,6,0,0,1
MESTIKA KARUNIA UTAMA,16,14,0,0,0,0,0,2
PETROKIMIA KAYAKU,16,5,2,9,0,0,0,0
CARLINDO SERASI ABADI,15,6,0,0,6,0,0,3
PT. Gemilang Eka Dharma,15,0,1,0,11,1,0,2
CV. Raja Grafika,15,4,3,0,0,4,0,4
ROLIMEX KIMIA NUSAMAS,15,0,0,0,13,0,0,2
ADIDAYA NIRBATAS,14,7,1,0,3,0,0,3
SINAR SURYA,14,0,6,4,0,1,0,3
SARAREA PANEN RAYA,14,4,1,0,1,0,1,7
AGRO NUSANTARA INDONESIA,14,4,2,0,4,3,0,1
CIPTO LANGGENG JOYO,13,7,2,0,1,2,0,1
SAFA AGROTEK INDONESIA,13,2,0,1,2,0,0,8
POLOWIJO GOSARI,13,6,2,0,0,3,0,2
SANTANI AGRO LESTARI,13,3,0,0,8,0,1,1
PT AGRI HIKAY INDONESIA,13,9,0,0,2,0,0,2
BUMI SUBUR SENTOSA,13,1,4,2,4,1,0,1
AGRI MANDIRI SEJAHTERA,13,0,2,0,9,0,0,2
AGRO NUSA INDAH,13,0,7,0,0,6,0,0
PT. AGRO AFIAT NUSANTARA,12,8,0,0,2,2,0,0
MULYO TANI MAKMUR,12,4,2,1,2,0,1,2
SABANG MAKMUR SENTOSA,12,7,0,0,5,0,0,0
PRIMA KARYA BERJAYA,12,6,0,0,6,0,0,0
HAMAS PANDJI INDONESIA,12,0,3,2,0,6,0,1
ASIA KIMINDO PRIMA,12,0,0,0,10,0,0,2
CENTRA BIOTECH INDONESIA,12,0,3,8,0,1,0,0
ANJARI ATHA TANAYA,12,8,2,2,0,0,0,0
MITRA MERDEKA TANI,12,0,3,1,0,1,1,6
MAKMUR JAYA ABADI,12,6,3,1,1,1,0,0
PROSPER BIOTECH INDONESIA,11,0,2,9,0,0,0,0
MITRA TANI ABADI JAYA,11,2,1,0,0,0,0,8
ARINDAMA NAWASENA AMERTA,11,2,4,0,0,0,1,4
CHEIL JEDANG INDONESIA,11,6,5,0,0,0,0,0
PT. HANAMPI SEJAHTERA KAHURIPAN,11,9,0,0,2,0,0,0
WAHANA PUNDIKARSA ABADI,11,3,5,1,1,0,1,0
SINAR GENERAL INDUSTRIES,11,7,0,0,3,0,0,1
MULTIDAYA PUTRA SEJAHTERA,11,5,3,2,1,0,0,0
PT. SOJITZ INDONESIA,11,11,0,0,0,0,0,0
AGRIVERE TRANSFORMA INTERNASIONAL,10,5,1,0,2,0,0,2
LABA INDOAGRO NUSANTARA,10,3,1,0,1,0,0,5
YAN UTAMA CORPORATION,10,6,0,0,3,1,0,0
GALATTA LESTARINDO,10,0,0,0,0,10,0,0
INDORAYA MITRA PERSADA SERATUS ENAM PULUH DELAPAN,10,0,1,8,0,0,0,1
TRIAGRO HIJRAH JAYA,10,2,3,1,0,0,0,4
SUMBER AGUNG JAYA,10,3,1,0,0,5,0,1
UTOMO UTOMO,10,0,2,7,0,0,0,1
ANUGERAH MUSTIKA OSTINDO,10,6,3,1,0,0,0,0
AGRO MULYA LESTARI,10,2,2,3,1,1,0,1
GREEN PLANET INDONESIA,10,0,9,1,0,0,0,0
BUMI INDO RAHARJA,10,0,1,0,4,5,0,0
LOTUS AGROKIMIA INDONESIA,10,10,0,0,0,0,0,0
TANAMAN MAKMUR MANDIRI,10,0,1,8,0,0,0,1
MITRA TANI ABADI,10,4,2,0,0,0,0,4
PUPUK SRIWIDJAJA PALEMBANG,10,6,0,1,1,0,0,2
DRAGON DISTRIBUSI INDONESIA,10,3,0,0,6,0,0,1
SCORLETS,10,5,3,1,0,0,0,1
KAYUAN INFARM INDONESIA,10,1,5,1,0,1,0,2
JATI EMAS UNGGUL,9,6,2,0,0,1,0,0
NATURAL NUSANTARA,9,0,8,1,0,0,0,0
BINA GUNA KIMIA,9,3,1,3,2,0,0,0
SMARTSOFT DIGITAL TEKNOLOGI,9,1,2,4,2,0,0,0
WELLS PRIMA GLOBAL,9,6,0,0,0,0,0,3
ECA TANI BAROKAH,9,6,1,0,0,0,0,2
EVERCHEM RESOURCES INDONESIA,9,4,0,0,0,0,1,4
AGRO PASTI INDONESIA,9,4,0,0,4,1,0,0
WASTEK AGRO INDONESIA,9,9,0,0,0,0,0,0
GEMAH RIPAH LOH JINAWI INDUSTRI,9,4,0,1,1,2,0,1
BINA AGROSIWI MANDIRI,9,2,4,3,0,0,0,0
FORMULA TOP INDONESIA,9,0,4,5,0,0,0,0
BIOSINDO MITRA JAYA,9,0,1,8,0,0,0,0
CV PLANET AGRONUSA,9,0,0,2,0,0,1,6
ADVANSIA INDOTANI,9,2,1,0,1,0,1,4
Agro Bumi Timur,8,5,1,0,0,0,2,0
AGRI HIKAY INDONESIA,8,3,0,0,2,0,0,3
BIO ENERGI RIMBA,8,0,4,2,0,1,0,1
SERUNIANDAL CITRA MANDIRI,8,0,4,4,0,0,0,0
PT. KARISMA INDOAGRO UNIVERSAL,8,3,1,2,1,0,0,1
PT. Sido Muncul Pupuk Nusantara,8,0,7,1,0,0,0,0
CIPTA GUNA MUKTI,8,1,0,0,0,2,0,5
SURYA CIPTA PERKASA YOGYAKARTA,8,1,0,0,0,2,0,5
ANDAFA AGRO INDO,8,2,2,0,0,0,1,3
MEGA ORGANOFERTILISER,8,0,4,4,0,0,0,0
MULIA SUKSES BAHAGIA,8,4,3,1,0,0,0,0
MITRA FINEX ANTARNUSA,8,1,5,0,1,0,0,1
BIO INDUSTRI NUSANTARA,8,0,1,6,0,0,0,1
SARASWANTI ANUGERAH INDONESIA,8,8,0,0,0,0,0,0
TUNAS AGRO PERSADA,8,0,6,2,0,0,0,0
MEGA PRIMATANI LESTARI,8,0,4,4,0,0,0,0
IMEXINDO NUSANTARA,8,7,0,0,0,0,0,1
MULTI HARA AGRO,8,3,0,0,3,0,1,1
SAFEEKO BIO INDONESIA,8,1,2,2,0,0,0,3
MITRA TANI INDONESIA,8,4,2,0,0,0,0,2
PERMATA NEGERI INDONESIA,8,1,2,0,0,5,0,0
PT. DAMAI AGRO MANUNGGAL,8,3,3,0,1,1,0,0
ULTI GROW NUSANTARA,8,8,0,0,0,0,0,0
POMAL BEKA MANDIRI,8,0,2,5,0,0,0,1
AGRO GUNA MAKMUR,8,6,1,0,0,0,0,1
AGRINDO PERSADATAMA,8,3,0,0,0,1,0,4
FERTA INDONESIA PERSADA,8,5,0,0,1,0,0,2
CAHAYA ABADI,7,5,0,0,1,1,0,0
TANIKAYA MULTI AGRO,7,4,1,1,0,1,0,0
DANA INDO AGRI,7,2,1,2,0,0,1,1
RUINS SARANA TANI,7,0,0,0,2,0,0,5
AGRICULTURE CONSTRUCTION,7,4,1,1,0,0,0,1
GRAHA SIRTU,7,0,3,3,0,0,0,1
TAPAL KOEDA INDONESIA,7,0,1,2,2,0,0,2
INDOIN BUSINESS GROUP,7,2,2,0,2,0,0,1
SAYAP EMAS CITRA PERSADA,7,4,1,0,2,0,0,0
MANO AGRI NUSANTARA,7,2,0,0,0,0,0,5
AZZA MULIA RAHMAN,7,3,1,0,2,1,0,0
BULINDO AGRO TEKNOLOGI,7,1,0,0,1,0,0,5
AGRO TANI MARISI,7,0,4,0,1,0,0,2
WEHA AGRO SEJAHTERA,7,5,1,0,1,0,0,0
SARI BUMI KEDU,7,1,2,0,0,0,1,3
EXINDO RAHARJA PRATAMA,7,0,6,0,0,0,0,1
PT Alam Makmur Anuri,7,1,2,3,0,1,0,0
FORMITRA MULTI PRAKARSA,7,5,0,0,1,1,0,0
ENPEKA AGROKIMIA,7,7,0,0,0,0,0,0
PT. Pemohon (DUMMY),7,0,0,2,1,3,0,1
PANCAPUTRA AGRO NIAGA,7,1,3,0,0,0,2,1
MULYO TANI MAKMUR,7,3,2,0,0,0,0,2
SURYA ARTHA SENTOSA,7,3,0,0,1,3,0,0
POLARCHEM,7,5,0,0,1,0,0,1
SARASWANTI AGRO MAKMUR,7,5,0,0,2,0,0,0
MESTIKA NUSANTARA AGROKIMIA,7,5,0,0,0,1,0,1
BROMO INDAH LESTARI,6,2,3,0,0,0,0,1
SINERGI INTI PANEN,6,1,0,0,5,0,0,0
KARYA TANI INDONESIA,6,1,2,0,2,1,0,0
NOUSINDO NUSANTARA AGRI,6,4,0,1,0,0,0,1
LAUTAN LUAS,6,0,1,0,3,0,0,2
FARMINDO ANN CHEMICAL,6,2,1,0,2,0,0,1
BANDUNG INOVASI ORGANIK,6,0,4,2,0,0,0,0
AGROTECH PESTICIDE INDUSTRY,6,6,0,0,0,0,0,0
BANGKIT TANI NUSANTARA,6,0,3,0,0,0,0,3
CEMPAKA BUMI NUSANTARA,6,0,2,3,0,0,0,1
MANUNGGAL AGRO TANI,6,4,1,0,1,0,0,0
STANLEY AGRO NUSANTARA,6,6,0,0,0,0,0,0
ADITYA TANI PERKASA,6,6,0,0,0,0,0,0
SUMBER SUBUR SEJATI,6,6,0,0,0,0,0,0
PT. ECO AGRO MANDIRI,6,0,4,2,0,0,0,0
BESTANI AGRO SEJAHTERA,6,1,0,0,0,0,2,3
ARSISTHA KIMIA CITRA LESTARI,6,6,0,0,0,0,0,0
PT. WILMAR CHEMICAL INDONESIA,6,1,0,0,3,0,0,2
TOYA INDO MANUNGGAL,6,0,0,0,4,0,0,2
REDSTONE INDONESIA MAKMUR,6,0,0,0,5,0,0,1
RAJAWALI BUANA KREASI,6,3,0,0,3,0,0,0
CENTRA AGRO PRATAMA,6,1,0,0,0,5,0,0
NOVIE AGRO INDUSTRI,6,0,1,1,1,2,0,1
BUMI TANI SUBUR,6,0,0,0,5,0,0,1
MULTIFARM INTI SEJAHTERA,6,2,2,0,1,1,0,0
PT. CIPTA AGRIFARMERINDO,6,0,3,1,1,1,0,0
INDUSTRI KEBUN NUSANTARA,6,3,1,0,1,1,0,0
SENTRA TANI SEJAHTERA,6,0,2,0,0,1,1,2
GREAT GIANT PINEAPPLE,6,0,1,5,0,0,0,0
SUMBER MURNI GRUP,6,2,0,0,1,2,0,1
ALIF RAYA,6,6,0,0,0,0,0,0
SINKA SINYE AGROTAMA,6,1,5,0,0,0,0,0
SUMBER ALAM BAROKAH,6,0,1,5,0,0,0,0
AJINOMOTO INDONESIA,6,3,3,0,0,0,0,0
EUREEKAGREAT NUSANTARA,6,0,0,1,0,0,0,5
WINNERS AVENUE SURABAYA,6,6,0,0,0,0,0,0
BOMA SAKTI TANI,6,5,0,1,0,0,0,0
PT. SHADANI INSAN MULIA ABADI,6,1,2,0,1,0,0,2
MZ MEDICAL,6,5,0,0,0,1,0,0
STEFES INDONESIA,6,1,1,0,0,0,0,4
PT. Agritek Tani Indonesia,6,0,5,1,0,0,0,0
ALL COSMOS INDONESIA,6,3,2,0,0,0,0,1
AGSPEC INDONESIA,5,0,3,0,0,0,0,2
GATEWAY INTERNUSA,5,0,3,2,0,0,0,0
GREEN AGRI INDONESIA,5,0,4,1,0,0,0,0
AGRO INSANI SEMESTA,5,0,0,1,0,0,0,4
AGRITAMA TUMBUH PERKASA,5,0,1,1,0,0,0,3
RAJA ARTHA AGRO,5,2,2,0,0,1,0,0
CV. Sumber Buana Perkasa,5,0,2,3,0,0,0,0
MON LEON INDONESIA,5,0,2,1,0,0,0,2
AGRO MAKMUR MANDIRI,5,0,2,0,0,1,0,2
DHARMA GUNA WIBAWA,5,3,2,0,0,0,0,0
PUPUK SWADAYA PURIMAS,5,5,0,0,0,0,0,0
PRADIPTA PARAMITA,5,0,3,2,0,0,0,0
BINTANG TIMUR PASIFIK,5,0,0,0,2,3,0,0
PT. Agro Indah Permata,5,1,3,0,0,1,0,0
ALL COSMOS BIOTEK,5,5,0,0,0,0,0,0
ATS INTI SAMPOERNA,5,5,0,0,0,0,0,0
ELIT SOLUSI NIAGA,5,3,0,0,0,0,0,2
MITRA AGUNG SAWITA SEJATI,5,1,3,1,0,0,0,0
PT. IRQ MAKMUR JAYA,5,1,0,0,0,4,0,0
BUMI NUSANTARA,5,2,0,0,1,2,0,0
AGRO NUSANTARA INTERNASIONAL,5,1,0,0,2,0,0,2
PT. Andalan Chemist Indonesia,5,2,0,0,3,0,0,0
BAKTI ALAM NUSANTARA,5,0,1,3,0,0,0,1
CV. Tiga Tunas Bangsa,5,1,0,0,0,0,0,4
PT.Antariksa Nusantara Indonesia Group,5,2,1,0,1,1,0,0
PUPUK ISKANDAR MUDA,5,3,0,0,2,0,0,0
DWIAGRI MAKMUR INTERTRADE,5,1,1,0,0,0,0,3
PT. Bumi Subur Sentosa,5,0,1,0,3,1,0,0
MOLINDO RAYA INDUSTRIAL,5,2,3,0,0,0,0,0
RABANA AGRO RESOURCES,5,0,0,0,0,0,0,5
PT.GEMILANG ANDALAN PRATAMA,5,0,0,0,4,0,0,1
PROPADU KONAIR TARAHUBUN,5,1,1,2,0,0,0,1
PT. Sumber Agrindo Sejahtera,5,2,0,0,1,0,0,2
MILLENIS MITRA INDONESIA,5,1,0,0,4,0,0,0
PT. KUSUMA DIPA NUGRAHA,5,4,0,0,1,0,0,0
PUTERA RAYA ABADI,5,2,2,1,0,0,0,0
BINTANG ASRI ARTHAULI,5,2,1,2,0,0,0,0
DWI JAYA EKAPRIMA,5,2,0,0,1,2,0,0
UD. Makmur Jaya,5,0,0,0,0,4,0,1
BUMIKITA MAKMUR,5,1,2,0,0,0,1,1
DMG PHARMA LABORATORIES,5,1,1,0,0,0,0,3
WIKA JAYA MANDIRI,5,4,0,0,0,1,0,0
FEMU ENVIRO RISORINDO,5,0,3,1,0,1,0,0
GRESIK CIPTA SEJAHTERA,5,0,3,0,2,0,0,0
BERKAT MITRA MAKMUR,5,0,3,0,1,0,0,1
PT. Triasindo Subur Prima,5,0,0,2,0,1,0,2
AGROLAND MANDIRI UTAMA,5,1,1,0,0,0,0,3
MANO AGRI NUSANTARA,5,1,1,0,1,0,1,1
SINAR EMPAT PILAR UTAMA,4,0,0,0,0,3,0,1
LINTANG MAS AGRO,4,1,0,0,0,0,0,3
GEMA TANI ETAM,4,0,3,1,0,0,0,0
SEA SIX ENERGY INDONESIA,4,0,0,0,0,0,0,4
CV. Bima Agung Sejahtera,4,0,3,1,0,0,0,0
DELTA GIRI WACANA,4,1,1,0,1,0,0,1
NUSA TANI,4,4,0,0,0,0,0,0
RISET PERKEBUNAN NUSANTARA,4,2,1,1,0,0,0,0
SEMESTA AGRO MAKMUR,4,2,1,0,0,0,0,1
CV. Sumber Agung Jaya,4,1,0,0,0,3,0,0
NICO MANDIRI SEJAHTERA,4,2,0,0,0,2,0,0
TUNAS HARMONI ABADI,4,0,3,1,0,0,0,0
UNITED ALACRITY INDONESIA,4,0,2,2,0,0,0,0
PT. Super Tani Indonesia,4,2,2,0,0,0,0,0
GLOBAL MANTEP LESTARI,4,0,1,2,0,0,1,0
TANINDO TETAP JAYA,4,2,0,0,2,0,0,0
ZENITH CROPSCIENCES INDONESIA,4,0,0,0,0,0,0,4
SEJUK ALAM LESTARI,4,2,1,1,0,0,0,0
KERTO KENCANA ABADI,4,3,0,0,1,0,0,0
MISSION TANI,4,0,4,0,0,0,0,0
PT INDMIRA,4,0,4,0,0,0,0,0
MANDIRI DUASATU,4,0,3,1,0,0,0,0
SAKURA FISHERIES,4,2,2,0,0,0,0,0
ESTU SEBA AGRINUSA,4,0,1,0,0,0,0,3
CEVE SINAR ARAS,4,0,1,2,0,1,0,0
ALAM HIJAU,4,1,1,0,0,2,0,0
OAT MITOKU AGRIO,4,2,0,0,0,0,0,2
REZEKI BERSAMA INDONESIA,4,1,0,0,2,0,1,0
HABDHI NEGORO MANDIRI,4,0,4,0,0,0,0,0
SOBAT TANI,4,0,0,0,1,0,0,3
PT.CENTRAL ALAM RESOURCES LESTARI,4,0,1,2,0,0,0,1
AGRO NATURAL TECHNOLOGY,4,0,2,2,0,0,0,0
SINAR MAS MALAKA,4,2,0,0,1,1,0,0
UPL INDONESIA,4,0,0,1,0,0,0,3
TUNAS FOREST GEMILANG,4,0,0,0,0,4,0,0
POSPORINDO NUSANTARA,4,2,0,0,1,0,0,1
DUTA LIMAS,4,0,2,0,0,2,0,0
ALAM SEMESTA INDONESIA,4,0,0,0,0,0,0,4
JAYA TANI,4,1,0,0,1,2,0,0
PRIMA AGRO NETWORK,4,1,0,0,0,0,0,3
PUTRA HAKA PERKASA,4,2,0,0,0,2,0,0
ANDI JAYA INDUSTRI,4,2,0,0,1,1,0,0
AGRO UNGGUL JAYAMAKMUR,4,3,0,0,0,0,0,1
CV MAKMUR ABADI,4,1,0,0,0,0,0,3
SARIMAKMUR SULTAN NUSANTARA,4,0,3,1,0,0,0,0
MANUNGGAL MERDEKA MAKMUR,4,0,2,1,0,0,0,1
BHADRA CEMERLANG,4,3,0,1,0,0,0,0
PT. DELAPAN ENAM BERLIAN,4,0,2,1,0,1,0,0
AGRO ZYM JAYA,4,3,0,0,1,0,0,0
MANDIRI PALMERA AGRINDO,4,1,2,1,0,0,0,0
PT. CEVE SINAR ARAS,4,0,1,3,0,0,0,0
CV. INTI TANI MAKMUR,4,1,0,0,0,2,0,1
SUBUR PERKASA NUSANTARA,4,2,0,0,1,0,1,0
CV. Cahaya Agro Persada,4,2,0,0,0,0,0,2
CV. TUMBUH BERKEMBANG SEJAHTERA,4,0,4,0,0,0,0,0
DELIMA MANDALA SURYA,4,1,0,2,0,0,0,1
KARUNIA NIAGA SEJAHTERA,4,0,2,2,0,0,0,0
KERINA MARGA PLANTATION,4,0,1,2,0,0,0,1
NITIS PUSAKA KUSUMA,4,0,0,0,0,4,0,0
BISATANI SUKSES UTAMA,4,0,2,1,0,0,0,1
PT TRI TUNGGAL ABADI MULIA,4,1,0,0,3,0,0,0
CV. KUJANG MAS AGRO KENCANA,4,1,0,1,0,0,0,2
NIVIDIA PRATAMA KHATULISTIWA,4,3,0,0,0,1,0,0
ALFA BETA AGROCHEMICAL,4,0,3,0,1,0,0,0
TIMURAYA TUNGGAL,4,0,0,0,3,0,0,1
AGRO INDAH PERMATA 21,4,0,1,3,0,0,0,0
BUMI GEMILANG ARTHA,4,3,0,0,1,0,0,0
PUPUK LAPAN HARSA,3,3,0,0,0,0,0,0
DUA POHON BESAR,3,2,0,0,0,0,1,0
HYDRO FARM INDONESIA,3,0,1,1,0,0,0,1
PUPUK PARIT KITANG,3,3,0,0,0,0,0,0
PT. SOLUSI LINGKUNGAN INDUSTRI NUSANTARA,3,0,2,1,0,0,0,0
CV. Karya Tani Indonesia,3,1,0,0,2,0,0,0
AGROMAX MAKMUR SEKAWAN,3,0,0,0,3,0,0,0
CATUR AGRODAYA MANDIRI,3,0,0,0,0,0,0,3
PT Agrimas Utama Indonesia,3,1,0,0,1,1,0,0
ANKEWA CHEMICAL INDONESIA,3,2,0,1,0,0,0,0
NOVACHEM ADAMANTINA,3,0,0,0,2,0,0,1
INDOFAST AGRO NUSANTARA,3,0,3,0,0,0,0,0
NUGEN CROP INDONESIA,3,2,0,0,0,1,0,0
PT. PERINTIS NIAGA INDONESIA,3,0,0,0,3,0,0,0
RUCI TANI JAYA ABADI,3,2,0,0,1,0,0,0
FERTILINDO AGROLESTARI,3,1,2,0,0,0,0,0
SUBUR MAKMUR SEJAHTERA,3,0,1,0,2,0,0,0
ANARD BUMI SENTOSA,3,0,2,1,0,0,0,0
JASA TAMBANG ACEH,3,0,1,0,0,0,0,2
PT RENER INTI INTERNASIONAL,3,0,3,0,0,0,0,0
GUNUNG BERKAT SEJAHTERA,3,0,0,0,0,3,0,0
CV. Makmur Sembada,3,0,3,0,0,0,0,0
SURYA MENTARI SAKTINDO,3,0,0,0,0,3,0,0
ANGPUTRA GLOBAL ORGANIK,3,0,3,0,0,0,0,0
INDO BAY BIO,3,0,0,3,0,0,0,0
PT. SERA AGRO NUTRINDO,3,0,1,1,0,0,0,1
REKATANI INDONESIA,3,0,1,2,0,0,0,0
BUMI IMPERIUM INDONESIA,3,0,0,0,3,0,0,0
PRIMA TANI MANDIRI,3,1,0,0,1,1,0,0
SARANA GLOBAL PHOSPHORINDO,3,1,0,0,0,2,0,0
KURNIA MAS,3,1,0,0,0,2,0,0
NATHANI INDONESIA,3,0,1,0,0,0,0,2
AGRI PRIME INTERNATIONAL,3,3,0,0,0,0,0,0
BUMI REKAYASA PERSADA,3,3,0,0,0,0,0,0
MAGNESIUM GOSARI INTERNASIONAL,3,0,0,0,1,2,0,0
HIKMAH TANI,3,3,0,0,0,0,0,0
JENAWI SUBURINDO REJEKI,3,2,1,0,0,0,0,0
RAJAWALI CITRA ALAM,3,3,0,0,0,0,0,0
CV.TABITA JAYA,3,1,0,0,0,0,0,2
CHEMSTAR AGRO INDONESIA,3,0,2,1,0,0,0,0
SULTAN ISKANDAR MUDA,3,2,0,0,1,0,0,0
RUHISA PERSADA,3,3,0,0,0,0,0,0
TIGA UNGGUL SEJAHTERA,3,1,1,0,0,1,0,0
INDO ACIDATAMA,3,0,1,2,0,0,0,0
LAMPOKO TERNAK INDONESIA,3,0,3,0,0,0,0,0
NEO SINAR MEDAN,3,0,0,0,1,1,0,1
NEO CROP SOLUTIONS,3,0,0,0,0,0,0,3
DELTA CHEMICA,3,1,0,0,0,0,0,2
KAKIMAS PRIMA PERKASA,3,0,0,0,1,2,0,0
WONDERINDO PHARMATAMA,3,0,0,0,0,0,0,3
MULTI ALAM RAYA SEJAHTERAA,3,2,0,0,1,0,0,0
MITRA AGRO SENTOSA,3,1,2,0,0,0,0,0
AGRIBISNIS TECHNOLOGY INDONESIA,3,0,2,0,0,1,0,0
PT. NUSANTARA AGRO TAMA,3,0,0,0,2,0,0,1
SELARAS ALAM SEJAHTERA,3,0,3,0,0,0,0,0
BAROKAH PRIMA TANI,3,2,0,0,1,0,0,0
SUMBER ALAM UNGGUL,3,0,2,1,0,0,0,0
CV AGRO PERSADA,3,0,0,3,0,0,0,0
BUNGA TANI,3,0,0,0,0,0,0,3
BUMI PERSADA SIDAYU,3,2,0,0,0,1,0,0
ASIA MIKRO PUPUK,3,0,0,0,2,0,0,1
KUSUMA DIPA NUGRAHA,3,1,0,0,2,0,0,0
SUTERA AGRINDO UTAMA,3,0,1,0,1,1,0,0
CV Arisna Jaya,3,0,0,0,1,0,0,2
PT. JASINDO KREASI MANDIRI,3,0,1,2,0,0,0,0
SANG HYANG SERI,3,0,2,0,1,0,0,0
SARI BUMI SIDAYU,3,0,0,0,0,3,0,0
ARICTON EXIM INDONESIA,3,0,0,0,1,2,0,0
WIRAPUTRA AGRO MANDIRI,3,1,1,0,0,0,0,1
ARTHA MAKMUR ABADI,3,1,0,1,1,0,0,0
AGRITAMA PRIMA MANDIRI,3,0,0,0,0,0,0,3
BINGEI AGUNG,3,1,0,0,1,0,0,1
PRIMA BERKAH NUSANTARA,3,1,0,1,0,0,0,1
ARENA HORMON INDONUSA,3,1,1,1,0,0,0,0
INTI MIKRO INDONESIA,3,0,0,0,2,0,0,1
BASISCROP INDONESIA,3,0,2,1,0,0,0,0
REJEKI INDAH MANDIRI,3,0,3,0,0,0,0,0
TANGGUH AGRO NUSA INDONESIA,3,1,1,0,0,0,0,1
PT.MITRA CIPTA AGRO,3,0,0,0,2,0,0,1
KENSO INDONESIA,3,0,2,0,0,0,0,1
PINAGO UTAMA,3,0,3,0,0,0,0,0
NUSANTARA GREEN LAND,3,1,1,0,1,0,0,0
AGRO RAYA TIMUR GROUP,3,2,0,0,0,1,0,0
DEWI SRI RAMA I,3,0,0,0,0,3,0,0
PT. DWI AGRO HAYATI,3,0,3,0,0,0,0,0
AGRO LESTARI JAYA,3,1,1,0,0,0,0,1
SIGMA KARYA BUANA,3,3,0,0,0,0,0,0
PT AGRI MULTI LESTARI,3,0,2,1,0,0,0,0
ARTHA CHRISTA,3,1,0,0,2,0,0,0
AGROSID MANUNGGAL SENTOSA,3,0,2,1,0,0,0,0
CV. Varia Chemika,3,3,0,0,0,0,0,0
SUKINDO SUPRASEMESTA,3,3,0,0,0,0,0,0
PT. GOAUTAMA SINARBATUAH,3,0,0,0,2,0,0,1
DELTA GREEN ZONE,3,1,0,1,0,1,0,0
AGRO FARMERY INDONESIA,3,1,0,0,1,0,1,0
PRATAMA AGRO SENTOSA,3,0,0,2,0,1,0,0
JOYO MAKMUR SUKSES,3,0,0,1,0,2,0,0
DUNIA KIMIA JAYA,3,0,0,0,2,0,0,1
ARTHA BUANA,3,0,3,0,0,0,0,0
"""CAHYA SEJATI""",3,0,1,2,0,0,0,0
CIPTA AGRO NUSANTARA,3,3,0,0,0,0,0,0
GOLDEN FARM INDONESIA,3,1,1,0,0,0,0,1
PANEN AGRO NIAGA,3,1,0,1,0,0,1,0
PERMANA AGRO LESTARI,3,2,0,0,1,0,0,0
BURSATANI GLOBAL NIAGA,3,0,3,0,0,0,0,0
NELAYAN INDONESIA JAYA,3,0,1,2,0,0,0,0
MABARFEED INDONESIA,3,0,3,0,0,0,0,0
RAHMA JAYA BERSAMA,3,3,0,0,0,0,0,0
BIO SARANA INDONESIA,3,0,3,0,0,0,0,0
SAF AGRO JAYA,3,1,0,0,0,0,0,2
JENGGONG MAGTASIDA GRUP,3,2,0,0,1,0,0,0
BIMAGRO INDONESIA,3,1,1,1,0,0,0,0
BUMI SUBUR RIZQUNA,3,2,0,0,1,0,0,0
CIPTA SARANA INDOTANI,3,2,1,0,0,0,0,0
MAHITALA MIRA INDONESIA,2,0,1,1,0,0,0,0
BASF DISTRIBUTION INDONESIA,2,0,0,0,2,0,0,0
MANIS SPORTIF,2,0,2,0,0,0,0,0
KURNIA AGRO,2,2,0,0,0,0,0,0
SAWIT CENTER INDONESIA,2,0,1,1,0,0,0,0
SELLA SANGIANG ASRI,2,0,2,0,0,0,0,0
PT.Alas Metuah Perdana,2,0,1,0,0,0,0,1
BIO NUSANTARA ALAMI,2,0,1,1,0,0,0,0
ROJO KOYO MANUNGGAL GROUP,2,0,0,0,0,0,0,2
BIOTECH FERTILIZER INDONESIA,2,0,1,1,0,0,0,0
TUNAS JAVA MANDIRI,2,1,0,0,0,0,0,1
PANDAWA AGRI INDONESIA,2,0,0,0,0,1,0,1
RAJA BENUA MAS,2,2,0,0,0,0,0,0
PT. Pakar Pupuk Nusantara,2,0,0,0,0,0,0,2
BIOTIS AGRINDO,2,1,0,0,0,0,0,1
BENE PYTO TANI JAYA,2,0,0,0,1,0,0,1
PT. Tani Karya Makmur Sejahtera,2,2,0,0,0,0,0,0
BERKAT MANNA MAJU,2,0,0,0,0,0,0,2
PRIMA AGRO LANCAR,2,0,0,0,0,0,0,2
CV. SUMBER MULYO SEJAHTERA,2,0,0,0,0,1,0,1
TANI MAS SUBUR,2,0,1,0,0,1,0,0
TIGA MUARA EMAS MAKMUR,2,0,2,0,0,0,0,0
DEWARI AGRO SAKTI,2,0,0,0,1,0,1,0
CV. Intan Permata Dunia,2,0,0,0,0,2,0,0
PT.NOVACHEM ADAMANTINA,2,0,0,0,2,0,0,0
SURYA DUTA GREENINDO,2,0,2,0,0,0,0,0
RAYON UTAMA KHATULISTIWA,2,0,0,0,0,0,0,2
GLOBALINDO INTI PERSADA,2,0,1,1,0,0,0,0
KIRANI AGRINUSANTARA,2,2,0,0,0,0,0,0
WONDERINDO PHARMATAMA,2,0,0,0,0,0,0,2
DWI KENCANA ABADI,2,0,0,0,0,0,0,2
SUMATERA MINERAL SEJAHTERA,2,0,0,0,0,2,0,0
ADITYA MANDIRI UTAMA,2,0,1,0,0,1,0,0
INTER AGRO INDONESIA,2,0,2,0,0,0,0,0
PT. Tri Mukti Nusantara Indonesia,2,0,1,1,0,0,0,0
BERKAH TANI LESTARI,2,0,2,0,0,0,0,0
PT. SINAR PERSADA JAYA,2,1,0,0,1,0,0,0
WIRA TANI MAKMUR,2,0,2,0,0,0,0,0
AGRI KEMIA NATURA,2,0,1,0,0,0,0,1
GREENTECH INTERNATIONAL,2,0,0,2,0,0,0,0
TRITAMA WIRAKARSA,2,0,1,0,0,0,0,1
AGRO SANTANINDO,2,0,2,0,0,0,0,0
SAGARA PRIMA PERKASA,2,0,1,1,0,0,0,0
ELEVASI AGRI INDONESIA,2,0,2,0,0,0,0,0
PT. VERONA MULTIKIMIA ABADI,2,0,0,0,0,0,0,2
AGUNG PRATAMA INDONESIA,2,1,0,0,0,0,0,1
PT. Balohan Jaya Utama,2,0,0,0,0,0,0,2
MULTIKIMIA AGRO SEJAHTERA,2,0,2,0,0,0,0,0
MUSTIKA AGRO TANI,2,0,0,0,0,2,0,0
BAHAGIA ALAM SEJATI,2,1,0,0,1,0,0,0
DIAMOND INTEREST INTERNATIONAL,2,0,2,0,0,0,0,0
SUMBER AGUNG PUTRA JAYA,2,2,0,0,0,0,0,0
PUNDI NUSANTARA RAYA,2,0,2,0,0,0,0,0
MESUNJA PRIMA TECH,2,0,0,0,0,0,0,2
PT. REJOSO MANIS INDO,2,2,0,0,0,0,0,0
JAYA SRI BERSAMA,2,0,0,0,0,1,0,1
GEMOLONG SUCI,2,2,0,0,0,0,0,0
SAHABAT TANI MANDIRI,2,0,0,0,1,0,0,1
KHARISMA MUTIARA AGRO,2,2,0,0,0,0,0,0
SRI REJEKI FERTILIZER,2,2,0,0,0,0,0,0
PUTRA NUSA,2,2,0,0,0,0,0,0
KARFOS,2,0,0,0,2,0,0,0
CV. SAMI JAYA AGRO,2,1,0,0,0,1,0,0
ANUGRAH CEMERLANG INDONESIA,2,0,1,1,0,0,0,0
GRAHA BIOFARM SOLUSI,2,0,0,0,0,0,0,2
CV. BUMI AGRO FERTILIZER,2,0,0,0,1,1,0,0
BIO AGRO REVOLUTIONARY UTILITY,2,0,0,0,0,0,0,2
SUMANS MANDIRI SEJAHTERA,2,2,0,0,0,0,0,0
MEDIA BUANA PERSADA,2,0,2,0,0,0,0,0
CV. Tani Subur Perkasa,2,0,0,0,0,2,0,0
CV. PRIMA TANI MANDIRI,2,0,0,0,0,2,0,0
CIBADAK AGRI,2,0,0,0,1,0,0,1
PENTA AGROCHEM MULIA,2,0,1,1,0,0,0,0
DASTRA KARYA SEMESTA,2,2,0,0,0,0,0,0
BERJAYA INTI PERKASA,2,0,0,0,0,2,0,0
CV. SAHABAT TANI MANDIRI,2,0,1,0,0,0,0,1
NUSANTARA SEJAHTERA MEDICA,2,0,1,1,0,0,0,0
CV. PARI MAS,2,2,0,0,0,0,0,0
CENTA BRASINDO ABADI CHEMICAL INDUSTRY,2,0,0,2,0,0,0,0
SUAKABUMI,2,0,0,2,0,0,0,0
PT TRIASINDO ROYAL AGRO,2,0,2,0,0,0,0,0
PT. Inovasi Natural Bio Organik,2,0,2,0,0,0,0,0
REZEKI UTAMA JAYA,2,0,1,1,0,0,0,0
PT. Menara Dwikarya Prima,2,1,1,0,0,0,0,0
ADAMAS MAKMUR SEJAHTERA,2,0,0,0,0,0,0,2
WINDU KENCANA MULYA,2,0,1,1,0,0,0,0
AMANAH JAYA TANI,2,0,0,0,0,2,0,0
CV. BRISH WATE,2,0,2,0,0,0,0,0
CV. SABAR BERSAUDARA,2,0,1,0,0,1,0,0
PT ARIGOLD YOOHA CORP,2,0,0,0,0,0,0,2
GADASAKTI AGRITEK PRATAMA,2,0,1,0,0,0,1,0
PT.SUBUR ALAM SEJAHTERA,2,0,0,0,0,2,0,0
BUMI SUBUR KHATULISTIWA,2,1,0,0,1,0,0,0
BUMI PARIGI,2,0,0,0,0,1,0,1
GAUDY BARCA PUTRA,2,2,0,0,0,0,0,0
SURYA NUSANTARA SEJATI,2,0,2,0,0,0,0,0
AGRO JAYA OKTAVIANT,2,1,0,0,0,0,0,1
CV. Randu Aji,2,0,0,0,0,0,0,2
TRIDI AGENG GEMILANG,2,0,0,2,0,0,0,0
HASYA JAYA SHAFADILA,2,1,0,0,1,0,0,0
CV REZKI UTAMA MANDIRI,2,0,0,0,0,2,0,0
PESANGGEM MITRA ABADI,2,0,0,2,0,0,0,0
INDONESIA GREEN INNOVATION,2,0,0,2,0,0,0,0
SETIA USAHA TANI MANDIRI,2,0,2,0,0,0,0,0
AGRO LESTARI MAKMUR NUSANTARA,2,0,1,1,0,0,0,0
LUMBUNG AGRO MAKMUR,2,0,1,0,0,0,0,1
GOLDEN SUMMIT JAYA,2,2,0,0,0,0,0,0
MAHESA PANTURA GRESIK,2,1,0,0,0,0,0,1
PT. AGRO NIAGA GLOBALINDO,2,0,0,0,0,2,0,0
BIOMINO INDONESIA PERSADA,2,0,2,0,0,0,0,0
AWM ELITE INTERNATIONAL,2,0,2,0,0,0,0,0
PRIMA MULIA ABADI,2,1,0,0,0,0,0,1
WISH INDONESIA,2,0,0,2,0,0,0,0
DIRA LIMINDO PUTRA,2,0,1,0,0,1,0,0
BARU INDONESIA,2,0,0,0,2,0,0,0
JOS AGRO MANDIRI,2,1,0,0,0,0,1,0
SUMBER REJEKI,2,1,0,0,1,0,0,0
PT. Tranquerah Nusantara Cerah,2,2,0,0,0,0,0,0
AGRO BIO MAHLIGAI,2,0,0,2,0,0,0,0
ANUGERAH DOLOMIT INDONESIA,2,0,0,0,0,2,0,0
SAMUDERA ATLANTIK JAYA ABADI,2,0,1,1,0,0,0,0
SUKSES ABADI TANI INDONESIA,2,0,1,1,0,0,0,0
PT. FERTA INDONESIA PERSADA,2,1,0,0,1,0,0,0
CENTRA BIOTECH INDONESIA,2,0,0,2,0,0,0,0
MANUVERE EGLORY CHEMAGRI,2,2,0,0,0,0,0,0
EKARAYA,2,0,2,0,0,0,0,0
SOLUSI TANI INDONESIA,2,0,0,0,0,0,0,2
FERTINDO AGRONUSA PERSADA,2,1,0,0,1,0,0,0
CV. Pilar Fasa Mandiri,2,0,0,0,0,0,0,2
ESA DISTRIBUSI NUSANTARA,2,0,1,1,0,0,0,0
CINDE LARAS,2,0,0,0,0,0,0,2
JAVA KARLOS INDONESIA,2,1,1,0,0,0,0,0
SAFE CHEMICAL INDONESIA,2,1,1,0,0,0,0,0
PT. Satya Agrindo Perkasa,2,1,1,0,0,0,0,0
PRIMA AGRO ORGANIC,2,0,2,0,0,0,0,0
EKA TIMUR RAYA,2,0,2,0,0,0,0,0
PT.PRATAMA SUBUR AGRITAMA,2,0,2,0,0,0,0,0
GRHA FERRY INDUSTRI,2,0,0,0,0,2,0,0
SIDENRENG AGRO INNO TECH,2,0,0,2,0,0,0,0
YIH SHENNINDO MAKMUR JAYA,2,0,2,0,0,0,0,0
CV. Bumi Agro Indonesia,2,0,0,0,0,0,0,2
AGRO TANI MAJU SEJAHTERA,2,0,1,1,0,0,0,0
BORNEO INTECH,2,0,2,0,0,0,0,0
KHANSA CITRA BUANA,2,0,1,1,0,0,0,0
AGRI MAKMUR MEGA PERKASA INDO,2,2,0,0,0,0,0,0
DHARMA GUNA,2,0,2,0,0,0,0,0
GRESIK NUSANTARA FERTILIZER,2,0,0,0,0,2,0,0
PT SATYA PADMA AGRISOL,2,0,0,2,0,0,0,0
CV. Sinar Sejahtera,2,0,0,0,0,0,0,2
PT.MITRA UTAMA MAKMUR,2,0,0,0,1,0,0,1
CV SURYA CITRA PERKASA,2,0,0,0,0,2,0,0
BENIH BERKAH BERSERI,2,1,0,0,0,0,0,1
WIBAWA MUKTI,2,0,1,1,0,0,0,0
MITRA TANI GROUP INDONESIA,2,1,0,0,0,1,0,0
MEGARHIZO EGA PERSADA,2,1,1,0,0,0,0,0
MEGAH AGRI MEDIA BAROKAH,2,0,1,0,0,0,0,1
GREENTECH INTERNATIONAL,2,0,0,2,0,0,0,0
CV. Bambu Emas,2,2,0,0,0,0,0,0
CV. PUPUK AGRI MANDIRI,2,0,1,0,0,1,0,0
BEKTI JOYO SAMPURNO,2,0,2,0,0,0,0,0
AGRO GEMILANG INDONESIA,2,0,1,1,0,0,0,0
BIO KONVERSI INDONESIA,2,0,0,2,0,0,0,0
AZELIS INDONESIA DISTRIBUSI,2,0,0,1,0,0,0,1
MULTI AGRINDO NUSANTARA,2,0,2,0,0,0,0,0
GUANO BERKAH SEJAHTERA,2,0,0,1,0,1,0,0
UTAMA KARYA TANI,2,0,2,0,0,0,0,0
MENTHOBI HIJAU LESTARI,2,0,2,0,0,0,0,0
TECHNER INDO RAYA,2,0,2,0,0,0,0,0
HUMAN LIFE INDONESIA,2,1,1,0,0,0,0,0
HIMALAYA AGRO INVESTAMA,2,0,1,0,0,1,0,0
NAKULA AGRI JAYA,2,0,0,0,1,0,0,1
DEKA AGRO PRODUCT,2,0,0,0,0,1,0,1
ANUGERAH DOLOMIT LESTARI,2,0,0,0,0,2,0,0
MARZUQ,2,1,0,0,0,1,0,0
PT.BUMI PERKASA AGRINDO,2,0,2,0,0,0,0,0
GRAHA AGRITECH PRIMA,2,1,0,0,0,0,0,1
GREENTRACK TECHNOLOGY INDONESIA,2,0,0,2,0,0,0,0
MERDEKA BAHARI INDONESIA,2,0,1,1,0,0,0,0
INOVASI FERTILIZER GROWPLANT,2,2,0,0,0,0,0,0
ANSELL AGRO INDONESIA,2,0,2,0,0,0,0,0
AGAPE SINAR NUSANTARA,2,1,0,0,0,0,0,1
TIGA DARA JAYA,2,0,2,0,0,0,0,0
INTER ALL,2,1,1,0,0,0,0,0
PILAR LIMA,2,0,1,1,0,0,0,0
MAKRO CHEMINDO,2,0,0,0,0,0,0,2
RILIS,2,2,0,0,0,0,0,0
PT. MITRA CHEMICAL WISESA,2,0,0,0,2,0,0,0
MAMORA MARTUA JAYA,2,1,1,0,0,0,0,0
"Tiara Kurnia, PT",2,0,2,0,0,0,0,0
TANATANI,2,0,1,1,0,0,0,0
KANANITORA,2,1,1,0,0,0,0,0
CV. GHANDI PUTRA,2,0,2,0,0,0,0,0
PT.MYCO AGRO LESTARI,2,0,0,2,0,0,0,0
PT. SEMESTA JAYA ABADI,2,0,0,0,1,0,0,1
PT. BIOGREEN AGRO NUSA,2,0,1,1,0,0,0,0
BUMI AGRO FERTILIZER,2,2,0,0,0,0,0,0
PROSPER MEGA NUSANTARA,2,2,0,0,0,0,0,0
CV. AGRO MITRA BERJAYA,2,2,0,0,0,0,0,0
HABIBI PUTRA TANI,2,1,1,0,0,0,0,0
PT. INDOGAL AGRO TRADING,2,1,0,0,0,0,0,1
CV. BAROKAH ZA,2,0,0,0,0,2,0,0
PT. Catur HIdayah Lestari,2,0,0,0,0,2,0,0
EMPAT LIMA NUSWANTORO,2,1,0,0,0,1,0,0
DHARMA KARTAPURA,2,0,0,0,0,2,0,0
GRAHA AGRO,2,0,2,0,0,0,0,0
ALAM MANFAAT BERKAH,2,0,0,0,0,2,0,0
PT. Sarana Agro Panata,2,0,1,0,0,0,0,1
JAWA AGRINDO INTERNASIONAL,2,2,0,0,0,0,0,0
BINTANG MARGOMULYA ORGANIK,2,0,2,0,0,0,0,0
CV.BUNGA TANI,2,0,0,0,0,0,0,2
BIO KONVERSI INDONESIA,2,0,0,2,0,0,0,0
PETROKIMIA KEBOMAS GRESIK,2,2,0,0,0,0,0,0
LINTANG BORNEO MANDIRI INDONESIA,2,2,0,0,0,0,0,0
KUTAI AGROLESTARI MAKMUR,2,0,1,0,0,1,0,0
PUTRA KIMIA GRESIK,2,0,0,0,0,2,0,0
PT. Bio Takemi Global,2,0,2,0,0,0,0,0
BAYER INDONESIA,2,2,0,0,0,0,0,0
AGRO MARITIM NUSANTARA,2,0,2,0,0,0,0,0
SURYA NUSANTARA SEJATI,2,0,0,2,0,0,0,0
NUSANTARA SURYA BENIH,2,0,0,0,0,0,0,2
EKO SUNGKONO,2,0,0,0,0,1,0,1
CV ALAM MAKMUR TANI AGRO,2,1,1,0,0,0,0,0
AGRONIKO NUSANTARA,2,0,1,1,0,0,0,0
PUTRA BARAGE RAYA,2,0,0,0,0,0,0,2
PT. BINTANG CHEMICAL ABADI,2,1,1,0,0,0,0,0
JAKE AGRO JAYA,2,0,0,0,0,0,0,2
CV. CENTRA AGRINUSA,2,1,0,0,0,1,0,0
UTAMA KARYA TANI,2,0,2,0,0,0,0,0
BIO CYCLE INDO,2,0,1,1,0,0,0,0
PT Mycotech Agro Asia,2,0,0,1,0,0,0,1
KKI NUSANTARA SUKSES,2,0,1,1,0,0,0,0
AGRI JAYA MANGGALA,2,0,0,0,0,0,0,2
PT. TIMUR ALAM RAYA,2,0,1,0,0,1,0,0
CV. Rachma Farm Sejahtera,2,0,1,0,0,0,0,1
TRI MITRA AGRO UTAMA,2,0,2,0,0,0,0,0
HANEARL SCIENCE INDONESIA,2,1,0,0,0,0,0,1
MEREK INDAH LESTARI,2,0,2,0,0,0,0,0
SEHAT CEMERLANG SEJAHTERA,2,1,0,0,0,1,0,0
CV Pandu Pratama Karya,2,0,2,0,0,0,0,0
SUMBER AGRO PERKASA,2,1,0,0,0,0,0,1
ALISHAN NUSA INDAH,2,0,1,1,0,0,0,0
PRIMA AGRO LESTARI,2,0,1,0,0,0,0,1
PUPUT TANI MANDIRI,2,2,0,0,0,0,0,0
MITRA SUKSES AGRINDO,2,0,1,1,0,0,0,0
BAKAPINDO,2,0,0,0,0,2,0,0
MULYO TANI MAKMUR,2,0,0,0,0,0,0,2
PT. SURYA PRATAMA ALAM,2,0,2,0,0,0,0,0
SONGGOLANGIT PERSADA,2,0,1,1,0,0,0,0
SARI MAHAPHALA INDONESIA,2,0,2,0,0,0,0,0
UD. Mitra Merdeka Tani,2,0,0,0,0,0,0,2
INDOSOL MAKMUR,2,1,0,0,0,1,0,0
PT. Saribumi Dewatalestari,2,2,0,0,0,0,0,0
SHINAMJAYA ABADI,2,0,0,0,0,2,0,0
KRISNA CAKRA CYRILLA,2,0,0,0,2,0,0,0
AGROCHEM MEGA GLOBALINDO,2,2,0,0,0,0,0,0
BIO AGRITECH NUSANTARA,2,0,2,0,0,0,0,0
JAWA AGRINDO INTERNASIONAL,2,2,0,0,0,0,0,0
SATRIA JAYA,2,0,2,0,0,0,0,0
NUSA BERKAT ALAM,2,0,1,1,0,0,0,0
KARUNIA ROTORINDO TANI,2,0,1,1,0,0,0,0
GEMA MITRA ANDALAN,2,1,0,1,0,0,0,0
HUSNA AGRO PERKASA,2,0,0,0,0,0,0,2
ANEKA NUTRISI GLOBAL INDONESIA,2,0,1,1,0,0,0,0
LOH JINAWI AKSHAYA,2,2,0,0,0,0,0,0
PT ISARU TEKNOLOGI NUSANTARA,2,0,2,0,0,0,0,0
CV. BUMI AGRO MANDIRI,2,0,0,0,0,0,0,2
META JAYA,2,0,2,0,0,0,0,0
TRUBUS MITRA SWADAYA,2,0,1,1,0,0,0,0
SEMERU 23 GROUP,2,2,0,0,0,0,0,0
PT. Soko Tani Sejagad,2,0,1,1,0,0,0,0
PT. AGROMAX ALAMI SUKSES,2,0,0,2,0,0,0,0
SARANA UTAMA LESTARI ALAM,2,0,2,0,0,0,0,0
CV. Casa Farm Hidroponik,2,0,0,0,0,0,0,2
AGRO BEN INDONESIA,2,0,2,0,0,0,0,0
BUKIT RAYA,2,0,0,0,0,2,0,0
MERPORIZAD BERKAH ABADI,2,0,0,2,0,0,0,0
RESTU MANDIRI INDONESIA,2,0,0,0,0,1,0,1
BELIRANG KALISARI,2,0,0,0,0,0,0,2
CV AGRO PETANI MAJU,2,0,0,0,0,2,0,0
KARUNIA PERMATA UTAMA,2,1,0,0,0,0,0,1
PT Bumi Indo Raharja,2,2,0,0,0,0,0,0
Koperasi Puspa Kencana,2,0,1,0,0,0,0,1
PT. Hasya Jaya Shafadila,2,1,0,0,0,0,0,1
HSP CITRA GLOBAL,2,0,0,0,0,2,0,0
SUMBER UTAMA TANI,1,0,0,0,0,1,0,0
DAMAI SINERGI NUSANTARA,1,0,1,0,0,0,0,0
HATTARA CITRA ARGO,1,0,0,0,0,0,1,0
SAMAWA AGRO PERSADA,1,0,0,0,0,0,1,0
STELLAR AGRI INDONESIA,1,0,1,0,0,0,0,0
SAWONGGALING NUSANTARA,1,0,0,0,0,1,0,0
CV. SURYA PETANI,1,0,0,0,0,1,0,0
FAJAR RIZQY TANI,1,0,0,1,0,0,0,0
GEMILANG BERKAH USAHA,1,0,0,0,0,0,0,1
PUTRA SHB SEJAHTERA,1,0,0,0,0,1,0,0
BERKATINDO NUSANTARA BERSINAR,1,0,0,1,0,0,0,0
CV.KWADRAN JAYA MANDIRI,1,1,0,0,0,0,0,0
PT. Sitosu Agro Cemerlang,1,0,0,1,0,0,0,0
BENIH ROMAN AGRO,1,0,0,0,0,0,0,1
CV. SAKINA AGRO INDUSTRI,1,0,1,0,0,0,0,0
PT.AGRITEK SUKSES INDONESIA,1,0,0,1,0,0,0,0
BUMI MAKMUR WIDYADHANA,1,0,0,0,0,1,0,0
RATAMA ELON PERKASA,1,1,0,0,0,0,0,0
HIDUP TUMBUH BERJAYA,1,0,0,1,0,0,0,0
ULIE HOPE SO,1,0,1,0,0,0,0,0
PT.MANDIRI DASAR UTAMA,1,1,0,0,0,0,0,0
BIOTEK AGRO NUSANTARA,1,0,0,1,0,0,0,0
PATIH GAJAHMADA,1,0,0,1,0,0,0,0
ASTINA MEGAH ABADI,1,0,1,0,0,0,0,0
ANAYA GLOBAL INDONESIA,1,0,0,0,1,0,0,0
SINAR ADHIKARI ARYASATYA,1,0,1,0,0,0,0,0
SITOSU AGRO CEMERLANG,1,0,1,0,0,0,0,0
BERKAH ALAM NUSANTARA FERTILIZER,1,0,0,0,0,1,0,0
JANTHO MAJU TANI,1,1,0,0,0,0,0,0
ORGANIK KARYA INDONESIA,1,0,0,0,0,1,0,0
HARMONI INCORPORATION,1,0,1,0,0,0,0,0
POSCO INTERNATIONAL INDONESIA,1,1,0,0,0,0,0,0
TOGA CIPTA FLORA,1,0,1,0,0,0,0,0
CV. DARMAPURI AGRO SEMESTA,1,0,1,0,0,0,0,0
CV. Agroxplore Indonesia,1,0,0,0,0,0,0,1
WILDO NATURAL INDONESIA,1,0,1,0,0,0,0,0
RIZKY AGRO MAKMUR,1,1,0,0,0,0,0,0
MESS JAYA INDONESIA,1,0,0,0,1,0,0,0
BIOCARE INDONESIA LANGGENG,1,0,0,0,0,0,0,1
JENGGONG MULYA JAYA SENTOSA,1,0,0,0,0,1,0,0
PANEN INTI NUSANTARA,1,0,1,0,0,0,0,0
GUNUNG MAS MAHRAJA GURAH,1,0,0,0,0,0,0,1
SINERGI CATALIS INDONESIA,1,0,1,0,0,0,0,0
SOIL AGRO SOLUTION,1,1,0,0,0,0,0,0
PELITA SAWIT NUSANTARA,1,0,1,0,0,0,0,0
TANAHMERAH BERKAT BESTARI,1,0,0,1,0,0,0,0
JAL SANI,1,0,0,1,0,0,0,0
MANDIRI SAPROTAN JAYA,1,0,0,1,0,0,0,0
MINARET CROWN ENERGY INTERNATIONAL,1,0,0,0,0,0,0,1
BULAN BINTANG JAYA,1,1,0,0,0,0,0,0
COKRO JOYO MITRA TANI,1,0,0,0,1,0,0,0
PT. Barokah Pinilih Agrotama,1,0,0,0,0,0,0,1
FITRIINDO LITE,1,0,0,0,0,1,0,0
SUPRANUSA INDOGITA,1,0,0,0,1,0,0,0
JAVANICA AGROSCIENCE INDONESIA,1,1,0,0,0,0,0,0
KAYA ALAM INDUSTRI,1,0,1,0,0,0,0,0
PRIMA PANCA AGRO,1,0,1,0,0,0,0,0
PUPUK INDONESIA NIAGA,1,0,0,0,1,0,0,0
PUTRA KEMBAR BINJAI,1,1,0,0,0,0,0,0
DANGIANG SRI,1,0,0,0,0,1,0,0
PT HIJAU BUMI INDONESIA,1,0,1,0,0,0,0,0
PABRIK GULA RAJAWALI II,1,0,1,0,0,0,0,0
RIZQI SEMESTA,1,0,0,1,0,0,0,0
MAYANGKARA INDO TANAM,1,0,0,0,0,0,1,0
CAHAYA AGROLEV KENCANA,1,1,0,0,0,0,0,0
MUTU AGROBIOCHEM NUSANTARA,1,0,0,1,0,0,0,0
GAHENDRA ABADI JAYA,1,0,1,0,0,0,0,0
PEKEBUN SWADAYA KELAPA SAWIT LABUHANBATU,1,0,1,0,0,0,0,0
TAKA SARANA TEKNO,1,0,0,0,0,1,0,0
BIO AGRO LESTARI INDONESIA,1,0,0,1,0,0,0,0
MUTIARA BENIH NUSANTARA,1,0,1,0,0,0,0,0
PETRO BUMI HIJAU GRESIK,1,1,0,0,0,0,0,0
BARDLIN PRAWARA LOKA,1,0,1,0,0,0,0,0
TATA TANI INDONESIA,1,0,0,1,0,0,0,0
MAHAMERU ASTANA SRIYA,1,1,0,0,0,0,0,0
BERKAH AUTO SUKSES SEJAHTERA,1,0,1,0,0,0,0,0
VIETINDO AGRO LESTARI,1,0,1,0,0,0,0,0
SEHAT BUMI SEMESTA,1,0,1,0,0,0,0,0
CV. BIR ALI JAYA,1,0,0,1,0,0,0,0
SUMBER MAKMUR AGROINDO,1,0,1,0,0,0,0,0
PT. FORMULA DISTRIBUSI KIMIA,1,0,0,0,0,0,0,1
PRATAMA BUANA RAYA,1,0,0,1,0,0,0,0
IRSYAM BINA FLORA,1,0,1,0,0,0,0,0
SHANI PURA,1,0,0,0,1,0,0,0
AGRO CULTURE,1,0,0,0,0,0,0,1
MTW LAM BLANG,1,0,0,0,0,0,0,1
BUNAYYA AGRI,1,1,0,0,0,0,0,0
BINTANG WARNA,1,0,1,0,0,0,0,0
SASA INTI,1,0,1,0,0,0,0,0
CV. Bintang Berlian,1,0,0,0,0,1,0,0
ZPT NATURE INDONESIA,1,1,0,0,0,0,0,0
PUTRA KRUENG JREU,1,0,0,0,0,0,0,1
JAYA ABADI JAYA,1,0,0,0,0,1,0,0
PT. BIO MARAJA NUSANTARA,1,0,1,0,0,0,0,0
KRT GREEN INDONESIA,1,0,0,0,0,0,0,1
CV.MITRA FARM MAJU BERSAMA,1,0,1,0,0,0,0,0
ZEE LORA GLOBAL INTERNASIONAL,1,0,0,0,0,0,0,1
WASKITA INTI NUSANTARA,1,0,1,0,0,0,0,0
CV. Flow Utama Nusantara,1,0,1,0,0,0,0,0
GEMILANG AGRO AGRAMIN,1,0,1,0,0,0,0,0
SOMPOAN SULAWESI SEJAHTERA,1,0,1,0,0,0,0,0
PETRO BUMI HIJAU,1,0,0,0,0,0,0,1
LAWOY BUMI ANUGERAH,1,0,0,1,0,0,0,0
CAHAYA BUANA ASIA,1,1,0,0,0,0,0,0
ETHAN GROUP,1,0,1,0,0,0,0,0
PT. AWAL TIGA MANDIRI,1,0,1,0,0,0,0,0
BIO SAMURAI JAPKORI,1,0,0,1,0,0,0,0
SUNAN DRAJAT LAMONGAN,1,0,0,0,0,1,0,0
CEPOGO AGRO LESTARI,1,0,1,0,0,0,0,0
KARYA BIRU INOVASI,1,0,0,1,0,0,0,0
HAYATI MAKMUR INDONESIA,1,0,0,1,0,0,0,0
CV. GAZALA SEJAHTERA MADANI,1,0,0,0,0,0,0,1
CIN KOREA NUSANTARA INDONESIA,1,0,1,0,0,0,0,0
SUGI TEKNIK PANGAN,1,0,1,0,0,0,0,0
CV JAYA FARMINDO,1,0,1,0,0,0,0,0
CV. HMS GLOBAL,1,0,0,0,0,1,0,0
WIJAYA SAKTI ABADI AGRIKULTUR,1,0,0,0,0,0,0,1
BUANA HIJAU PRATAMA,1,0,0,0,1,0,0,0
BAROKAH TANI JAYA BERSAMA,1,0,0,0,0,0,0,1
DAKSA YEKTI PRATAMA,1,0,1,0,0,0,0,0
DAVIANDRA NIAGA NUSANTARA,1,0,0,0,0,1,0,0
AGRIMAS CITRA MANDIRI,1,0,1,0,0,0,0,0
KARUNIA AGRI UTAMA,1,0,0,0,0,0,0,1
MATAHARI AGRI BERSAMA,1,1,0,0,0,0,0,0
PT Agri Timur Mas,1,1,0,0,0,0,0,0
AL HADID DUA PULUH,1,1,0,0,0,0,0,0
MAULANA WIJAYA MANDIRI,1,0,1,0,0,0,0,0
PRODUKSI TERNAK MAJU SEJAHTERA,1,0,1,0,0,0,0,0
AGRO TANI PERTIWI,1,1,0,0,0,0,0,0
POLARIS ORBIT INDONESIA,1,0,1,0,0,0,0,0
MEKAR TANI SUKSES,1,0,0,0,0,0,0,1
HIDAYAH AGRO MULYA,1,0,0,1,0,0,0,0
PT. KK Indonesia,1,0,0,1,0,0,0,0
PT KREASI SADAWIRA UTAMA,1,0,0,0,1,0,0,0
GEMA FAJAR NUSANTARA,1,0,0,1,0,0,0,0
CV.PETRO INTI PERKASA,1,0,0,0,0,1,0,0
CV. SUMBER USAHA ABADI,1,0,0,0,0,1,0,0
BIOCHEM INTI GLOBAL,1,0,1,0,0,0,0,0
ZAHRA INDO GREEN FARMERS,1,0,0,0,0,1,0,0
WASTEX TECHNOLOGY INDONESIA,1,0,0,0,0,1,0,0
TANI AGRI SUKSES,1,0,0,0,0,0,0,1
ANUGRAH LESTARI INDONESIA,1,0,1,0,0,0,0,0
PT. Zamrud Bumi Indonesia,1,0,1,0,0,0,0,0
UD. KASIHAN JAYA,1,0,0,0,0,1,0,0
PROFARM FERTILINDO,1,1,0,0,0,0,0,0
BINA ZHINOFA INDUSTRI,1,0,0,0,0,0,0,1
AUMA MAJU JAYA,1,0,0,0,1,0,0,0
ANEKA FLORA INDONESIA,1,0,0,0,0,0,0,1
AGRO BERKAH MANDIRI JAYA,1,0,1,0,0,0,0,0
CV ANANTA WINANGUN,1,0,1,0,0,0,0,0
CV TOYOPAMA,1,0,1,0,0,0,0,0
SATRIA GUNUNG SAKTI,1,1,0,0,0,0,0,0
ZEO BENT AGRO,1,0,0,0,0,1,0,0
YORIYUSAKIFA YUKI KOMPOS,1,0,1,0,0,0,0,0
LEMBAH NUSA ALAM,1,0,0,0,0,0,0,1
SURYA BAHARI PERSADA,1,0,0,1,0,0,0,0
MAKASSAR AGRO MANDIRI,1,0,1,0,0,0,0,0
TELSAP UTAMA,1,0,1,0,0,0,0,0
TERRA BARU INDONESIA,1,0,0,0,0,1,0,0
CIPTA ALAM MUKTI,1,0,0,1,0,0,0,0
JEMBATAN MERAH INDAH,1,0,0,1,0,0,0,0
ASRI JAYA RAYA,1,0,0,0,0,1,0,0
PT. ARTHASIDDHI SUKSES ANUGERAH,1,0,1,0,0,0,0,0
ARYSTA LIFESCIENCE TIRTA,1,0,0,0,1,0,0,0
SEKAR SARI JAYA,1,1,0,0,0,0,0,0
SRI DIPO NUSWANTORO,1,0,0,0,0,0,0,1
MENARA AGRO PRIMA,1,0,0,0,0,1,0,0
AGRO MUJIZAT INTEGRASI NUSANTARA,1,0,1,0,0,0,0,0
LENTERA KENCANA ABADI,1,1,0,0,0,0,0,0
CV. Bunga Agro Lestari,1,0,0,0,0,0,0,1
SAMUDRA PUTRA SEJAHTERA,1,0,0,0,0,1,0,0
BUNGA AGRO LESTARI,1,1,0,0,0,0,0,0
SARI TANI,1,0,0,0,0,1,0,0
BUMI MAKMUR SEJAHTERA LAMONGAN,1,0,1,0,0,0,0,0
CHRISTDO TITIAN JAYA,1,0,0,1,0,0,0,0
BLANG RAYA INDO,1,0,0,0,0,0,0,1
SINAR BUKIT SIAUR,1,0,0,0,0,1,0,0
AGRI NUSA TANI,1,0,0,1,0,0,0,0
PUTRA MAKMUR BERJAYA,1,0,0,0,0,1,0,0
TRASH FORMER INDONESIA,1,0,1,0,0,0,0,0
PETERNAKAN MAJU BERSAMA,1,0,0,1,0,0,0,0
SUSIANTO TANUDJAJA,1,0,0,0,0,1,0,0
BIO ENERGI RIMBA,1,0,1,0,0,0,0,0
ARPINDO PERKASA,1,0,1,0,0,0,0,0
AGROJAYA LESTARI,1,0,0,0,0,0,0,1
SUWARNI GLOBAL PERSADA,1,0,0,0,1,0,0,0
JAVA INDAH,1,0,0,0,0,0,0,1
GHM FARM TECH,1,0,1,0,0,0,0,0
NAGAMAS ARIF SEJATI,1,0,1,0,0,0,0,0
FERTILE ECOGREEN INDONESIA,1,0,1,0,0,0,0,0
SARI SUBUR LANGGENG JAYA,1,0,0,1,0,0,0,0
J.J TIGA PUTRI AGRICA,1,0,0,0,0,0,0,1
MEGA KARYA GRESIK,1,0,0,0,0,1,0,0
KOPERASI PRODUSEN KARYA NUGRAHA JAYA KUNINGAN,1,0,1,0,0,0,0,0
RIAU TANI BERSATU,1,0,0,1,0,0,0,0
KEMINDO INTERNATIONAL,1,0,1,0,0,0,0,0
PETROKIMIA GRESIK INDONESIA,1,1,0,0,0,0,0,0
REJEKI AGRO INDONESIA,1,0,1,0,0,0,0,0
PT FIRDAUS BERJAYA INDAH,1,0,0,0,0,0,0,1
FIDEC CIRCLE INDONESIA,1,0,0,1,0,0,0,0
DUA RODA AGRO TERPADU,1,0,1,0,0,0,0,0
DJUARA TANI NUSANTARA,1,0,1,0,0,0,0,0
PARAMA AGROINDUSTRI DANAPATI,1,1,0,0,0,0,0,0
PUTRA SIHOBON JAYA,1,0,1,0,0,0,0,0
CV. KIAT AGRO MANDIRI,1,0,0,0,0,1,0,0
HARVANITA AGRO NUSA,1,1,0,0,0,0,0,0
ANTASENA TAMBANG MAKMUR,1,0,0,0,0,1,0,0
DUA POETRA JAYA AGROLINK,1,0,0,0,0,0,0,1
BERKAH SUKSES TEKNOLOGI,1,0,0,0,0,0,0,1
CV. Sinar Surya,1,0,0,1,0,0,0,0
WILMA RAGAM INFOPEN,1,0,0,0,0,0,0,1
RIAU PRIMA ENERGI,1,1,0,0,0,0,0,0
DUPA WANGI FERTILINDO,1,0,1,0,0,0,0,0
SUMBER BERKAH AGRO SANTOSA,1,1,0,0,0,0,0,0
TERRA AGRO PERSADA,1,0,1,0,0,0,0,0
CV. Mino Tangguh Mandiri,1,0,1,0,0,0,0,0
DELTA ANUGRAH SUBUR SEJAHTERA,1,0,1,0,0,0,0,0
ZHEN TIAN WANG SOUTH EAST ASIA BIOLOGICAL TECHNOLOGY,1,1,0,0,0,0,0,0
SATYALOKA PARAMA SIDHI,1,0,1,0,0,0,0,0
BYTER AGRICULTURE INDONESIA,1,0,0,0,0,0,0,1
BERSAMA SATU TEGUH,1,0,1,0,0,0,0,0
BIO POLLEN INDONESIA,1,0,1,0,0,0,0,0
YUKI MINERALINDO PERSADA,1,0,0,0,0,1,0,0
WIDAYA AGROKIMIA NUSANTARA,1,0,0,1,0,0,0,0
KENCANA BHUMI SELARAS,1,1,0,0,0,0,0,0
TRION GENI UTAMA NUSANTARA,1,0,1,0,0,0,0,0
CV. Anugerah Prima Lestari,1,0,1,0,0,0,0,0
ARIF FIZAH FERTILIZER,1,1,0,0,0,0,0,0
AGROSMART,1,0,1,0,0,0,0,0
HUMUS AGRO LESTARI,1,0,0,0,0,1,0,0
NIAGA RAYA,1,0,0,0,0,1,0,0
SANG SURYA INDAH,1,0,1,0,0,0,0,0
PETROTECH INDO ENGINEERING,1,0,0,0,0,0,0,1
ALGATROPIA INDONESIA RAYA,1,0,1,0,0,0,0,0
WIJIMAS AGRI LESTARI,1,0,0,1,0,0,0,0
PASAROA KREASI ANAK NEGERI,1,0,0,0,0,0,0,1
EMJ AGRO NUSANTARA,1,0,1,0,0,0,0,0
GLOBAL ALAM PERKASA GRUP,1,0,0,0,0,1,0,0
CV. APDIL APDILAH SUPER BUAH,1,0,0,0,0,0,0,1
KELAPA NUSANTARA GROP,1,1,0,0,0,0,0,0
PERFEKTA LINTAS SEMESTA,1,0,0,1,0,0,0,0
SERASI MAHARAYA INDONESIA,1,0,0,1,0,0,0,0
SEMESTA ALAM INDO,1,0,0,0,0,1,0,0
ST UNGGUL JAYA,1,0,0,0,0,1,0,0
AGRANAS KARYA MANDIRI,1,1,0,0,0,0,0,0
AGRO NIAGA SEJATI,1,1,0,0,0,0,0,0
SULTAN AGRO NUSANTARA,1,0,1,0,0,0,0,0
CV. PUSAKA ALAM,1,0,0,0,1,0,0,0
PUTRA ABIMANYU UTAMA,1,1,0,0,0,0,0,0
LIM KOEI HOCK/UD SALIM JAYA,1,0,0,0,0,0,0,1
PT CENTRANUSA INTI PRIMA INDUSTRY,1,0,0,0,0,1,0,0
AGROLAND INDO SYNERGY,1,0,0,0,0,0,0,1
SANG SURYA BERSINAR,1,0,0,0,0,0,1,0
SARANA DAUN HIJAU,1,1,0,0,0,0,0,0
PT. HARAKU JAYA SINERGY,1,0,0,0,0,0,0,1
ABU NAWAS MEU ADAB,1,0,0,0,0,0,0,1
TEKNO ORGANIK PAPUA,1,0,0,1,0,0,0,0
CATUR INTI PERSADA,1,0,1,0,0,0,0,0
TIRTA MITRA PRATAMA,1,1,0,0,0,0,0,0
GAPOKTAN SUKA MAKMUR,1,0,1,0,0,0,0,0
MPS ORGANIK SUPER,1,0,1,0,0,0,0,0
SUMBER RAYA,1,0,0,0,0,1,0,0
CLAREXINDO MAKMUR SEJAHTERA,1,0,1,0,0,0,0,0
NUANSA INDORAYA PERKASA,1,0,0,0,0,1,0,0
ALAM KIMIA BLITZ PERKASA,1,0,0,0,0,1,0,0
NIAGA BERKAH ANUGRAH,1,0,1,0,0,0,0,0
CV. Subur Makmur Nusantara,1,0,0,0,0,0,0,1
QL AGROFOOD,1,0,1,0,0,0,0,0
INTI MINERAL INDUSTRI,1,0,0,0,0,0,0,1
BATARAGENI KARYA MANDIRI,1,0,0,1,0,0,0,0
PERDANA AGRO PERSADA,1,0,0,0,0,1,0,0
AGRO INDO MANDIRI,1,0,0,1,0,0,0,0
TRI HARMONI ABADI,1,0,1,0,0,0,0,0
RAINBOW AGROSCIENCES,1,0,1,0,0,0,0,0
CV.BERNAS ANDALAN SEJATI,1,0,1,0,0,0,0,0
PANCA MULYA TANIMAS LESTARI,1,0,1,0,0,0,0,0
BINTANG BERLIAN,1,0,0,0,0,1,0,0
AGRO LESTARINDO,1,0,1,0,0,0,0,0
BAROKAH ABADI TANI,1,0,1,0,0,0,0,0
DNA TECHNOLOGY INDUSTRI,1,0,0,0,0,0,1,0
CV AGRO SENTOSA ABADI,1,0,0,1,0,0,0,0
CV. LESTARI INTI AGRO,1,1,0,0,0,0,0,0
HIDAYAT BINTANG ASIA,1,0,1,0,0,0,0,0
MORAWA ORGANIK,1,0,1,0,0,0,0,0
MANDIRI DASAR UTAMA,1,1,0,0,0,0,0,0
PT Biodiversitas Bioteknologi Indonesia,1,0,0,1,0,0,0,0
TIGA KREASI BERSAMA,1,0,0,1,0,0,0,0
PT. BERKAT KARUNIA DAMAI,1,0,0,0,1,0,0,0
SAHABAT TANI TV,1,0,0,0,0,0,0,1
PROFARM FERTILINDO,1,1,0,0,0,0,0,0
MEKAR SARI JAYA,1,0,0,0,0,0,0,1
ASPA SEMBILAN TUJUH FARMER INDUSTRY,1,0,0,0,0,0,0,1
CV. ZEO BENT INDONESIA,1,0,0,0,0,1,0,0
BHETOCHAR ENERGI NUSANTARA,1,0,0,0,0,1,0,0
YKB MERAH PUTIH,1,0,1,0,0,0,0,0
BATARA SUBUR TANI,1,0,1,0,0,0,0,0
MONTREAL JAYA INDO,1,0,1,0,0,0,0,0
KUR AGRO LESTARI,1,0,1,0,0,0,0,0
SURYAPRATAMA CITRALESTARI,1,0,0,0,0,0,0,1
MUKTI GRAHA PERKASA,1,1,0,0,0,0,0,0
INDO FERT CORP,1,0,0,0,0,1,0,0
CV. Rimba Jaya,1,0,1,0,0,0,0,0
GRESIK GOLD BLESSING,1,0,0,0,0,1,0,0
LAHAN MAS MEKAR,1,1,0,0,0,0,0,0
SEMBILAN JAYA ABADI RESOURCES,1,0,0,0,0,1,0,0
ARTA PUTRI,1,0,1,0,0,0,0,0
CV. PRIMA SAKTI,1,1,0,0,0,0,0,0
BUKIT MAS MURTI PERSADA,1,0,0,0,0,1,0,0
BERKAH BUMI BARU,1,0,0,0,0,1,0,0
NS CROPS ORGANIC,1,0,1,0,0,0,0,0
ALOVE BALI IND,1,0,1,0,0,0,0,0
APDIL APDILAH SUPER BUAH,1,0,0,0,0,0,0,1
JASARESI MANDIRI,1,0,0,0,0,0,0,1
PT. SETIA ALAM SINERGI,1,0,0,0,0,0,0,1
TRIASPUTRA AGRO MAJU SEJAHTERA,1,0,0,0,0,0,0,1
PT. Gemah Ripah Loh Jinawi Industri,1,0,0,0,1,0,0,0
BUMI SRIWIJAYA INDONESIA,1,0,0,0,0,1,0,0
BERSAMA AGRI MAKMUR,1,1,0,0,0,0,0,0
PT Cipta Ulang Sumberdaya Indonesia,1,0,0,1,0,0,0,0
DEWI MURNI SAMPURNA,1,0,0,0,0,0,0,1
TRANS BUMI SUBUR SEJAHTERA,1,0,0,0,0,1,0,0
WINON INTERNATIONAL,1,0,1,0,0,0,0,0
UD Jonhson,1,0,1,0,0,0,0,0
MAJJAMA AGRO INDUSTRI,1,0,0,0,0,0,0,1
MEGA KIMIA INDUSTRI,1,0,0,0,0,1,0,0
TUNAS MAKMUR JAYA ABADI,1,0,1,0,0,0,0,0
AGROABADI MAKMUR PERSADA,1,1,0,0,0,0,0,0
MITRA TANINDO,1,0,0,0,0,0,1,0
ARTHASIDDHI SUKSES ANUGERAH,1,0,1,0,0,0,0,0
DEWADARU KARYAUTAMA JAYA,1,0,0,0,0,1,0,0
INFINITI SUMBER ALAM,1,0,1,0,0,0,0,0
TUNAS LESTARI ALAM INDAH,1,0,1,0,0,0,0,0
PRAMUDITA DARYA PARMA,1,0,0,1,0,0,0,0
LIBO FARMING,1,0,1,0,0,0,0,0
PT DYNAPHARM NUSANTARA GEMILANG,1,0,1,0,0,0,0,0
SAMOR ARGA MAKMUR,1,0,1,0,0,0,0,0
INTIDAYA AGROLESTARI,1,0,0,1,0,0,0,0
CV.JABAL REZKI,1,0,0,0,0,1,0,0
ZENTIDE BIOTEKNOLOGI GLOBAL,1,0,1,0,0,0,0,0
CIWANGI NUTRISI TANAMAN,1,0,0,0,0,0,0,1
ARJUNA GRESIK BUMI PERKASA,1,1,0,0,0,0,0,0
PT. NUSANTARA AGRO FARMA,1,0,1,0,0,0,0,0
CANTIGA,1,0,1,0,0,0,0,0
MANDIRI CEMERLANG ABADI,1,0,0,1,0,0,0,0
PT. Winon International,1,0,1,0,0,0,0,0
SEDAYA AGRO,1,0,0,0,0,0,0,1
PT UNGGUL SEJAHTERA PERTANIAN,1,0,0,0,0,1,0,0
PELITA SUSUN BENTANG ORGANIK,1,0,1,0,0,0,0,0
PT GLOBAL GROWTH,1,0,1,0,0,0,0,0
PRINALTIA JUNTA PERKASA,1,0,1,0,0,0,0,0
BELERANG GUNUNG KAWAH IJEN,1,1,0,0,0,0,0,0
INSAN LESTARI,1,0,0,1,0,0,0,0
MUNCUL BERKAH TANI,1,0,0,0,0,1,0,0
UD. HARAPAN ABADI,1,0,0,0,0,1,0,0
PABRIK GULA RAJAWALI I,1,0,0,1,0,0,0,0
ZAQ INDONESIA,1,0,1,0,0,0,0,0
SURYA SEMI SENTOSA,1,0,0,1,0,0,0,0
BIOKLANTEK NUSANTARA,1,0,0,1,0,0,0,0
GEUSAN WIRA PERKASA,1,0,1,0,0,0,0,0
DAVARI ANUGERAH SEJAHTERA,1,0,1,0,0,0,0,0
PT. Kemoza Mandiri Grup,1,0,0,0,0,1,0,0
WIRA ADHI SATYA PERTIWI,1,0,0,1,0,0,0,0
BUMI LAVANAA AGRO INDUSTRI,1,0,0,1,0,0,0,0
SINAR MAS AGRO RESOURCES AND TECHNOLOGY,1,0,0,1,0,0,0,0
BIO BATARA JAYA,1,0,1,0,0,0,0,0
WILIS MULYO NUSWANTORO JOYO,1,0,0,1,0,0,0,0
INDOHAYATI AGRO SEJAHTERA,1,0,1,0,0,0,0,0
RAHMA JAYA,1,1,0,0,0,0,0,0
PT. BLANG THOEI LUAH,1,0,1,0,0,0,0,0
ORCHID GLOBAL MAKMUR,1,0,1,0,0,0,0,0
CV. Marson Syah,1,0,1,0,0,0,0,0
HAFISA ANUGERAH MAKMUR,1,1,0,0,0,0,0,0
TRUBUS MAS LESTARI,1,0,0,1,0,0,0,0
IKASHI SABDA AGUNG,1,0,0,1,0,0,0,0
NAVATI GEMILANG MANDIRI,1,0,1,0,0,0,0,0
TATANAN ALAM SEGAR,1,0,1,0,0,0,0,0
ARGO WIRA BUANA,1,0,1,0,0,0,0,0
IJO,1,0,1,0,0,0,0,0
SINAR JAYA SAE,1,0,0,0,1,0,0,0
BIO NUSA LESTARI,1,0,0,1,0,0,0,0
MUTIARA ZIOSOVIQ,1,0,0,0,0,1,0,0
RAMBATE RATAHAYU,1,1,0,0,0,0,0,0
ANDI JAYA INDUSTRI,1,1,0,0,0,0,0,0
DEWI,1,0,0,0,0,1,0,0
SUMBER PANGAN GRESIK,1,0,0,0,0,1,0,0
KUDJANG PUTRA PRATAMA,1,0,0,0,0,1,0,0
ADHI MANGGALA,1,0,0,0,0,1,0,0
FAN JAYA MANUNGGAL,1,1,0,0,0,0,0,0
AGROTANI,1,0,1,0,0,0,0,0
NAWASENA UNGGUL SANTOSA,1,0,0,0,0,0,0,1
KARYA ALAM SUKSES,1,0,0,0,0,1,0,0
MADUBARU,1,0,0,1,0,0,0,0
PUTRA JAYA RAHARJA,1,0,0,0,0,1,0,0
SURYA NUSA PERKASA,1,0,0,0,0,0,0,1
HERKREASI,1,0,0,0,0,0,0,1
VALENTA JAYA BERSAMA,1,0,0,0,0,0,0,1
PT. LAJU PERSADA UTAMA,1,0,0,0,0,1,0,0
CV. RIAU AGROFERT,1,1,0,0,0,0,0,0
ANAGATA AGRO ABADI,1,0,1,0,0,0,0,0
ARINAKI MULIA BERSAMA,1,1,0,0,0,0,0,0
RIMBA ALAM NUSANTARA,1,0,1,0,0,0,0,0
CLEAN AND WELL PACK INDONESIA,1,0,0,0,0,0,0,1
PT. DAHLIAH DUTA UTAMA,1,0,1,0,0,0,0,0
BIN ZEIN AGRICULTURE,1,0,0,0,0,1,0,0
BERLIAN ANUGERAH JAYA,1,0,0,0,0,1,0,0
HUMACARE INDONESIA ABADI,1,0,1,0,0,0,0,0
CV. MANUNGGAL ABADI SENTOSA,1,0,1,0,0,0,0,0
HERDANIC AFDA DIHESA,1,0,0,1,0,0,0,0
CV. INDAH PRATAMA SARI,1,0,0,0,0,1,0,0
KK INDONESIA,1,0,0,1,0,0,0,0
SEMANGAT BERSAMA ENTREPRENEURSHIP,1,0,0,1,0,0,0,0
ARMAFAN BAKTI SESAMA,1,0,1,0,0,0,0,0
LEGASI ALAM INDONESIA,1,0,0,0,0,0,0,1
"TANI JAYA, UD",1,0,0,0,0,1,0,0
GUNUNG DONO PUTRA,1,0,0,0,0,1,0,0
CV. DITAMA RAYA,1,0,1,0,0,0,0,0
DELTA FORTUNA,1,0,0,1,0,0,0,0
ALAM SEMESTA TEKHNOVASI,1,0,0,1,0,0,0,0
LABEZAR UTAMA INDONESIA,1,0,0,0,1,0,0,0
BENATA,1,0,1,0,0,0,0,0
PT. PERMATA NEGERI INDONESIA,1,0,0,0,0,1,0,0
BERKAH TANI LESTARI,1,0,0,0,0,0,0,1
ANDALAS DOLOMIT SEJAHTERA,1,0,0,0,0,1,0,0
CV. Sinar Surya,1,0,1,0,0,0,0,0
NUSANTARA TETAP JAYA,1,0,0,0,0,1,0,0
BASIMBAH TANI SYAHDILATA,1,0,1,0,0,0,0,0
MITRA KREASIDHARMA,1,0,0,0,0,0,0,1
SUMBER MULYA GRAND ORGANIK,1,0,1,0,0,0,0,0
MITRA GRESIK INDONESIA,1,0,0,0,0,1,0,0
EMIRA AGRITANI,1,0,0,0,0,1,0,0
ASIA PACIFIC MARKETING INTERNATIONAL,1,0,1,0,0,0,0,0
ASIA PACIFIC RAYON,1,0,0,0,0,0,0,1
CV. PONDANGI,1,0,1,0,0,0,0,0
DUTA AGRO LESTARI,1,0,1,0,0,0,0,0
PUPUK KELAPA SAWIT JAYA,1,1,0,0,0,0,0,0
CV. Argo Pundi Lestari,1,1,0,0,0,0,0,0
MAHKOTA JAYA RAYA,1,0,0,0,0,0,0,1
ARTHA BUANA MANDIRI,1,0,0,0,0,0,0,1
JAYA MAKMUR SENTAUSA,1,0,0,0,0,0,0,1
PUTRO JOYO GROUP,1,0,0,0,0,1,0,0
PT. POLOWIJO GRAHA NIAGA,1,0,0,0,1,0,0,0
TASMA PUJA,1,0,1,0,0,0,0,0
CV. BINA AGRO PACIFIC,1,0,0,0,0,1,0,0
BUMI MAKMUR,1,0,1,0,0,0,0,0
EKOTANI SINAR ANUGERAH,1,0,1,0,0,0,0,0
LAMPOH LADA,1,0,0,0,0,0,0,1
GROWING PLANTS INTERNASIONAL,1,1,0,0,0,0,0,0
ALAMI ORION AGROTAMA,1,0,0,1,0,0,0,0
CV. Sinar Agro Sejati,1,0,1,0,0,0,0,0
ENERGI AGRO NUSANTARA,1,0,0,1,0,0,0,0
DASA VAYU ALAM SARI,1,0,1,0,0,0,0,0
NETA AGRINDO SANTOSA,1,0,0,0,0,0,0,1
BIMA JAYA FARM,1,0,0,0,0,1,0,0
BANGBARA SADULUR MAKMUR,1,0,1,0,0,0,0,0
KOPERASI PRODUSEN BRAHMAN SEJAHTERA SUBANG,1,0,1,0,0,0,0,0
ETONG CHEMICAL INDONESIA,1,1,0,0,0,0,0,0
JAYA PERKASA,1,1,0,0,0,0,0,0
EVA SUKSES MAKMUR,1,0,1,0,0,0,0,0
DARMAWANGSA PUTRA,1,0,0,0,1,0,0,0
IRQ MAKMUR JAYA,1,0,0,0,0,1,0,0
RIZKI FERTILA SEJAHTERA,1,0,0,0,0,1,0,0
PT Tri Dharma Internasional,1,0,0,1,0,0,0,0
CV. Putri Gresik,1,0,0,0,0,1,0,0
RODAME INDONESIA,1,0,1,0,0,0,0,0
SUBUR MAKMUR ORGANIK,1,0,1,0,0,0,0,0
PESONA HERBAL INDONESIA,1,0,1,0,0,0,0,0
KARYA MANUNGGAL JAYA,1,0,1,0,0,0,0,0
CV. AL HADID 20,1,0,0,0,0,0,0,1
BERKAH ALAM GEMILANG,1,0,0,0,0,0,0,1
HAYATI MAKMUR NUSANTARA,1,0,0,1,0,0,0,0
SEJAHTERA ABADI,1,0,1,0,0,0,0,0
BIOTEK AGRI LESTARI,1,0,0,1,0,0,0,0
ARWANA TANI MAKMUR,1,0,0,0,0,0,0,1
TIRTA UTAMA GLOBAL,1,0,1,0,0,0,0,0
OMTEC PRIMA MANDIRI,1,0,0,0,0,1,0,0
MULIA REZEKI ABADI,1,0,0,0,0,1,0,0
NUTRISI INDONESIA RAYA,1,0,1,0,0,0,0,0
TRIJAYA ANUGRAH SENTOSA,1,0,1,0,0,0,0,0
Yayasan Pemilahan Sampah Temesi,1,0,1,0,0,0,0,0
DHARMA PERTIWI,1,0,1,0,0,0,0,0
PT.LINTAS INDO SEJAHTERA,1,0,0,1,0,0,0,0
BIO DITA ORGANIK,1,0,1,0,0,0,0,0
CV. Cipta Agrifarmerindo,1,0,1,0,0,0,0,0
GREEN PHOSKA SEJAHTERA,1,1,0,0,0,0,0,0
CV. CEMIKA OPTIMA,1,0,1,0,0,0,0,0
PT. BIO INOVASINDO HAYATI,1,0,0,1,0,0,0,0
PT.Madura Guano,1,0,0,0,1,0,0,0
MAKMUR JAYA AGRO,1,0,0,0,0,0,0,1
FORMULA DISTRIBUSI KIMIA,1,0,0,0,0,0,1,0
KELOMPOK USAHA BERSAMA SIDO TENTREM,1,0,1,0,0,0,0,0
KUMISIK BERKAH SEJAHTERA,1,0,1,0,0,0,0,0
REJEKI INDO AGROTEC,1,0,1,0,0,0,0,0
PT. KARYA ALAM SUKSES,1,0,0,0,0,1,0,0
SUMITOMO INDONESIA,1,1,0,0,0,0,0,0
SUPER GRADE ROSINDO,1,0,0,1,0,0,0,0
PT. NUANSA INDORAYA PERKASA,1,0,0,0,0,1,0,0
MAHAJAYA MULTI SINERGI,1,0,1,0,0,0,0,0
PT. Hikari Agro Indonesia,1,0,0,1,0,0,0,0
PT DIANATA ADIKARYA SENTOSA,1,0,1,0,0,0,0,0
COKRO JOYO PASTI CUAN,1,0,0,0,0,1,0,0
SOLUSI AGRONUSA PRATAMA,1,0,1,0,0,0,0,0
MINERAL JAYA ALAM NUSANTARA,1,0,0,0,0,0,0,1
DAHLIAH DUTA UTAMA,1,0,0,1,0,0,0,0
BAHAGIA JAYA SINERGY,1,0,0,0,0,0,0,1
SURYA BUMI ADILMAKMUR,1,0,0,0,1,0,0,0
SIMAR ALAM BERKAH,1,0,0,1,0,0,0,0
CV BIO SENTRATAMA,1,0,1,0,0,0,0,0
ANUGRAHA ALAM SENTOSA,1,0,1,0,0,0,0,0
ESA ILHAM PERSADA,1,0,1,0,0,0,0,0
MARCO JAYA SEJAHTERA,1,0,1,0,0,0,0,0
MITRA TEMASEK NUSANTARA,1,0,0,1,0,0,0,0
AURORA SABANGSATIA,1,0,1,0,0,0,0,0
CIPTA MAKMUR BERSAMA,1,1,0,0,0,0,0,0
PT.BINTANG ANANDA MANDIRI,1,0,0,0,0,1,0,0
EMINEN GLOBALINDO RAYA,1,0,0,0,0,0,0,1
ADAMAS ASABHUMI,1,0,1,0,0,0,0,0
SENTRA PETERNAKAN RAKYAT (SPR),1,0,1,0,0,0,0,0
ORGANIC FARMING INDONESIA,1,0,0,1,0,0,0,0
MADA PUTRA NUSANTARA,1,1,0,0,0,0,0,0
AGROTIS GAIA INDONESIA,1,0,0,0,1,0,0,0
ULI AGRO MAKMUR,1,0,1,0,0,0,0,0
EBISU GLOBALTRADING INDONESIA,1,0,1,0,0,0,0,0
CAKRA DHARMA USAHA,1,0,0,1,0,0,0,0
SAUNG AGRO NUSANTARA,1,0,0,1,0,0,0,0
BIAN JAYA MAKMUR,1,0,1,0,0,0,0,0
MAJU JAYA,1,0,0,0,0,1,0,0
SUBUR MAKMUR ORGANIK,1,0,1,0,0,0,0,0
REGENERASI KEHIDUPAN NUSANTARA,1,0,1,0,0,0,0,0
PT BANDUNG ECO SINERGI TEKNOLOGI,1,0,1,0,0,0,0,0
NAZRAH AGRO MANDIRI,1,0,1,0,0,0,0,0
TIARA AGRO HITA KENCANA,1,0,0,1,0,0,0,0
PALAPA GRESIK,1,0,0,0,0,1,0,0
PANGAN INDO MAJU ABADI,1,0,0,0,1,0,0,0
PT. Anugerah Sarana Hayati,1,0,0,1,0,0,0,0
PT. Sri Munarti Supakat Indoputra,1,0,0,1,0,0,0,0
BUKIT KAPUR ALAM RAYA,1,0,0,0,0,1,0,0
LAUTAN LUAS,1,0,0,0,1,0,0,0
CV. ANUGERAH BERSAMA,1,0,1,0,0,0,0,0
INOVASI ANAK INDONESIA,1,0,1,0,0,0,0,0
CITRA ANUGRAH MALINOTAMA,1,0,1,0,0,0,0,0
AGRO GALBA RABUKA,1,0,0,1,0,0,0,0
PT. BIOTEK AGRO INDONESIA,1,0,0,1,0,0,0,0
PERSADA HIJAU,1,0,0,1,0,0,0,0
DELTAGRO MULIA SEJATI,1,1,0,0,0,0,0,0
SUMINDO,1,1,0,0,0,0,0,0
HARVEST BERKAH ABADI,1,0,1,0,0,0,0,0
AGRO INVESTAMA LESTARI,1,0,0,1,0,0,0,0
PUPUK AGRO JAYA,1,1,0,0,0,0,0,0
PUTRA KURNIA MAS,1,0,0,0,0,1,0,0
ECA TANI BAROKAH,1,0,0,0,1,0,0,0
PT KIBO AGRI JAYA,1,0,0,1,0,0,0,0
MAHA DWIPA NUSANTARA,1,0,0,0,0,0,0,1
SEPAKAT GLOBAL,1,0,0,1,0,0,0,0
MAKMUR BUMI ABADI,1,0,1,0,0,0,0,0
NIRANKARA MAKMUR AGRO,1,0,0,0,0,1,0,0
TAWANG AGRO FARM,1,0,1,0,0,0,0,0
PESONA PETANI NUSANTARA,1,0,1,0,0,0,0,0
GALIH JATI,1,0,1,0,0,0,0,0
TIMAN AGUNG,1,0,1,0,0,0,0,0
BANGKIT SOLUSI AGRINDO,1,0,0,1,0,0,0,0
SUNJOY AGRO INDONESIA,1,0,0,0,0,0,0,1
HARI AGRO HAYATI,1,0,1,0,0,0,0,0
LOBO KRIS UNIKKA,1,0,1,0,0,0,0,0
SYNGENTA INDONESIA,1,0,1,0,0,0,0,0
ASA MANDIRI SEJAHTERA,1,0,0,1,0,0,0,0
TARUM SINERGI INDONESIA,1,0,1,0,0,0,0,0
MULIA AGRO SEJAHTERA,1,0,0,1,0,0,0,0
CV. Bulaksari Farm,1,1,0,0,0,0,0,0
CIPTA USAHA SANTOSA,1,0,0,0,0,0,0,1
SUBURI PUTRA MANDIRI,1,0,1,0,0,0,0,0
CV. HANGSON,1,0,0,0,0,0,0,1
CIHURIP AGRO NUSA,1,0,0,1,0,0,0,0
TANIKITA BERKAH,1,0,0,0,0,1,0,0
MITRA TERBAIK NUSANTARA,1,0,0,0,1,0,0,0
CV.PRATAMA LESTARI,1,0,0,0,0,0,0,1
BARATAYUDA AGRO TANI,1,0,0,1,0,0,0,0
SUMBER ALAM REJEKI,1,0,0,0,0,1,0,0
RJ MANDIRI,1,0,0,0,0,1,0,0
PT PERSADA PUPUK INDONESIA,1,0,1,0,0,0,0,0
TAN TJUN HOA/UD. NAGA MAS SAKTI,1,0,0,0,0,1,0,0
CV. Wahana Putra Mandiri,1,0,0,0,0,1,0,0
AGRO RIZVIK PRADANA,1,0,0,0,0,1,0,0
H.C.S. POWERINDO,1,0,1,0,0,0,0,0
ULTRAMIC INDONESIA,1,0,0,1,0,0,0,0
SEMULUR JAYA MAKMUR,1,0,1,0,0,0,0,0
CV. INDO SAMADA,1,0,0,0,0,0,0,1
BIO HARUN INDONESIA,1,0,1,0,0,0,0,0
INAMAS ANUGERAH SEMESTA,1,0,0,0,0,0,0,1
TOKYO DELAPAN INDONESIA,1,0,0,1,0,0,0,0
PLANTSAFE FERTILIZER INDONESIA,1,1,0,0,0,0,0,0
ALAMO GREENLIFE INTERNATIONAL,1,0,0,1,0,0,0,0
INOVASI NAGA LAUT BIRU,1,0,0,1,0,0,0,0
RICH DIGITAL NATURE,1,0,1,0,0,0,0,0
MOZAIKS JAYA MAKMUR,1,0,0,1,0,0,0,0
DAYA MERRY PERSADA,1,0,0,0,0,1,0,0
BERKAH FIQRI KERINCI,1,0,1,0,0,0,0,0
AGRO MUSTIKA ABADI,1,0,1,0,0,0,0,0
DAESANG INGREDIENTS INDONESIA,1,0,1,0,0,0,0,0
DEDANDU UTAMA,1,0,1,0,0,0,0,0
PADI DAMAI BALI,1,0,1,0,0,0,0,0
INOVASI TANI ALHIDAYAH GORONTALO,1,0,1,0,0,0,0,0
OMYA DISTRIBUTION INDONESIA,1,0,0,0,0,1,0,0
PT. MULYO TANI MAKMUR,1,0,0,0,1,0,0,0
SARI JAYA AGRO,1,1,0,0,0,0,0,0
BADAN USAHA MILIK PETANI (BUMP) PT. PENGAYOM TANI SEJAGAD,1,0,1,0,0,0,0,0
IJO INOVASI INDONESIA,1,0,1,0,0,0,0,0
MITRA SABDA,1,0,0,1,0,0,0,0
AKHTARINDO CHEMICAL SPECIALIST,1,0,0,0,0,0,0,1
GLOBAL NUTRI AGRINUSA,1,0,1,0,0,0,0,0
CV. Hattara Citra Argo,1,0,0,0,0,0,0,1
CV. BERKAH MAKMUR NUSANTARA,1,0,0,0,0,1,0,0
BUMI ASIH LELUHUR,1,0,1,0,0,0,0,0
PT. TANCIMAS WISIN JAYA,1,0,1,0,0,0,0,0
AGRO UNGGUL,1,0,0,0,0,1,0,0
AGAR SARI JAYA,1,0,1,0,0,0,0,0
MITRA CIPTA AGRO,1,0,0,0,0,0,0,1
KOPERASI KONSUMEN KSM SEHAT SEJAHTERA,1,0,1,0,0,0,0,0
TOMATEC INDONESIA,1,0,0,0,0,0,0,1
TRINITY MULTI,1,1,0,0,0,0,0,0
BUMI NOTO ROGO,1,0,1,0,0,0,0,0
CV BINA AGRO JAYA MAKMUR,1,0,0,0,0,0,0,1
SINAR MUTIARA GRESIK,1,0,0,0,0,1,0,0
SUMBER INTI CEMERLANG,1,0,0,0,0,0,0,1
ALAM PERKASA JAYA,1,0,1,0,0,0,0,0
PT.CITRA GIZEL MANDIRI,1,0,0,1,0,0,0,0
JASA TANI SUBUR,1,0,0,0,0,0,0,1
CAHAYA BARU,1,0,1,0,0,0,0,0
BUMI ALAM JATI,1,0,0,1,0,0,0,0
ADHIESTA NUGRAHA,1,0,0,1,0,0,0,0
CV. Maju Dua Sahabat,1,0,0,0,0,0,0,1
NUVALA MAKMUR SEJAHTERA,1,0,0,0,0,1,0,0
ARTHA MUARA FERTILIZER,1,0,0,0,0,1,0,0
CV. Mandiri Massadidu,1,0,1,0,0,0,0,0
ANUGERAH TANI MAKMUR,1,1,0,0,0,0,0,0
PLANET CHEMICALS,1,1,0,0,0,0,0,0
ANUGRAH TUNAS MANDIRI,1,0,0,0,0,0,0,1
INSAN TANI MANDIRI,1,0,1,0,0,0,0,0
PT. GRESIK NUSANTARA FERTILIZER,1,0,0,0,0,1,0,0
NOGYO ALAM SWASTIKA,1,0,1,0,0,0,0,0
PT. DUWIPA AGRO PERSADA,1,0,0,0,0,0,0,1
KARYA KOMPOS ORGANIK,1,0,1,0,0,0,0,0
MANDALA AGRO MAKMUR,1,1,0,0,0,0,0,0
CV. INDOZEZAR,1,0,1,0,0,0,0,0
MUTIARA TIMUR GRESIK,1,0,0,0,0,1,0,0
PT Pupuk Agung Sentosa,1,0,0,1,0,0,0,0
SAMRSAR,1,0,1,0,0,0,0,0
THIA ORGANIK,1,0,1,0,0,0,0,0
KARWALIP ROCHIS INDONESIA,1,0,0,1,0,0,0,0
BINANGUN GEMILANG SEMBADA,1,0,1,0,0,0,0,0
CATUR KARTIKA JAYA,1,0,0,1,0,0,0,0
SAMBONG PUTRA MARGO UTOMO,1,0,0,0,0,1,0,0
NUSANTARA AGRO HAYATI,1,0,1,0,0,0,0,0
MAS LESTARI INDONESIA,1,0,1,0,0,0,0,0
TANIRA YASA UTAMA,1,0,0,1,0,0,0,0
AGRO MAKMUR BERSAMA,1,0,0,0,0,1,0,0
EUREEKA INDONESIA,1,0,0,0,0,0,0,1
WULAN PUPUK INDONESIA,1,0,0,1,0,0,0,0
YUDHA PERDANA ANGESTI,1,1,0,0,0,0,0,0
ENNO CORPORATION,1,0,0,0,0,0,0,1
ARGA TANI MANDIRI,1,0,1,0,0,0,0,0
CARIU AGRO NATURA,1,0,1,0,0,0,0,0
JIVA AGRICULTURE INDONESIA,1,1,0,0,0,0,0,0
RAJA BORNEO FARM,1,0,1,0,0,0,0,0
MINERINDO TRIFABUANA,1,0,0,0,1,0,0,0
LUAS ARUNG SEJAHTERA,1,0,0,1,0,0,0,0
MITRA TANI MAKMUR,1,0,0,1,0,0,0,0
PT SURYA JAYA PRAKARSA SELARAS,1,0,0,0,0,1,0,0
WAHANA ALAM INDONESIA,1,0,0,0,0,1,0,0
CV. MEISA ADELIA PRIMA PRO,1,1,0,0,0,0,0,0
BIO AGRI LINK,1,0,0,0,0,0,0,1
SUKA BUMI LESTARI,1,0,0,0,0,1,0,0
PATAQU USAHA EXELEN,1,0,1,0,0,0,0,0
PT. ROJO KOYO MANUNGGAL GROUP,1,0,0,0,0,1,0,0
ANISA AGRO LESTARI,1,1,0,0,0,0,0,0
KITA TUMBUH SUBUR,1,0,1,0,0,0,0,0
PT. Bahra Eco Semesta Tani,1,0,0,0,0,0,0,1
UNIVERSAL BIOGRO AGRO,1,0,0,1,0,0,0,0
DIENG AGRO VANJAVA,1,0,1,0,0,0,0,0
BUMI SUBUR UTAMA,1,0,1,0,0,0,0,0
RAWWA ROUNDTEC INDONESIA,1,0,1,0,0,0,0,0
RAHMAD JAYA SANTOSO,1,0,1,0,0,0,0,0
CV. Baraya Maju Bersama,1,0,1,0,0,0,0,0
PANCARAN DARMA FARMINDO,1,0,0,1,0,0,0,0
MARGO UTOMO MULYO,1,0,1,0,0,0,0,0
PT. LINGGA HSB ABADI,1,0,0,1,0,0,0,0
PT. KAPUR PUTIH LAMPUNG,1,0,0,0,0,1,0,0
KERAMBITAN AGRO,1,0,1,0,0,0,0,0
SORIK ANGKOLA SINERGI,1,0,0,0,0,1,0,0
SUWARNADWIPA GREEN FERTILIZER,1,1,0,0,0,0,0,0
INDAGRO,1,0,0,1,0,0,0,0
MULIA SUKSES ABADI SENTOSA,1,0,0,1,0,0,0,0
PT. ARYA SUPRA NUGRAHA,1,0,0,0,1,0,0,0
EKADWI SELO UNGGUL,1,1,0,0,0,0,0,0
CV. KANA MAKMUR,1,0,0,0,0,0,0,1
AGROBION SEJAHTERA,1,0,1,0,0,0,0,0
SEKAWAN JAYA BESTINDO,1,0,0,0,0,1,0,0
NATURAL EVERGREEN ORGANIK,1,0,1,0,0,0,0,0
NUSANTARA AGRO FARMA,1,0,1,0,0,0,0,0
DINAR MULIA LESTARI,1,0,0,0,0,1,0,0
PT. Amory Multi Quality,1,0,0,1,0,0,0,0
PT JAVA MINING FERTILIZO,1,0,0,0,0,1,0,0
TUMBUH SUBUR MAKMUR,1,0,0,0,0,1,0,0
SUBUR INDO AMERTA,1,0,0,0,0,0,0,1
PT. ARENA AGRO UTAMA,1,0,0,0,1,0,0,0
BENGKEL MIMPI NUSANTARA,1,0,1,0,0,0,0,0
PT. SEKAWAN MAJU BERSAMA PRIMA,1,0,1,0,0,0,0,0
SAKTI BERJAYA,1,0,0,1,0,0,0,0
PT. Pupor Sejahtera Makmur,1,0,1,0,0,0,0,0
MANDRAGUNA PUSAKA INDONESIA,1,0,1,0,0,0,0,0
CV. AGRO BIO ORGANIK,1,0,1,0,0,0,0,0
ANTARES MULTI ENERGI,1,0,0,0,0,1,0,0
REZKY BERSAUDARA,1,0,0,0,0,1,0,0
KAMPAR SYNERGI ABADI,1,0,1,0,0,0,0,0
SINAR AGRI UTAMA,1,1,0,0,0,0,0,0
PT. Berkah Indonesiaraya Sukses,1,0,0,0,0,0,0,1
TOBA AGRO CHEMICAL,1,0,1,0,0,0,0,0
AGRIVEST ALAM ASIA,1,0,1,0,0,0,0,0
LAKSMANA MULIA SENTOSA,1,0,1,0,0,0,0,0
PT. VIBEST SUKSES ABADI,1,0,1,0,0,0,0,0
MUSTIKA TANAH NUSANTARA,1,0,0,1,0,0,0,0
AJE PRATAMA GEMILANG,1,0,1,0,0,0,0,0
PT. ANUGRAHA ALAM SENTOSA,1,0,1,0,0,0,0,0
AGROSINDO UTAMA,1,0,1,0,0,0,0,0
CV. DUTA MAS PADJADJARAN,1,0,0,0,0,0,0,1
RESEP MAKMUR JAYA,1,0,1,0,0,0,0,0
CAHYA TANI INDONESIA,1,0,0,0,0,1,0,0
PUTRA PATIKALA MAJU,1,0,0,0,0,1,0,0
PETRO PUPUK KIMIA,1,1,0,0,0,0,0,0
ANGSA MAS JAYA,1,1,0,0,0,0,0,0
PT. MANDALA PRATAMA NUSANTARA,1,0,1,0,0,0,0,0
TRUBUS SWADAYA,1,0,0,0,0,0,0,1
ARFADA TIGAPUTRA BUDIWIBOWO,1,0,1,0,0,0,0,0
AZKA MANDIRI,1,0,0,0,0,0,0,1
ST. MANDIRI,1,0,0,1,0,0,0,0
CV. SURYA INDAH MULIA,1,0,1,0,0,0,0,0
CV . Berkah Tani Mandiri,1,0,1,0,0,0,0,0
TRIJAVA MAJU BERSAMA,1,0,0,1,0,0,0,0
BINA TANI MULIA,1,0,1,0,0,0,0,0
BERKAH TANI PERKASA,1,0,0,0,0,1,0,0
GOPIN TEGAR ABADI,1,0,0,0,0,1,0,0
PRIMASID ANDALANUTAMA,1,1,0,0,0,0,0,0
BAWANA INDO UNIVERSAL,1,0,1,0,0,0,0,0
PT. Bilquis Jaya Perkasa,1,0,0,1,0,0,0,0
ECONOVA PRIMA INTERNATIONAL,1,0,0,0,0,0,0,1
GLORIENTA MINERAL PERKASA,1,0,0,0,0,1,0,0
MARIO MARAJA,1,0,0,1,0,0,0,0
AGRARIA SENTOSA NUSANTARA,1,0,1,0,0,0,0,0
PT DIC Graphics,1,0,0,0,1,0,0,0
ERAKARYA PUPUK LESTARI,1,0,1,0,0,0,0,0
BIO DEMETER SUBUR BERKAH,1,0,1,0,0,0,0,0
AMINDOWAY JAYA,1,0,0,0,0,0,0,1
PT. TEKNO INOVASI ASIA,1,0,0,1,0,0,0,0
MAJULAH SOLUSI PARAGON,1,0,1,0,0,0,0,0
PASCAL BIOTECH INDONESIA,1,0,0,1,0,0,0,0
PT. Dewi Samudra Bumi Makmur,1,0,1,0,0,0,0,0
NAZA AGRO'S,1,0,1,0,0,0,0,0
GANCARGEMILANG JAYASAKTI,1,0,0,0,0,0,0,1
INOVASI JAYA ORGANIK,1,0,1,0,0,0,0,0
LESAFFRE SARI NUSA,1,0,1,0,0,0,0,0
PUTRA ANANDIRI,1,0,0,0,0,1,0,0
MITRA AGRONIAGA NUSANTARA,1,0,1,0,0,0,0,0
TION AGRO NUSANTARA,1,0,1,0,0,0,0,0
ARTHA TANI UNGGUL,1,0,0,0,0,1,0,0
POESRI RAYA,1,0,0,0,0,1,0,0
PT. SINAR MAKMUR ORGANIK,1,0,1,0,0,0,0,0
SETIA AGUNG SINERGI,1,0,0,0,0,0,0,1
CV Trubus Mas Lestari,1,0,0,1,0,0,0,0
KIMIA KARYANUSA CARAKA,1,0,0,0,0,1,0,0
PT. WAHANA MAKMUR BERSAMA,1,0,0,0,0,1,0,0
ENVITEC MULTI INDONESIA,1,0,1,0,0,0,0,0
BERNIAGA SINERGI NUSANTARA,1,0,1,0,0,0,0,0
BERDI ORGANIK INTERNASIONAL,1,0,1,0,0,0,0,0
GOLDEN PLANTER INDONESIA,1,0,0,0,0,0,0,1
INTI TANI NIAGA,1,0,1,0,0,0,0,0
MASARO SENTRA MAKMUR,1,0,1,0,0,0,0,0
TUAH INDATU,1,0,1,0,0,0,0,0
LENTERA WIJAYA,1,0,0,1,0,0,0,0
ASIA GALA KIMIA,1,0,1,0,0,0,0,0
PONDOK PESANTREN ASSALAFIE,1,0,0,1,0,0,0,0
CENTRAL INDO PRIMA GROUP,1,0,1,0,0,0,0,0
MULIA AGRO HAYATI,1,0,0,1,0,0,0,0
CV. AGRO MITRA SEJAHTERA,1,0,1,0,0,0,0,0
HAYATI FORTUNA INDONESIA,1,0,0,1,0,0,0,0
PUPUK SUBURKAN NEGERI,1,0,1,0,0,0,0,0
CV SUNDAG AGRO FERTILIZER,1,0,0,0,0,1,0,0
KSM SEHAT SEJAHTERA,1,0,1,0,0,0,0,0
MUTIARA MAS,1,1,0,0,0,0,0,0
DWI AGRO MANUNGGAL,1,0,0,0,0,0,0,1
WAHANA ORGANIK MULIAJAYA,1,0,1,0,0,0,0,0
ORSINIL INDO MITRA PATEN,1,0,1,0,0,0,0,0
JAVA AGRO SEMESTA,1,0,0,1,0,0,0,0
BIOPOR SINERGY NUSANTARA,1,0,1,0,0,0,0,0
UDKHABI BUN NAJAR,1,0,0,0,0,1,0,0
KOPERASI JASA PUSLIT KELAPA SAWIT,1,0,0,1,0,0,0,0
KURNIA AGRO LESTARI,1,0,0,0,1,0,0,0
RASYA RIZKI PRATAMA PHD,1,0,1,0,0,0,0,0
RAMIN MINERAL JAYA,1,0,1,0,0,0,0,0
ACE BIO CARE,1,0,0,0,0,0,0,1
SALIMAS CITRA KENCANA,1,0,1,0,0,0,0,0
PT. BAHAGIA JAYA INDO,1,0,0,0,0,0,0,1
ROYAL AGRO INDONESIA,1,0,1,0,0,0,0,0
PT. Sinar Deli Mandiri,1,0,0,0,1,0,0,0
PT Buana Hijau Pratama,1,0,0,0,0,0,0,1
JAGAD SUMBER MAKMUR,1,0,0,0,0,1,0,0
GERDU GENENG SIDAYU,1,0,0,0,0,1,0,0
PT. Perdagangan Indo Mandiri Sejati,1,0,0,0,0,1,0,0
POWER NIAGA SUKSES,1,0,0,0,0,0,0,1
MITRA TANI SEMESTA,1,0,0,0,0,0,0,1
PT. SEMERU JAYA GEMILANG,1,0,0,0,0,1,0,0
CV. Semangat Baru Agro,1,0,1,0,0,0,0,0
SINAR AGRO MULTIHARA,1,0,0,0,0,1,0,0
SANTANI AGRO MANDIRI,1,0,0,0,1,0,0,0
MIKHA TANINDO MAKMUR,1,0,1,0,0,0,0,0
PUPUK KARYA POLOWIJO,1,0,0,0,0,0,0,1
BERKAT HIJAU SUBUR MELIMPAH,1,0,0,1,0,0,0,0
SANYO TRADING INDONESIA,1,0,0,0,0,1,0,0
MAKMUR AGRISARANA,1,0,0,1,0,0,0,0
AGRO ANDALAS JAYA,1,0,0,0,0,1,0,0
PT BERKAH MANDIRI SEJATI,1,0,0,0,0,1,0,0
SUBU GREEN INDONESIA,1,0,1,0,0,0,0,0
